N,P,K,temperature,humidity,ph,rainfall,label
88.1081142134952,35.00807629004562,43.602165739871,26.881129432782426,70.29378886807699,5.744237172598189,214.0269726997695,rice
81.77432555809546,39.919354443979415,35.905389147646815,26.758795949725656,86.66675161257369,6.2231107441464255,245.50809801949305,rice
89.76859529097086,35.87539617816046,41.770003763595994,23.082234798342004,87.27070180784364,6.182525931154812,204.1768355483243,rice
78.0545186470798,45.86819842563534,39.25825848606975,24.143344355673786,79.88719869707062,6.386308214943672,221.51148802746846,rice
89.20987263827908,42.06794081443784,50.279908484178215,24.18716996723077,78.92654362557077,5.915179545113243,229.40335181112812,rice
96.5155173857531,39.4530522032566,35.96724891057987,23.35103756861752,85.90355672694821,6.460138959921205,227.10935945161364,rice
78.21180098565532,41.114374350720254,40.560091883875494,25.437377193458026,87.22857266768914,6.278258442071139,231.38577723676468,rice
85.68930650878669,41.38777311371192,43.030183484024995,22.085688360288668,80.08197270185619,6.0353695709975215,189.87534778033472,rice
82.19354903748783,47.1757182939251,35.84401064467243,26.936556709182963,71.90278137030518,6.082790239504979,215.12672155080767,rice
90.97946777986463,43.4138875830057,43.80806672895964,24.302549855503123,79.22588924401259,6.500291558440004,203.97391376622915,rice
71.9879995019532,34.560221372783296,35.58662902719227,25.994321488107527,82.8545544164234,6.441669873923719,196.54154164039917,rice
86.61710484898248,43.00283389104322,38.51513660934285,25.913550475114825,78.0284443536001,6.072931153702225,197.97525633905263,rice
72.8024356149918,42.337467907770794,37.746868767026925,25.024988237455375,84.88447995343546,6.35628591161048,230.95963093264277,rice
83.99544805800387,37.96816810218806,39.617352587649286,21.62533113208394,73.31732516546148,5.737055135675959,178.58672493055332,rice
89.07769711257906,35.65370053427171,38.184819740610926,27.59845659557213,79.86241617363144,6.45813044896348,180.59104307968886,rice
82.90453690975018,35.43989413642921,38.3726412356773,26.68061627491479,71.63607746084591,6.35204827524105,217.48867147346675,rice
78.9396704518927,33.05892229893542,40.346221637026574,23.941014581872395,83.39605726812822,6.207648250933206,260.4560350766088,rice
82.55857259977515,35.08721203541505,40.860523047790316,25.43999336794353,90.15512545144261,6.492288936070103,221.24143836320954,rice
99.92568949043952,34.29393733925031,36.92919264280121,23.14684811718895,79.66114118106539,5.718159848355292,230.00725482465373,rice
82.73332848959251,32.940129786387246,35.1252204102038,25.62702769490039,87.02875940736628,6.898855812092125,301.7866676792309,rice
89.22697621941516,35.25021702384705,29.76617785248972,25.535422924687673,77.12235342813804,6.054624958937111,190.71895082961603,rice
83.56393295855287,45.11670510778069,40.75383312373766,24.682730325922623,75.78607748304513,5.613860969353476,194.68130086419006,rice
84.45141798165314,48.48606358518344,40.625317703069854,26.965479022046114,79.00422640876509,5.785269681754041,179.5988219896803,rice
77.60269414173531,50.21665471568879,36.05734393972295,26.67697840747269,76.58243693147784,6.526050554505986,222.12595543233468,rice
83.40229344388747,39.80433987454992,36.85701906193893,25.89214440296416,79.27009911795533,5.771037982681463,169.744966408932,rice
86.76039676076562,47.579638030770084,40.7679597451525,24.762723347780234,83.71495683761526,6.657100609597389,216.91054879296146,rice
80.80854224549589,45.310185808287464,42.05803090461575,28.071511983991982,83.09940662333143,5.771435838897825,166.90298522376156,rice
101.83946490875874,48.273595459759825,39.138307776243515,24.233625357728023,90.7686657534532,5.81253401128478,181.81609890289147,rice
91.56193330582825,38.10589541027397,39.97541503974366,24.673114202950973,84.0254472927936,6.692618651459801,212.85342456740497,rice
91.56817569142395,30.159173915051092,39.76615167073543,23.313539459414258,74.68712163745823,5.892646671574937,199.47511161792443,rice
94.34220593203133,33.63331495485009,40.1470311644532,24.031661133332843,80.03396143382824,6.5509652388566115,226.95063626562367,rice
98.64146069591598,39.258372739600475,36.65947546398063,24.552282366239,83.45498074762733,6.261800675458799,175.84177572464895,rice
85.92299577260432,41.09549598466675,52.083875380162816,28.75368922256334,76.88053989664708,6.099415823457789,163.9015769421344,rice
78.97478845757244,41.51490401723363,45.78809738026352,23.541832324512782,78.07512135959323,5.448448839591471,204.8760235028354,rice
74.16337299903246,37.458690748642844,35.79106826479558,24.811474891494885,71.45362965186021,5.686534164113153,277.0712840288914,rice
71.86828967100489,34.73542922341773,48.81718493594231,30.810134338480815,74.97060022704795,6.0711128651241895,220.75899985462604,rice
102.63271597293704,35.26308602354446,38.82266633947788,26.554675152123487,84.60859644679971,6.068345375069465,205.7845766177447,rice
70.97606275462618,38.856766028921605,38.721340047957014,25.464339779252512,78.6680366870859,6.365038482890799,241.9005482613246,rice
86.58537914221836,41.68843076031618,40.255145668373764,25.00016878618283,77.67065179874291,6.310772991585658,206.93547214997508,rice
106.35031675109207,47.552103531881166,41.8520634522712,23.473885580610464,75.32553116809949,6.616900033581103,218.27660059213486,rice
89.89746271459443,31.625987262523875,44.451704711479266,25.908840676428724,75.33741589351314,6.034966317392518,218.30709193723035,rice
85.53516134323368,38.597578308142936,39.50325631328339,24.49604524358623,82.91537507261481,6.7150221905476055,129.15025911066414,rice
82.58412730200122,40.84725962258774,41.42077115049808,24.25617083735742,71.4596693051285,6.3147984192999385,264.4115317461718,rice
69.3546136698554,44.14637446575131,38.42307892901011,24.877351308342305,75.6826089357763,6.082940339675443,250.9514047330172,rice
90.94308346827461,48.315095705967735,45.65157706709293,25.878173357859154,92.46360715700675,6.353647605558405,236.08162756910735,rice
81.97497627394597,40.31941991612418,36.65236564815867,26.979167869189705,74.9301782613108,6.473822619846182,203.9944916885875,rice
96.94672035336666,43.604171145910044,48.73910155670465,26.46154938227729,72.56775846608056,6.17656638948563,173.0817734332633,rice
79.713545607864,47.25389647972826,43.06016229230894,23.602139142842507,75.91769580135761,6.2114737325066915,171.67835529449448,rice
78.15436917055487,41.49764546344597,45.54549777331214,26.21752294444888,68.2522629484114,6.306528355160591,212.2690575568262,rice
89.22168091080147,47.7578064719258,30.096456271337235,23.81779314961779,85.54543793676012,5.646441960191121,256.49239501368555,rice
88.75723744954672,44.06360313204834,37.25947042469539,26.62752737993242,88.41082933593422,6.281507307048009,217.38362812000892,rice
87.7575010406736,35.85594272925097,39.29186233484631,24.694954935095282,84.30036318612098,6.549938486418603,176.6561134176801,rice
83.72490789074031,47.11098662876307,36.43077650169969,23.35549996541936,83.21383715098716,6.4955348166698625,210.35992075016077,rice
98.5553980224573,44.11261111631933,44.040736321072295,26.108233002648188,95.96591860207651,6.128193408896885,146.8890477999048,rice
101.36339448747484,37.80304273140724,40.51782613284656,27.619101369721054,72.38644275364645,5.761923475062852,159.5597449807561,rice
76.89980984174068,42.11025570888157,42.5161016455013,25.55254835865711,73.5234046966458,5.391463797178575,211.71213793979703,rice
80.18788445688898,42.205051704239736,43.369377405862096,25.276482864117362,86.56079851225512,6.280223980940274,226.6970382264462,rice
77.8123327187272,39.137865213609,40.944525263953395,26.641056950834837,79.63755296665256,6.3824085395062395,201.62607805466556,rice
83.80106989325307,43.98169140171555,30.43331021894005,22.407055343850477,73.10688761534308,5.383234358053094,188.63467013511195,rice
92.64422577722296,38.63255648136364,40.94939239332089,27.178434993421586,89.96611679360615,6.1758017228458515,252.63795552143603,rice
85.93969191602791,35.98048852562818,37.14687830944607,22.038926974869966,76.67119687759809,6.07469415917395,235.31292811042596,rice
102.55185227789303,33.365528726190206,41.88557184764761,22.918912121684933,84.84818253077921,6.154119672259296,152.3264664858028,rice
94.46862931399853,37.09599657851809,37.43727885580694,22.86049517742062,78.07430033987467,6.349761654243221,204.03880326050322,rice
88.3523524232813,41.73722489885845,46.3391759465352,24.314427698271242,73.13885309892561,6.573527845800195,199.5581225789365,rice
96.36884293468924,41.84021014327586,39.37053985502394,25.69755178809259,93.7060753607578,6.926943185168813,212.18550575668252,rice
86.63394405183416,45.16595275583865,35.940827042716734,25.66614074523651,81.84482291227687,6.309867874010144,183.74888261259372,rice
68.78641156824852,30.049679507241798,34.636556257649886,24.082649430121332,80.24085048010743,6.878030906850331,244.8387911520799,rice
75.1866706133154,41.66900057176459,38.04602446551844,24.43127232391981,83.1119538964923,6.416709890941388,199.3133577576535,rice
95.85128563389046,34.51869651451646,40.03042749933889,30.195347453191665,83.33847845575166,6.70162507731216,212.88288561245605,rice
90.92392637236392,39.72744066691508,39.18204361041182,23.44103520654916,84.58180815374531,5.9019619837849815,230.965934943873,rice
96.06992744534828,41.759350754738705,38.626006078932676,25.90793115861739,80.14796166672153,6.527441493912803,152.3107083472236,rice
81.57680484518981,30.44410242340481,32.823708014909414,27.72772445962782,87.37110989183012,5.948181918350324,162.67114113471175,rice
54.76180585401516,37.39122156192335,51.61799205878753,25.869768542927297,78.64256628370306,6.362778073325107,160.82981188067504,rice
81.96730170048411,40.477491870475546,39.586716871258965,26.58161224338016,84.06787135741631,6.433914106337799,188.31627310973107,rice
94.15771716578759,47.81889734859516,35.34328230567322,23.224608688570882,90.0147060179214,6.133029604656729,254.22037385009654,rice
80.48613573869973,46.98421876609942,40.63113192066617,25.51645764664539,91.38830813001942,6.073380332894541,180.3546539783638,rice
80.42464507811079,42.17120296308707,32.48435645353353,26.274941805302245,78.76737209429353,6.601734431256747,134.58080039563515,rice
76.97702909393747,31.90495287407631,36.03409856145303,25.495331802217887,80.92464024730147,6.111317850868195,204.9856765515281,rice
87.07456005432343,35.159026998673085,43.39287827631544,26.32533194077097,84.3102276259366,6.394786704962942,219.33716702547278,rice
105.75774768785689,39.58194797894795,38.52600055199403,23.492944839285244,75.80642397653298,5.764434874339623,182.00288463322607,rice
84.27906010714888,41.60461661678903,40.245481881050374,23.468929445140574,87.40110738411978,6.4587944353053315,204.97107831620647,rice
78.34025532441994,42.63245401998304,40.9022732199333,22.103745481169906,81.59211846409357,6.291712534226034,181.65961422563575,rice
86.93640260694193,33.01685207076261,46.41369328005842,27.495899970118863,80.48489599418221,6.327209018243676,134.08745807730395,rice
73.2052538652936,38.589861183269775,34.853761497151076,26.428792965261316,93.98377918448796,5.788184848199744,183.61990277131642,rice
87.40157335676129,47.73335751279818,34.132603299808466,25.498072244613883,92.92779310487865,5.621884298137257,169.6463199843563,rice
80.67921261409946,37.50117561829403,43.900486181217495,25.483319439641676,71.35022764214723,6.380393641015284,191.807525048297,rice
97.99936161280064,36.987579825102785,36.94424664110927,26.08226322160906,86.57755889402162,6.356834777377672,156.90368450237855,rice
90.48795128726816,35.035321351962885,41.12932533562366,22.15253112920188,84.67793288525839,5.9176903834924195,169.59700851679355,rice
92.28096539212048,41.15989370404841,37.052911353314094,27.902357698042128,79.35608547058155,6.211237685889827,218.47077360187592,rice
78.67940747188814,42.26145420831966,37.439428733609326,24.17672335556758,90.17585583882004,5.835794881620648,133.99741957572104,rice
101.43155734912132,52.23677417251361,38.054707525843206,21.12632391875963,80.13709614282433,6.099821967555766,204.0173990077989,rice
73.64344197239714,42.78189348388709,42.51763540137321,22.011188760361385,86.19518039016933,6.918439743681062,215.4167504717674,rice
81.55928334690124,39.3183845708439,42.95323248144909,21.538656788985563,82.98634421786382,6.063337617688017,268.20648790811543,rice
83.22343811518942,48.00586053337369,34.702044650646364,26.174518333605583,83.91640158274737,5.895833463247326,215.58797761106362,rice
97.36769213568232,38.445799819424316,31.878579283985136,24.964874347045107,76.58546143124492,6.080180671467641,207.42998525491868,rice
67.60234739664173,32.244839971260745,42.31392081052252,23.95456260766064,66.6115339490766,6.4746954128128476,218.57964729113854,rice
77.71847679482786,33.67921498692044,44.01187790230882,25.69870124512086,96.29561369610444,6.347066009553728,222.21264894975346,rice
83.29733511289264,43.920524162563794,43.000408965991134,27.50345001713039,78.8720624881763,6.047607384469614,194.90825011627263,rice
93.06617755602569,47.192197313424316,37.797565632883355,24.150452544413817,83.8844633432188,6.113983474995485,239.98969007390653,rice
62.031871635685725,36.03181577479891,36.24440159698506,20.35928797522771,76.21816933378717,5.879695359453926,203.66520338265684,rice
96.35225209493468,38.82370887428463,35.052094142698465,24.886090917572943,88.2950417286481,5.858414414359784,181.31689115647436,rice
90.69719938459708,38.93662664449216,43.107926515405474,24.972706416409405,86.2099818885374,5.837722660085776,209.61933350016957,rice
82.8509618534958,34.16372356430017,32.495305850230295,26.371498070549322,79.89428570669213,5.842201901423435,206.97036348691503,rice
96.50579234496288,29.05245834221477,32.816134288464035,23.154227116209466,90.76707320032197,6.298905444021754,234.17049307452865,rice
73.37035862491246,34.62622779870147,42.14950584026901,25.116548661870894,85.29243291318475,6.1343151531750415,218.76152738332075,rice
86.61281466603211,43.73328346760764,43.87363975333346,21.76025601121646,68.51638866795487,6.550610889178028,247.413340437751,rice
74.58964520096396,31.072790048580984,40.475367140834564,26.861676452701058,92.78556713460588,6.380704150235508,198.2909240575506,rice
75.8900676598344,40.054966200019145,38.56352942135077,22.969864188542367,94.29253390517972,6.824808940725246,245.785533531996,rice
75.6073259423469,44.10409275662694,43.07020676558993,25.885091248408106,89.49799160226266,6.422379900001447,233.31044844358658,rice
91.49644409039654,41.63579875841011,31.43866657737192,25.167242154821114,78.66284824690524,5.752055664825993,262.97722350797596,rice
102.63575247703417,46.52425888141894,41.2250244009082,27.701250241905313,82.07231908361095,6.270979046914223,175.55565183044754,rice
89.04931130588817,40.2898524564372,33.74726983919457,24.897605776366806,81.52162261685915,6.829146408325624,238.1677198481724,rice
85.11674347873296,41.1941790870452,40.21221941490015,24.594172030408906,75.50543681567028,6.147131842837575,186.49790491544582,rice
72.24678150298391,42.45386470982817,41.87807036767953,21.426584977263843,81.26389217502924,6.548495485064973,243.36554777523412,rice
95.46353579742943,40.18678339312701,35.943782425748076,22.832602345283878,84.06762942850214,6.332748012027807,250.55093001555957,rice
96.21979243348925,39.365302448650375,34.027811781467825,24.361786805978205,83.30338716886315,6.129270864113709,191.79633559555384,rice
87.57942511269297,37.58100284122907,36.985282798118206,25.62290566860688,79.58804451922477,6.285436536142424,218.60592671984188,rice
73.37782418886594,37.690042605446024,46.90132931159902,22.675840974531425,69.30007330617681,5.548354196365121,210.91696331716508,rice
85.31535623593354,39.43546789395942,45.82811117885681,19.654331133794123,84.37560324658494,6.746503370631251,174.47490590591102,rice
81.12597357974307,36.38611879730262,35.707138978827864,24.34747598995392,90.56491170210703,6.843085336420632,199.41791441123536,rice
104.4316141834576,40.1707670895262,48.41771692816519,24.81340270069302,82.78634695627687,6.327916065424993,310.13389090007735,rice
93.68311286341685,36.605130256232975,44.65118977732412,24.276334925831318,79.06149890259275,6.518010475962239,210.9791960147913,rice
87.84147432802042,40.067129064953406,41.61559900770609,25.849931794872298,70.37819840376751,6.433300434013337,179.06638827534553,rice
70.28854881729401,39.71962602947833,40.40310881590938,23.61298767085544,86.98619114600784,5.730238691770182,197.1812719136644,rice
79.0342838236834,39.77638110237117,41.33854856630675,22.98421410075291,86.34569606473737,6.222050828917145,150.40369302067484,rice
65.02236730795028,39.94086739393931,38.9393568746255,24.793159772850732,81.8321052608187,6.278945943828563,239.85096271022144,rice
73.6667300106409,34.374536354076184,34.752045482140566,25.577833334337413,89.46968427187868,6.049031196616172,131.19645490897088,rice
67.61927280137417,36.00142373057915,37.322901340022966,24.183222745490546,82.2314867378855,6.090888784212144,243.05419773211733,rice
78.10462348205004,35.860873794517396,42.29860258489821,21.92871586014776,84.33815023192001,6.235893614304193,205.35556156757772,rice
101.20041629292248,37.013404262585354,49.889431218515575,24.549137101543803,74.33790133017862,6.224471853348189,176.0982761899588,rice
77.3320903523023,41.90575984007436,42.6667940255206,23.755664599491485,87.9244308702784,6.605127715307397,255.24350533174368,rice
90.40001675268236,46.54445781801135,30.972167545724524,24.364186902743075,76.79796846205944,6.241729051394588,191.99934959530276,rice
83.30519001211273,49.03443942497944,39.18534497718218,25.82758463438043,80.60638402045458,6.226499650784892,210.18952543373626,rice
89.57290547292622,45.593476170626445,47.90749118849598,25.619240163818333,85.53728131621361,5.797197421785052,207.23188261390794,rice
94.59095254181261,44.156649464402335,41.01572671741624,26.772787919135904,84.94460025396292,6.620107190390763,219.114813444149,rice
81.37187718117545,41.612038033278516,25.933146995906675,25.765771472770098,60.109523048711296,5.596787807408104,224.230710929641,rice
89.87079924012131,34.42034185532833,36.58191019898109,27.741081977228262,79.09581921056395,6.985022109341045,209.9395246249451,rice
89.16196900418892,47.76099711279332,40.62893015772841,22.995312038618398,81.34163528983426,6.1875362423334686,167.01063795565068,rice
82.3905128723236,36.4374779488123,44.43691723449968,25.06922374837051,80.30322550511458,6.1628363242820985,217.02834357979424,rice
91.29150483683576,35.20138130238697,35.00037936341789,27.20935843080506,79.52597876677162,5.704105267591094,223.9801003455678,rice
89.72637202153341,32.65256676516781,41.10151223422531,26.47116618485675,84.24631871023757,6.421193519316488,165.7655234101414,rice
88.3766095809612,38.547425154541855,37.682607238121705,26.741111218839453,90.87564706404538,6.8280295191101255,251.41644795243602,rice
83.88071134737213,41.69305678252645,43.68074978456437,25.242355898598923,82.78458512746927,6.488313596156664,208.13259665018313,rice
77.56127324898866,38.01052928398788,43.042769813121964,25.005986582399913,84.04125986121002,6.434527734770767,198.1924939187253,rice
92.71373126902402,41.81844449660029,34.0728971828249,27.884609582372487,78.9955315374585,5.620716629885186,177.08112314803148,rice
74.58533936108111,40.25043192955616,38.685517573378064,24.326336064718813,85.71821179289488,6.318956376417447,219.95550792529502,rice
89.18025026475266,42.957446406410746,29.881823959468274,24.271123495471077,68.91873961306315,6.212620974379228,209.8540613749331,rice
95.66442920285473,45.70064508506138,40.97332023161136,23.9992778452062,84.91096667527442,6.01522882693649,209.95613147953452,rice
95.05859043299984,37.32269753925077,43.867257468364,26.354802737384606,76.27124909721508,6.540862944876091,232.00483987920242,rice
86.03964405120111,36.34084740146727,35.87581111083726,23.924674846193955,85.25556677975176,5.865531191409511,223.7816358315259,rice
63.82420024009447,43.89802964403022,35.460520569210836,29.890260290117833,56.736106066877795,7.015205098271546,86.91049077833782,maize
78.70054726214367,45.639078732296305,36.867852636419975,24.692629791275966,73.72430108874475,6.3402350995213475,99.4359907952854,maize
69.2006959180828,44.67464002943305,30.49775728038108,25.91004744069504,73.6707557415592,6.472925337062701,82.48970734152515,maize
64.96844733238866,43.76181967081754,28.310264109169584,23.174244026562345,66.36071627665481,6.961654619209488,120.81743848067617,maize
69.7207342343619,52.75062084588537,36.02376041768692,24.69750470650725,67.59556671035692,6.521670769287986,86.40754550155579,maize
71.32500153455997,37.45020783708621,28.516774149407258,26.306489766562454,63.33979945948572,6.291368885120342,85.10844674072021,maize
82.15439027624065,45.97396529234255,32.24456926610794,27.4525859112979,74.4751130178898,6.673094829362999,97.41420976963715,maize
86.1776399713243,51.10253630858438,37.57921654387302,26.196694094149766,68.11796344007901,6.115931813908535,93.93422024995972,maize
62.79767425986101,40.7091629423247,40.47497328479397,26.680440325388396,73.92438973811518,6.404913965709448,70.30882727372122,maize
72.83606522636691,45.5509690050991,35.331752608628044,27.267360957513404,62.832377449979326,6.623212065131024,72.39500384470877,maize
79.05285550239432,45.01678617100244,31.850783979205026,24.528341275650295,63.89494552090867,6.405445704732016,107.58460083891296,maize
74.11398597922908,43.68296100504238,26.190705978037407,23.211585296041044,63.421559453261885,6.259951563338175,102.6167718155669,maize
73.51556002143403,51.95759894631856,35.25915946301154,25.074455672843154,64.46722131372499,6.5013286880675105,106.9146362888857,maize
54.12350345923903,34.19165298003114,32.718682509564324,25.02905576387514,69.14062654858408,6.665580519309616,80.10086461077273,maize
84.17139323917586,50.563055177024744,35.77304289134057,26.925315144973684,66.63587158059278,6.303480940625991,93.89716469725006,maize
75.9955181032081,45.00723517247423,41.186405003196214,20.098255742919825,56.49389497904258,6.0845253507689705,80.36842674349774,maize
72.70852647210573,36.860441502025544,30.86233626429453,23.27831664295286,79.74454455245535,7.130609681711501,79.75019492452073,maize
71.72775038723881,38.79429841518321,26.98585226445388,24.76623962718295,59.01288810053585,6.470302313918297,64.59737542469566,maize
68.14222987520768,45.802586314635285,36.538080310692536,25.83494391748403,57.07706609505777,6.7991400055474465,74.7973008683264,maize
80.69572123146575,44.942551146261756,29.21917250387262,24.367604590837622,67.19218245238261,6.71453788316611,83.20240430758366,maize
88.78601001540947,50.44055816332742,33.92205271112104,26.50024362427389,76.60276091112912,7.186169610274059,69.34300151951315,maize
66.66120199958564,53.018561448362796,30.555219586481925,22.35491773341664,62.082835215805716,6.647079348316105,83.69444199070853,maize
69.14492741634967,41.35925270668765,32.00818432946662,23.240980742682115,78.68979726365637,6.604128874914944,96.30617794366042,maize
70.59830278692968,43.995833943195336,32.00307327824451,19.696583330161594,56.731944338912804,5.866283462006862,56.315256831117004,maize
64.24176923131708,52.154760668660806,34.813368095641714,27.581127524642348,67.46589546140525,6.773895589000306,73.51356330986667,maize
79.71555858773404,48.93505686400147,32.57808137261849,26.11908074123233,68.39712655144899,6.307656582604471,70.68470248854481,maize
64.34284501291555,45.4671299263759,36.37344144891512,23.41494833908417,65.1595120479566,6.69968796264847,92.88193161198258,maize
88.9669210811024,51.89569649386944,30.794575982422515,28.367172419076045,61.81414097266571,6.86570548435905,85.86682948215139,maize
71.2906555938873,35.23843695721536,34.279429057091335,21.881233529388783,70.80379541505664,7.030877429998736,74.8393848864672,maize
77.71773668267345,41.08288578115693,32.360364133425485,26.548989407730744,64.76877042893952,7.108876814675854,78.85153589653775,maize
83.9940269922704,45.52603242997202,38.34226764092578,24.10568468534011,64.70264697469051,6.459575392245373,74.34027178571621,maize
80.95873381123577,48.51134463012317,37.49292971860338,28.073931307835288,73.69606880741782,6.368769358552803,89.75641706003577,maize
69.38759379667609,45.1261187070186,32.481052313700765,28.2401406182721,67.18218890205777,6.423689805163452,100.2186367911688,maize
55.4644613118413,34.123845987727435,38.34252235192305,25.120936896234735,66.50267780156456,6.035761363838508,84.70377018665783,maize
93.03158469361207,49.450677946897656,35.71276748959981,24.121892179790123,62.63256288878364,5.754780738779994,88.2849153667448,maize
82.6093479763367,36.49165563327868,32.22204905231137,22.685070735533156,59.20789283114742,6.518718569387665,58.423872523896954,maize
80.52843394521358,49.07081737764189,33.94536913024497,20.038582980030917,59.021488243985665,6.931515676935944,49.5805729207107,maize
71.87228929025832,38.6279957962768,38.37919526665631,23.64977209571308,67.42372412441367,6.697911146709183,108.41187945655776,maize
73.17352250692167,47.0306395959621,28.76276698766477,27.380827126587487,60.43694691157181,6.303736042569289,84.71634061567256,maize
60.93404089194135,46.235358156216265,39.06335834628504,25.585867646994583,55.46661461492765,6.456666746984619,94.46086851298851,maize
58.09810110630683,39.196263525384346,38.681483137142386,25.540190868394575,67.47182949276052,7.150823182668159,90.97404792595408,maize
80.92099209389862,59.63802584697896,34.10202085601994,23.404234472763008,67.56677838948279,6.653646860286114,78.28437875268584,maize
65.70842682400637,57.47315987928642,36.372742575629694,23.53542923719585,70.49558181367759,6.461799196953533,81.77576155944764,maize
80.06045584723044,38.02383575154887,36.481034256452126,28.825909615463505,67.79706597318386,6.368325763675787,78.53440767453992,maize
71.30694023989402,43.628601538541986,33.41321256241526,26.832622882149135,54.600745380746105,6.801700017644247,80.15899680443235,maize
78.39253007125835,38.91426528491534,40.58025048076763,27.491269920343747,70.75754315450044,5.969835828472261,95.57129365609217,maize
78.64369578872137,36.331535265484135,34.89795098816258,25.729068978066525,68.33645164293891,6.562041478432099,88.7132005648041,maize
88.26250253027786,51.62058311351767,22.95836919411248,24.365122890324635,64.01209383473629,5.88676549954556,86.20083399246198,maize
86.23881995169455,39.13253355821081,36.412883942497466,23.168353045407123,60.96852785792194,7.017087771959512,78.08238779357423,maize
79.15991240109562,34.895422173270674,42.821733757858496,26.205304892612997,63.90500094409843,6.7014412784999635,67.02480228091542,maize
85.64277667577392,43.25048221231928,34.14290803679658,24.01668877006903,61.51609158352649,6.743134714069943,88.26281233882884,maize
80.86573327262735,44.95250867677792,37.15543920652416,24.162302512149925,78.37839104845729,5.951224354249326,101.07695087542805,maize
87.31116705648874,40.398342447785794,44.36294916433509,26.990980565890638,70.82683404093747,6.5098077654590565,82.23036648271187,maize
73.11532055664352,47.108865220125395,40.88498235514236,25.36262843572284,59.53133826117626,6.7885494718347426,96.7446720165336,maize
80.89193575603008,49.025694095234904,33.86210185333721,23.14202166573884,59.79083941615532,5.92758786303975,88.02109479721086,maize
74.24896095096065,42.62406639553957,22.586400937750707,22.505365060611663,71.725043908419,6.267380899977904,89.59754389012473,maize
62.4838311302227,52.76900960473985,34.39508382777036,25.58008079296707,78.95467875129012,7.030754035206291,81.09128832859001,maize
69.66101833616676,43.24205693779453,37.14157264360145,24.789551731498257,62.62853512997917,7.0135134377481645,83.54382387983257,maize
95.69630183733588,45.490009844261735,42.498337255743856,25.714638845421252,70.77776343949668,6.246386131968796,74.1145699120105,maize
79.13735359513488,50.338187509312704,35.169077308401945,22.427213329832604,56.83844980226404,6.000502259234816,62.4628180600229,maize
75.98536823502378,51.075237177223336,34.9436536949158,20.479170485324296,63.85543723799271,6.443020351178587,111.72398406537435,maize
61.88575878372399,42.89034094596434,42.16458125828717,25.899956682693094,68.37987844109855,6.540104552958358,89.20678011788013,maize
81.99848577250683,40.628773877979064,38.68784603141444,22.253993966228922,66.97020783698923,6.562559337150215,77.14226312555063,maize
74.79583252206918,41.63828317560601,30.498854427180675,24.292770516772713,58.37606818777003,6.612979112432637,70.33640994955736,maize
81.40779320691946,38.62001303318437,32.62156135455977,23.75079318356964,72.95088037324903,6.6156014809658075,82.30039401755897,maize
79.4884749696275,33.62116132441969,34.81883892350819,28.995028355609527,65.79407903841603,6.523769609209268,91.988636840438,maize
83.0604471898291,34.213679858394755,27.93422877647769,25.420582582172294,60.71074062861494,6.95920884177697,80.9815265289634,maize
57.589223378581934,38.152724849042414,23.451360717551584,24.531748925434176,63.8696952364137,6.351438051576336,98.75570774762917,maize
85.78667852865024,44.079902513877,26.034286596597205,26.234563160984518,68.33216137105146,6.608287049554931,97.51386680367848,maize
64.51654713185064,55.84727908539975,30.970403436804155,26.49844585440171,54.87591383351989,6.174407359455483,104.33370024574803,maize
72.65190159299235,49.53558206771711,35.995212632620834,24.790083687999655,73.18310194959614,6.417169411371835,62.29558912856575,maize
67.77083917243465,47.97643533498915,36.66113824672254,21.865883499529122,60.65394488355079,6.296397527779214,80.34026267504363,maize
62.616777702586035,41.60679601615482,31.939835961909985,26.54306651952384,69.85472786594147,6.448966339668915,80.00149260264817,maize
76.25931880835202,40.5904944197399,30.183305254896748,23.119557582148566,61.19112101617126,6.092784170072705,87.06625937805165,maize
81.56744106405337,36.4296691756895,35.10554058710734,24.56012840946733,67.04905211322082,6.495471431163744,66.4666091808717,maize
63.63849631028551,45.15888730815885,39.320879862931136,20.571625257913993,67.07435947880948,6.916367701850675,83.04892007837078,maize
79.95182246423796,41.20342696315187,34.498661963037115,21.758172963383696,50.93394014948676,6.829968030428846,72.44131467151337,maize
70.90024939496912,37.51321183234096,29.07812724704772,24.65232459981077,60.622536835186125,6.632289849298145,90.7698648419898,maize
77.88764681692146,46.288444271013596,41.62662646071392,22.864812461910226,64.67039080278249,6.896441437181856,101.12288256905997,maize
62.204127155898846,43.313280615058304,40.70410860264249,26.01615821039813,66.17157818887864,6.42381035729787,80.10653819722624,maize
77.59397156781291,43.63717972508379,34.821169791613336,25.157197412230076,60.931570829039,6.686245280858503,122.1566192672966,maize
59.00712024606533,46.74966763062589,31.807201627800595,26.1548051550385,65.27934483996717,6.766649170914862,99.98770885048694,maize
76.73179005991364,51.11308235743656,25.153948846087555,28.180904595832047,67.25037291135403,6.877245174510813,69.4465842532706,maize
67.52307106555197,45.788066788381784,34.92844086478266,25.56613717601998,71.50709096557979,5.882172889644003,97.4161931643957,maize
75.07453718962134,43.89957794992744,28.82131601558346,26.00609733675373,50.51535289381378,6.72693790393355,65.97565059771935,maize
75.48112121355727,44.35648827842923,39.91206021863431,24.64268966197222,60.835168633126,6.322689056410079,101.22925530162196,maize
79.82667272262805,42.91759809977493,34.00692503614904,21.865645818829105,67.33084520510924,5.884064502306587,94.58540493940207,maize
76.1575943324214,57.88953971769918,30.379430674357916,24.794675817918733,75.78972620553837,6.916986374101995,76.12329634235628,maize
77.01570685536103,45.01079652464147,36.18421464305546,23.60263912803034,64.46407758379559,5.94068166865315,86.72282401131804,maize
79.05018606079649,43.77193517172303,28.21678625954389,26.977063725702926,67.18715022795682,6.245894715804658,81.42234430281468,maize
61.493975374963455,39.46278530999932,32.741192345300014,27.4568416245603,61.16297965467515,6.724074780765066,78.13646841351486,maize
77.23152804766687,44.23646428842347,38.66683772038952,23.930377323562883,55.564830499985355,6.0163178390227285,78.21856195222985,maize
63.758460263897526,47.21514488466958,33.043773707596074,29.749213100052863,54.573712429177206,6.57127161254843,70.61859895030273,maize
70.5593879365559,45.76366515603894,25.233440225527993,25.473652233576054,76.417444773645,6.341296595570992,88.31255017427024,maize
84.22429523812859,44.11465109985422,32.55996720816777,20.448527192556497,68.84594431636984,6.460391056594886,72.08828089480093,maize
76.13937039249925,41.84812607324662,32.78061024931479,26.212582312217418,56.969705532056935,6.866560350125815,67.17950142024036,maize
69.03568732480262,55.38390944795952,39.734889998898176,25.19520798499088,59.3568187069927,6.314754692655037,85.93426026096763,maize
75.33770909105638,44.5092969800198,34.87050344084643,24.57124978058977,56.34812758615992,6.319221240243708,96.6614566883323,maize
62.68499132203994,43.9764002376879,31.557033499162454,25.222700858796223,62.668200913599094,7.017087782741134,91.45893521592573,maize
63.1937715080051,48.624631262713976,31.746462203699334,23.84600725724493,66.88291412064274,6.327888403094453,96.38391165811768,maize
68.02940944637945,41.65768861600664,32.24324224709794,23.868722503289924,71.59514933328688,6.720078702763606,106.8017854136539,maize
95.4087978350933,39.434128027565365,35.29576033477461,22.647599366713134,60.334364433510395,6.279471121410515,71.521275354737,maize
65.53301454391428,44.22086435599062,29.889782642777092,26.684253918275267,59.493478775494914,7.483349139533737,79.24484825020396,maize
75.64815877725347,38.00515760388341,42.16558538413609,27.239001361605833,66.78149522441667,6.0286191079271525,87.68600269098891,maize
64.90712058584471,52.896718422756145,38.39861787378332,25.190878076975473,50.38174602051606,6.155804407469339,93.76895442789838,maize
85.9159532255084,50.98951698205751,28.313545390585887,25.60310461362581,71.09309129889758,5.919582552046214,84.89921742899124,maize
77.46458158477611,43.37587124182763,27.220920207314954,24.348603779852542,63.03616741846986,6.448174658408286,77.81573932583036,maize
71.0128906208268,44.78558607532632,36.858309340872786,24.391146474286664,62.542106429791986,6.53232391338906,60.50832194483644,maize
79.29331614503812,44.99695927553602,35.16671281170976,26.921468615188928,53.28310681971051,5.809158145549363,88.49099902787488,maize
74.93594830384336,45.91895549323643,33.05906628427573,26.328707348479863,70.59583305794672,6.669393802883034,81.67443715534156,maize
56.03079551147037,49.153875523400494,40.13126039811389,26.28911682396796,59.72214543579496,6.735828037783715,95.97175377650842,maize
89.02934623019178,40.26900640916903,34.048890744914615,26.49454410228691,65.34446042862895,6.108935339282054,90.28635763409046,maize
80.2079547043365,45.47499964018741,35.92225669415576,24.48258819662854,73.86967361429636,6.184757735700563,77.51166027476182,maize
75.09886962174772,49.74635174958482,28.711032685602945,22.379406500469123,52.7736289535917,6.511443328838645,70.74160083061656,maize
71.53904900983875,48.571442225415225,32.30552057271204,25.46256404548673,63.20397255348967,6.735240010283753,91.05788285868711,maize
68.7725967344285,44.089280531637556,39.38372227042608,25.786753740508193,56.61822765349321,6.7294663214099835,71.17121456393797,maize
87.71261762964906,50.53013373514153,36.21751899885729,25.31446568687239,63.74580646383548,6.73748338299001,80.27257833935872,maize
77.12012883575905,49.70844557920503,32.64041251719252,23.76761452001861,57.833807115653244,6.12743453885584,61.687959779120845,maize
81.56845910113977,54.76813852724696,40.98638156257528,21.74783102274697,69.3491280293372,6.997737222473245,79.17567274558203,maize
75.91302687585045,34.15737752565478,36.120291905501894,22.872880541130566,66.19781010746908,5.953578977233892,91.92144236208935,maize
84.22061407884021,40.7708287467381,30.224925158076175,20.68795391490004,63.40151879554894,6.296442123001438,65.2245024925623,maize
79.07716880680954,42.570159937930896,30.481908973690025,23.890855188719105,71.42782723357769,6.711027930314327,83.34216771589425,maize
80.57194516618367,38.73107543551161,35.135954423053526,25.294644660972942,62.18098094900764,6.652410417585096,75.04947345328324,maize
79.58838636998506,47.980037366268974,22.747928501072323,27.380611407020236,46.714204607883474,6.284382841055356,98.07318743678638,maize
72.14441947272803,37.08259569466448,30.406304340789983,27.053811492641238,53.47097281670817,6.895146885336706,84.29744823721082,maize
64.26844202601809,41.851178609565466,30.727657767373106,26.732450401717056,69.39456685857704,5.898293603143384,79.85420048887849,maize
67.2313290389015,51.9849538296806,29.32958370386903,28.20845820937003,64.80023156289838,6.093322957766969,76.3647541538817,maize
67.78543043308395,38.11706062911627,35.398272810867574,22.544168898616313,51.91780274757087,6.367113235203139,62.013583495671995,maize
68.23055218739232,40.09084440154188,31.34089249749158,29.001926203180307,65.33846940301743,6.585879853148366,62.35092172163574,maize
69.11433179726771,46.16263420168416,30.696978565765374,26.81612568703597,57.78382048459382,6.399771852447189,77.52784159031162,maize
76.47888593443724,41.5413536119807,33.862246766302064,24.52773981644403,60.593673455652194,6.66978285397399,88.03945177917717,maize
74.20247449272149,42.67552499930542,38.345484928183986,24.528331512371636,63.15981627304438,6.536641510460844,106.63148020787835,maize
62.936794127809165,49.15722722249892,27.04868112279996,25.434546316457247,74.45049696565238,6.671033983563557,87.17546975138235,maize
69.95595478077232,45.167654882638196,33.941336175305906,23.42804678413729,63.26074630715078,6.569433406219254,75.21798237623433,maize
67.74346361383785,37.65468543700226,36.64104510957336,26.090646523934122,66.3899626654191,6.837809672455033,86.12031237277928,maize
78.52809843629181,46.640722098442836,34.61553191844353,23.938356343740704,78.28491569475146,6.341817157051272,76.51005918321444,maize
78.90608841105096,46.36001384259303,29.099875500036624,27.245356509127475,64.434832547895,6.111174116674498,100.15699745801189,maize
80.63108014436538,38.171473243481266,42.46416792908244,26.317594736732385,64.93882330624972,7.056576581967622,87.03104674382791,maize
74.74725232406371,41.434379373481256,37.44377184508973,25.95320593464796,65.08808083933826,6.223504776146339,86.65660564061744,maize
74.37181092814076,37.799238678835316,28.81838812443842,26.13030675761954,49.38867010968987,6.571893684436441,78.90444101363873,maize
86.77421946191919,42.33527167056907,37.76983369985796,24.206172317524416,65.68248892091687,6.757892785822018,79.10241461686161,maize
83.96899396048563,39.63403146362499,36.23728993874519,26.845279445575706,68.960224950742,7.170755706857394,75.26614870428908,maize
62.58765673786271,39.63059041412636,37.773858779503435,25.99584586853876,65.6135399578845,6.1069650328125045,94.77755798994552,maize
63.97765700114513,51.258327744835256,47.001241377187434,25.732902293143102,68.49864881394646,6.327499080886554,61.91978015614309,maize
69.575525732728,39.09836569806676,28.922580779056933,28.444719883991297,66.63717510815464,6.632890653214894,81.05996484374782,maize
73.44416025800908,50.2085736840924,34.86418410148009,26.061387876049466,63.823974212929905,6.380246488243784,67.06184438857626,maize
57.20025843869585,43.58756573424143,35.23728610637158,22.42773992658242,64.79315080979221,6.518813397046675,57.51089792274291,maize
66.76387806468449,47.19922502617153,36.62564666346213,22.69265016720048,65.95068830299842,6.857842528876165,94.90768022713395,maize
74.1424279168746,42.472927908048824,32.356753165795084,25.935639565819315,66.17062383885732,6.7202914021357705,86.6813911172947,maize
82.36887555312698,45.51079967797158,38.29569260775308,26.741645540733277,60.17284021865112,5.867149583595239,104.67953391418555,maize
41.28329365356131,43.6843930897256,32.00195811168141,23.543748584739657,53.321939013202645,6.820778503238306,78.65859813805143,chickpea
34.76356426808095,49.7321878388181,35.88782319520272,22.780909864107766,57.97805820604439,7.318933315599131,66.9361415516448,chickpea
42.44691969469204,53.28921888852045,35.2633328735942,22.215068360107267,56.290588814914216,7.270388932653966,70.4126703989621,chickpea
40.221085014500915,49.65976849938914,35.28421928386338,21.943964430208514,56.15908947887919,7.772283857499141,59.893215409222954,chickpea
42.1114450956268,62.05184964381237,35.411608039217406,26.67569023834433,52.73176424961114,7.113431227812017,57.21164398729343,chickpea
38.24237632428353,56.64296380861794,38.55447706169247,22.638189668047147,62.55468909600842,6.966762141292565,61.7613568340697,chickpea
53.51992553639693,57.6019684863174,31.9781775068901,20.611472475503863,49.343920512811955,7.327799274549876,61.447321394290896,chickpea
40.63681237828243,54.580842748707425,38.072268113351925,20.30651181423196,48.54656628314191,7.078504057513558,70.85935302582399,chickpea
41.66266156548821,49.65760538795764,37.845436336783855,20.512278145808732,51.8707681312817,6.669616266347299,77.6862938993573,chickpea
43.16710770513674,58.992956279480566,40.23828796879829,27.62529849647745,44.74464337653907,6.741568196693012,58.992292929298394,chickpea
35.745901888086536,47.8879505658155,33.74145713096746,19.56679256942119,57.01025420522448,7.018094412500015,69.69002948144563,chickpea
42.53864225819126,58.979845232616064,33.43168246533969,26.242286805267334,56.40658669889259,6.348130336581322,55.226836478779376,chickpea
31.29748505486092,55.11440855239863,34.488418058976,21.063148604201086,67.06555667440308,7.192144005926918,72.07945902410177,chickpea
35.34463256028948,48.40564371721532,35.15458309620721,22.346014279304452,43.862130597313254,6.9368925420026635,65.13720280801667,chickpea
38.924254171144355,49.63162327851194,32.73395223593121,21.64628161285441,55.54480014166029,7.211677053892699,75.53834799827099,chickpea
38.52826138236375,51.98936910563864,36.838153828844085,23.22168983282171,52.394797400446684,7.27663771693816,74.55095707627073,chickpea
46.45843232829336,66.73691798435082,31.361052217630355,22.027796418665023,55.06766617971196,6.965674251013622,58.66968653380117,chickpea
32.572189983844645,55.611684343791424,31.772906229898766,22.17198696149525,50.23573874980688,6.615119578954481,67.28440901367475,chickpea
40.75460763403248,58.823261010718156,44.18062781895402,22.554579062421695,57.910490602384776,6.622853534896436,52.452652454770345,chickpea
47.91414723386667,48.90503345244019,30.615434899831705,21.921802157566894,54.45884551973567,6.684122722744848,62.02651111754727,chickpea
46.14687858825052,49.680442181710134,29.14657556566208,23.885187241799585,57.95378147162822,6.782818482772968,49.57387159276255,chickpea
36.27688321780718,54.63895071679481,39.89582277751204,19.926836050260686,54.49288071093116,7.236300630963214,41.78264343381127,chickpea
45.1689308396945,47.195826223437514,36.394381072519124,22.49336629922149,61.507518348783066,7.1928235333127395,41.82141770563268,chickpea
36.07610376422004,55.912153853731645,34.181084478296896,22.95522145951354,59.73619933401823,7.212958107750388,62.91081931009396,chickpea
30.7683149443976,51.993823757558204,36.74874622218361,19.819105494899045,58.78764838072946,7.317937654043557,66.23695301888446,chickpea
24.68110066843802,46.564616806102094,42.92199446593554,20.906924413943244,43.095140661226026,7.432336585908596,65.1302170175508,chickpea
45.52470244478863,56.82792725644781,36.925948372091106,22.726018495429035,59.184929871526,7.797100656994634,74.46731177560208,chickpea
32.098303410772324,57.947966000840765,39.79421922603351,24.405401613072293,52.4403701016454,7.407730555815845,74.04548839562425,chickpea
52.86258718484865,50.04998854075983,32.86891757911821,21.387761903080094,52.05866709976735,6.688492737582739,38.063913819681005,chickpea
37.82650263138433,57.43776319401937,32.92846824887518,25.87076236705822,55.08025487629518,7.451860169314448,67.54884902411719,chickpea
44.13203654946629,56.842994255961514,40.74889545399496,22.1118787002648,57.97672424853271,7.128216526777515,62.189216783258644,chickpea
42.02491159462338,69.7469492249047,33.86433284319914,22.838929785706497,62.546673705216655,7.399088648330498,65.1142350727638,chickpea
28.08305648521319,58.410238603079875,25.678208113783178,24.93987446188246,56.01684322715956,7.349885906955196,56.20441640273475,chickpea
32.23746263349973,56.7209789353317,34.858865552184206,21.016918347685667,55.50796768439658,7.968602562211291,73.13662408684831,chickpea
45.247493029316594,60.56998348425215,41.21374100417921,21.61985665419851,42.67143215394824,6.933994853447897,72.91442317246589,chickpea
35.15099802442463,53.83598472677042,32.09456707939029,25.00405850368626,59.49674209243938,7.228039217225386,71.06061280292947,chickpea
39.81375373723937,56.30387146468152,30.022224761764267,17.627116042498866,55.900486782070146,7.113396589695251,76.79032954214743,chickpea
47.85667908041184,65.36199000099305,30.808300908165712,21.295469930100463,57.88200577528828,7.886166637209762,79.43096723621068,chickpea
45.5969858099919,52.440599493374684,31.290561549148478,23.577815766766477,48.39603241459384,6.916547277156894,63.88091499723125,chickpea
47.96456044561404,52.658997800466125,24.755151517995017,23.008889295324938,50.80586888137644,7.014920858553212,64.15462916678929,chickpea
38.631480020911155,60.216247839779044,28.561967510918628,20.96597155009128,59.10422747870429,6.785070328629471,49.314134584617776,chickpea
43.34277671628368,62.41242456091416,34.811020127899376,18.078308803060935,59.2358184801929,6.419039241503109,68.01079294926961,chickpea
35.5626808762892,47.34506071393803,33.1439779282653,21.63340488714548,51.13475049768131,7.206046147375303,60.65082356002637,chickpea
44.90095435835911,56.85574289324696,32.070259732295504,20.268120232335427,45.11502220571537,7.1017566122533875,61.54277141429926,chickpea
28.13902235968243,51.46428183972196,31.2156570771292,25.15135518434132,44.78332832864014,6.495527220093082,75.82220402028057,chickpea
46.78381578731982,50.083112604410765,32.34523954420257,23.232470793106625,41.03740121832814,6.348582210423055,62.26284934170556,chickpea
47.74945283064563,52.12418141809952,35.42393452528765,24.267578545128025,67.64130839966887,6.798103034398091,64.83584194359909,chickpea
49.11027610671421,44.95348478373657,39.315840496326054,19.963368935277483,55.61483420261894,6.915083333409904,55.65938689316302,chickpea
35.084490361708625,56.82433480407478,39.18126517828327,21.740527593622993,55.4206789523993,7.199910923201866,55.52671696312364,chickpea
43.69846254206462,60.40766444059433,45.935230454751725,21.247791618880836,52.25150918999123,7.269138055050811,72.98626564689334,chickpea
37.32456423311644,52.33912633226168,37.27274952051577,20.344831518530675,52.53679607190991,7.031357468578952,74.71040217701702,chickpea
36.977006919102294,42.840262550597565,26.950290636423514,19.48117386658773,47.120993690800375,6.945886234483032,53.40841850242335,chickpea
36.48622520089398,49.89103315911847,33.149866984438425,24.645008663046244,58.9716855365831,7.005645295346602,60.50499376433683,chickpea
37.833836716884896,57.16312670168287,37.45351010807962,20.1847649877988,55.21888453368539,6.2889331509679405,67.06420939566333,chickpea
43.81074620979343,53.151547062586225,42.629413383788446,20.2375231051279,56.304642491819564,6.9874613386669155,64.02209774242677,chickpea
39.42838915997626,55.70689319806252,38.56142672254754,24.75547247254949,54.986498532975055,7.285360625260072,58.15777227389887,chickpea
43.829777263631165,49.97085594274186,39.58077173157015,26.421281754786477,54.267496672171646,6.232609778217407,59.656288900862975,chickpea
46.15937567144652,58.650306794366614,36.045437114435124,24.017336711909678,57.90672063549053,7.426203815607898,73.9643808473081,chickpea
47.6085022636848,57.36805415378128,38.80208948627461,21.38574585382843,51.39123513064597,7.59736867414664,67.1079955941462,chickpea
44.024402829311896,55.81668409511518,32.53663426613615,22.021965785164802,63.615964106606285,7.194334025997798,48.31313669262802,chickpea
38.92377771711923,66.7631390318511,34.102053180230186,18.399042616531638,66.35829331253527,7.238837378434478,64.3173746265752,chickpea
38.14291131958966,62.14352273662546,32.723669719049994,24.296512849031977,58.253171714345534,7.085638673920572,66.41876935202205,chickpea
39.12515981642911,61.901224793381154,31.365560105172296,18.75614974633958,58.68664073735485,7.220933414823501,69.68235123698973,chickpea
42.038641848090194,52.884433502972186,38.307427358419204,21.90888374649092,52.07731863510893,6.8908380407106105,84.70123706306435,chickpea
31.325119589772836,58.298601488352276,27.947736203980387,21.783533323354053,52.39823508907487,6.270240096162043,68.79311650672919,chickpea
38.09980968903902,41.14523813909579,38.52618598125186,24.87001235597787,63.940746053779435,7.125634754228015,65.44906685112687,chickpea
46.640783104478984,66.10373166324464,39.76098855207763,20.1169247955404,56.20806911928953,7.153830650502,47.356234553057014,chickpea
42.34680329810387,70.00174605146397,37.687731896363324,24.94682616288351,56.09748838077223,6.974373586605663,68.7173960532895,chickpea
35.920866760077836,48.63908376425304,40.318479140111336,24.744684685733038,49.053362106475895,7.338799581593853,64.1521402378413,chickpea
41.699042872452154,58.03744302027142,39.17627196612214,22.16543640372638,63.46097197181162,7.108294493915974,71.08579665657794,chickpea
35.83368704231377,69.2471494706519,36.97326467746086,23.4259948506902,45.35088513273075,6.712054291922315,77.06936595720762,chickpea
41.43445559146302,42.36905375012909,39.36081770173204,20.912434391294553,63.46790191526027,6.9692575124887055,66.99589018870017,chickpea
45.894772892958244,49.076546392359226,30.830043407097453,21.607003159203785,59.963036797727334,6.534192961585278,48.7366626510813,chickpea
44.11860463521896,51.02034313705778,33.35265074573481,18.286379196119668,50.92612411388811,6.997351446179097,74.0711841118232,chickpea
36.143849168826804,65.93868239353448,32.12486469844484,20.63381639682965,64.22414531138682,7.074011053327371,59.617758892137125,chickpea
39.22433434409703,63.93028561177759,41.15805184242787,20.366413641459488,54.74539713952535,7.03155488968365,55.38415892246317,chickpea
39.72157473675003,55.03513087898122,39.78887981153429,24.414850056622402,53.02474360984595,6.925116399648716,71.47684994504245,chickpea
37.07405775536494,58.88502500146686,34.6307927530493,20.061202844522757,49.25897972272212,7.506470543610885,63.47489057835284,chickpea
48.20177046949156,51.61000067928159,36.22306184475227,26.78535344603648,48.65567953202032,6.335764925035078,77.54425378005052,chickpea
35.865954473034634,54.863337996898856,32.539143516103344,22.536325561910633,49.29678275688555,6.937020969240843,69.3856994339262,chickpea
34.95845556862869,50.37944540433713,33.540992098886164,19.142369131547444,52.46463410320752,7.0415787889660155,61.104397819512826,chickpea
38.643117535341375,54.86864897201654,32.24587745778428,23.382125131733755,63.615868748810655,6.837466862731593,69.73068275690764,chickpea
38.80191422282677,57.412216477254134,41.57627403105367,23.0173190860362,44.359512767141915,7.158898471006435,77.02042149726284,chickpea
38.89201915000949,61.571189720377696,32.10151472716183,19.028921680955452,55.84701411299584,6.3852331477387905,62.66223262428748,chickpea
46.434211313227514,42.39556482207455,29.62611345716163,19.935935509676845,54.62008084173424,6.871999125023827,78.64157972153686,chickpea
44.77174164545849,58.26880144405275,35.611647320244316,22.786459553969653,49.82810586811975,7.300023623744814,54.15756851999779,chickpea
44.17688496951116,62.82854051398429,35.88563132876997,21.64757388207605,57.40185944985804,5.998468570464764,67.94701763023325,chickpea
39.43323001080096,54.66585445382386,37.967436554170874,21.850462156870545,48.15875886009305,6.950509065211118,65.65866596978803,chickpea
40.57466955790506,56.06866782408145,39.365349988657925,19.827930893931704,56.0542027369891,7.451475394516384,48.087537904862344,chickpea
40.89823340390027,51.13650188697791,33.44301638521296,20.190384993571158,53.98269570579733,7.644439465049416,52.67180397852216,chickpea
34.15194998760586,46.40723183692087,42.25515680383803,21.075320588957425,54.846165637913955,6.859025970612816,55.79187693556986,chickpea
38.82424676692782,71.22440779786129,40.84669786809187,20.294124364415456,58.885444618370116,6.708967029566768,47.680415521249344,chickpea
45.09755458832315,62.656612787847436,39.393419454401176,21.060269501560853,53.99934559598808,7.262417943780343,68.81708636414405,chickpea
38.031812643514776,44.314125987220116,35.47827581539645,24.158019278472228,47.81447026579506,7.223565783586592,68.2325315275535,chickpea
43.750741316161665,60.75503829814545,32.083245983913514,18.766081199670108,51.798882845902725,7.311194561134452,59.71546194062178,chickpea
36.52978338071179,42.979087743297384,42.361119729113945,23.65142728285062,59.61937588764859,7.338703885372816,70.62290652504817,chickpea
38.778355724102354,53.91915691279347,33.204229668713076,27.26948150883,58.335472187796654,6.837669845526998,69.53859354812123,chickpea
34.945655410718416,64.92974434268889,32.22350979761001,23.00217086524493,61.395865778458806,7.134668990471748,65.92108242024148,chickpea
40.05401042428007,54.62748876054509,32.57786634650449,21.10103314046059,63.87754224190561,6.962012178560196,57.33848637351796,chickpea
37.41851201569246,62.26244649260167,37.83754785929081,23.120658356464514,53.45487280654125,7.20067686456053,58.72527903173118,chickpea
38.70192984327113,61.40070961678552,38.67196625146007,20.036180308098395,49.86684128254855,7.038045753484694,81.82979065302771,chickpea
30.42217417765503,56.83699740116533,29.220618007392776,20.73133801294891,52.81342949161455,6.852822079797088,59.79548958832272,chickpea
40.03603530188185,51.467313260238186,28.85767898361256,23.559739225045554,59.517233002893285,7.295111008507934,49.9778386614252,chickpea
41.49459076292075,59.461460448325695,30.668951312553745,22.01834649636426,54.302400128137805,7.644752730498892,83.76383636087259,chickpea
31.678218033348998,71.45991823780473,31.15605197115604,23.961346588654852,60.822987885182386,6.651508420605368,69.80936098993122,chickpea
39.46233127866968,58.65857803057378,35.96882366999863,24.392678970740494,55.452397258876374,6.941244075700791,75.6866262723075,chickpea
42.901979824293015,59.82996840251786,32.20873597651389,19.909474437203052,51.59366714048379,6.782712515011794,72.66544286936592,chickpea
44.87992025147026,53.97614008908616,41.00985987906228,24.73693878753026,56.460393498403235,6.712337879959936,80.35992233199651,chickpea
39.69491324485796,55.83269029644443,33.573658892452414,20.220419347405606,46.188163418108246,7.2215039132450505,57.36183972450795,chickpea
55.29765614498412,47.831914354757636,29.718993605078246,23.020277431226884,64.17588087380378,7.022606379930128,70.57936359682593,chickpea
30.78226291270645,50.52842379843434,30.490813937622217,18.20990830010424,55.70188140414332,6.215010332436348,52.108589330647376,chickpea
37.31403102993291,49.5135134827229,36.664915709269685,22.61116038380496,60.36279247561274,7.263334306449437,76.12292469627346,chickpea
39.990407999954726,57.00288154539002,37.1483575480606,22.283313394782052,52.61683414049756,6.88364511298108,57.02880561628284,chickpea
42.10808414954915,54.37949985103798,32.214670247325586,20.675510361350813,47.73760763330327,7.34259446943302,65.76652227793493,chickpea
35.68599990213365,60.33641514737332,32.64611499886363,19.186998745975536,61.1273337353148,6.812016053651861,61.013233870464305,chickpea
40.20590010174589,62.541088870414754,35.084156621638506,19.60176574770954,58.26326202467308,6.830253596508396,83.4072587224123,chickpea
39.99440139001055,40.248765713868806,36.50093288305383,25.889195584520458,64.45552173127234,7.640834001064798,55.05733819253073,chickpea
44.56076197988389,50.2348360377377,35.94201547755108,19.454095142520536,51.1332654107037,6.763313655922735,73.7609139813905,chickpea
44.00359560834828,56.827010213583414,29.32823004416738,21.37672113210056,50.523301102343645,7.304386514843072,76.48730231496755,chickpea
45.28192793015442,50.01555183184767,23.493960886384187,18.466076203739892,63.52976186849325,6.859560771238062,57.680434971915155,chickpea
48.21330146718117,63.350055640222955,35.1026846320631,21.413193817872052,54.207392723121245,7.079506979435613,80.60046099286618,chickpea
42.11233712118614,59.79179161805833,39.91093445809472,19.660647997951163,59.52917135484426,6.896900935868436,40.46807184121553,chickpea
29.359152290070938,48.28042376397668,37.23113756008884,22.22759913068059,56.10620024305398,7.682830218940342,52.62637625511683,chickpea
39.86283322908138,57.00927445057118,31.907652910538992,22.056653490165882,45.40030399549393,7.49346717604626,58.35425811282827,chickpea
50.15700082389252,54.785669462144796,39.31782497467657,21.89339426201769,54.81553700643682,6.795589733372298,66.16145831132121,chickpea
41.58999347207024,49.823893841159816,34.474813453388485,20.779802267885774,68.79798441768904,6.968594230530933,80.06601347904146,chickpea
39.02188834596156,56.71129843413039,29.45027089908987,21.10585481626427,56.26320802473548,7.555101340835954,67.16433208234365,chickpea
46.918601805965,59.228812127339275,41.83508562575168,21.88191556538989,69.34133626391082,6.830111328980057,57.52699711657273,chickpea
33.949735751554826,70.38476283228326,38.44167980499517,21.331758533239384,62.49413618124097,7.240692264791224,84.169742845912,chickpea
32.260835836300444,53.24862328512592,33.057410187440134,18.052634647182796,61.361963228678164,6.905361205468824,72.21140424861898,chickpea
51.79885967164806,52.66859163393779,33.231157472839946,22.23732833944799,60.92348411790046,6.801650441141447,58.84812442796173,chickpea
45.28594635120683,57.49901953733104,26.412141295379755,19.549216401061784,64.00741518296326,7.140674899077585,57.56858967238682,chickpea
39.14795171382509,55.08736204049102,38.09008011317669,19.28347321028242,49.95430516797725,7.095534514202186,64.02661284016936,chickpea
42.85929591318355,46.88525117742665,36.49994044033955,24.183167238754944,57.9209112828957,7.048689108916557,64.06513487498178,chickpea
35.82574423614249,54.5248092898974,40.29076458209771,21.76194298679975,49.66117606390954,6.827713518932115,66.95829039844033,chickpea
38.13243001409577,58.20300166821673,37.19594379514593,23.777966360809295,63.5413568335902,7.348550553530326,55.89116912455739,chickpea
35.48232776711864,54.499908255365156,33.10506349959446,19.723346546078115,52.349849234962036,6.833920473233336,58.449484537328246,chickpea
38.42105256922497,62.77777561210098,35.8367997732468,26.94361815211094,56.023049116117896,6.898476979121962,65.04029560588495,chickpea
41.2824598922177,57.87267611732902,43.7221875686079,20.309359070044863,60.154276349066414,7.072712709164944,49.681797009936474,chickpea
43.853493910473816,63.36631550130577,31.399859104134794,21.98213226421606,44.64787442795378,6.559417739110482,75.21828838176822,chickpea
37.66791746996283,47.68190036540894,35.963733530725406,20.955175137137953,52.175070053346786,7.258764108986216,53.67309975039012,chickpea
35.47317393659084,56.016927948182534,39.07152112114246,24.476320602979698,51.00962967783026,7.328081938421876,57.35461263866351,chickpea
49.131046734533996,47.517111232229794,40.57961100532527,20.687027786362552,67.0794787287676,7.20696225509837,55.09383883826983,chickpea
37.388807602287464,60.155795954476694,39.42110655398536,21.858568816551074,55.2679496857808,7.265423561425423,66.28503466335549,chickpea
33.53247570330812,49.63437143737481,35.987503761236994,24.430964832995386,64.69589454497229,7.272835297270007,67.80108492010454,chickpea
43.744069429912386,50.59944438863475,34.3564299669155,20.351738557321045,47.50754433575373,7.116742154072671,66.80875473920125,chickpea
43.438262422545066,58.60433808389015,36.01910593956022,23.113233331355108,54.74390142263514,7.1445119883278405,57.92009207380799,chickpea
41.84852962819565,59.41155672288766,32.187338002096745,22.103664197985694,51.25838494222384,6.81572265621936,54.031938787753994,chickpea
46.328874625832775,62.03352215315231,37.25722218775481,25.944391903887627,53.86452582058965,8.061116845288723,62.7815882002086,chickpea
41.27596675878008,52.37466576799463,36.56376735225328,23.671229855772488,54.3165016416815,7.621851946491168,67.33170552517625,chickpea
21.352426930550997,57.909817982793,21.673996298201537,20.73194555838127,58.350561623976276,5.728233957148072,154.0840957659853,kidneybeans
18.682613749104824,53.63551371790611,17.20711416106971,20.896864321047573,65.28000219569891,6.19417878260386,121.16414010431266,kidneybeans
16.775698466813353,67.65543545931206,16.495762143557688,19.760714033971976,56.49374615299844,5.584063900890606,127.55945656615714,kidneybeans
23.443058504894438,72.61798988582942,20.157252264097185,22.553615397730294,51.432263572144734,6.302080631315874,112.922477195083,kidneybeans
23.13554800074583,67.96418173257918,16.051779381852455,18.003920449217908,57.72767500290222,6.197721048445519,121.38650835039402,kidneybeans
13.160288613090685,57.347424933747924,17.107057256236644,20.28538987946637,53.827695014884085,5.502281881850954,96.43971760927536,kidneybeans
20.431269181125028,55.79136414992277,19.536785960112937,23.117105632283632,54.18932157551894,5.927743984556312,126.90848610688775,kidneybeans
17.908658048180953,60.525376411304336,24.653983257225896,20.387595842056903,68.62697015123341,6.15013788689452,104.3430632269877,kidneybeans
22.39845265298765,67.49950620799909,24.083531284009897,19.903308924269965,62.247236400689715,5.978469512138377,121.61844433705645,kidneybeans
14.874104027779122,72.93242097625527,21.865315088681665,18.366149852734107,69.249576952883,6.781932578279206,126.53026049756522,kidneybeans
27.134923836132344,65.66589677650019,13.35398032104596,17.31175909766495,63.530492263206554,5.792807417294507,94.90949140759871,kidneybeans
19.686266580156623,69.80156524531805,14.188969812951411,20.10224475943923,71.0592240987219,5.6236490669225185,124.35105958822177,kidneybeans
17.57634619225503,69.25719132682963,24.38931002881147,22.482563533970044,67.45495761328326,5.5969422633072154,128.37538516123143,kidneybeans
15.736534426825902,67.024425771458,21.03298474798891,21.97024511773916,64.02174005636114,5.704666507516347,87.72718769712068,kidneybeans
24.361743399808844,66.44950970464754,24.59750736383127,20.910534131624264,53.569013835938236,6.338145388351437,103.88888494059174,kidneybeans
21.710017287105106,59.949816457859754,26.577206840934764,19.246870351633607,59.97542147536295,6.0376070459440605,91.9789916030652,kidneybeans
21.652597642937977,77.57290172424642,18.038151357225157,21.79028563806345,45.503387683768665,5.986374779830306,104.83480228221761,kidneybeans
15.907511987948075,73.43531366310255,18.695025273504687,20.645045025812824,59.73684275126557,5.329114444882223,91.32222373873014,kidneybeans
24.80546743060108,48.54238495433622,16.934738601537177,20.20055988742047,72.4617312037494,6.269011317923729,100.80668630362386,kidneybeans
26.522568485577757,59.22397660009127,24.036399214936022,18.28224550815397,68.43954699073494,5.857853224085155,93.02968002446906,kidneybeans
18.91428193461843,67.16328460181768,18.02100627789715,22.107907011990648,58.502036698015594,6.217130337875975,117.2966640236039,kidneybeans
19.695384726460325,61.55721796354559,20.606163183061064,22.1005074860674,74.37079491638966,6.328797147629364,126.10383417196138,kidneybeans
35.442560974301415,69.02447611878918,21.93857404524681,22.40803014864331,55.94620413447048,5.844634427253435,101.6482070995765,kidneybeans
23.238069886097808,63.64143841467465,20.55289370189721,23.17490924029693,67.17890443222484,5.943397648935563,98.94508090150933,kidneybeans
25.676373658265945,71.03635121109696,13.574972726818471,20.37369212218344,62.993092772100574,6.272590400992361,125.01667466650622,kidneybeans
21.419530005877366,69.56493074459908,20.256547209512615,19.65229662363888,60.43241365375248,6.006646915324038,109.42779237469327,kidneybeans
10.572135477782647,61.89962998755043,20.224822612356608,20.4372600161886,60.519057226930485,6.170796979781605,92.19720641369754,kidneybeans
11.859788930243944,62.28427563147394,23.05645762200716,24.37510607897328,66.69276943456845,5.486107684045903,106.16594055028328,kidneybeans
21.28317190540765,66.38521071200402,22.157218211771497,19.16590210707848,62.389658525304455,6.147112990421645,123.62357072951038,kidneybeans
15.97140916693604,62.307776435505396,9.184729279706639,19.75707606484445,58.853510642173745,5.643145422141395,112.73260047883875,kidneybeans
19.72027283977366,47.37813175489463,20.862031877207027,19.143351738421945,64.9141337551431,5.551352063294967,110.49510788576052,kidneybeans
18.584183355567472,67.36419470261258,20.498789110605387,20.489671649957092,52.78236611573453,5.482977212788639,100.36586550497839,kidneybeans
19.958600580352066,60.255666011846884,22.50084772231786,20.441558161576634,56.20992365132294,5.902666297454232,113.72668729922312,kidneybeans
21.624423594122923,79.6513572295464,17.324362639986322,20.8530426768192,64.55674368091655,5.9918019642797145,101.73980059118722,kidneybeans
12.253714118278783,61.015490439386475,15.705190349128795,17.546786637752444,57.22592694997648,5.633517897731741,119.63247799733364,kidneybeans
23.00545918707147,57.94974154126918,18.959085477747514,17.283514675774928,59.033960298903835,6.139643665245821,123.6114751786327,kidneybeans
16.43476459154343,73.20446791211465,13.937232313946113,18.504744401712415,66.25797119382726,6.5848924299971365,118.14162780503098,kidneybeans
19.79828806732994,47.87756677712677,11.910211775826083,21.258819073791738,59.85162398257295,5.612957686246759,111.08128758369584,kidneybeans
20.575656837539047,72.36644377461413,20.546409132050805,23.45678873666877,62.04796417729288,5.959632751817432,127.5611510730785,kidneybeans
15.107795599792826,86.95269013547606,21.501029912666944,21.761658505675346,65.15057584383558,6.656997766366075,123.07637229259801,kidneybeans
11.974720104980381,75.94706900118653,18.63641368221993,21.214310145678645,54.3244761669484,6.184170706343363,99.25232421388539,kidneybeans
20.500848189967368,62.78402775818589,27.700051206943407,24.96452060029118,62.279079021288446,6.022392198979099,103.838191055233,kidneybeans
25.53003145751393,62.43442501139966,18.314650901417203,22.95718572732993,58.770205428100105,5.9867857379430145,83.90837210506862,kidneybeans
23.520951725615834,80.13876212561857,22.884901491199166,23.92359833509461,56.92338718293601,6.08271349870987,94.43786124790508,kidneybeans
18.861172272093285,71.02324952334953,20.407282452413195,18.174717954797558,54.10982536677348,5.516592623978229,118.10896773400324,kidneybeans
30.31947267828334,75.62717430320166,12.416059203415742,23.842151876139567,67.61840250208789,5.459145019064935,104.99717332427679,kidneybeans
25.47761205747905,69.29338138529133,14.763619790448058,22.221484311592388,49.174996423516475,5.922012238484976,128.7762866951008,kidneybeans
20.0919710778566,61.10828711029682,23.557385015089398,22.94950363017316,69.8602381572017,6.306019849956235,127.84268409996292,kidneybeans
23.664542787187674,67.07112346310848,20.358035999055257,20.525480561805196,54.72579024164165,5.665640971913067,105.34676104806904,kidneybeans
21.207260798012147,76.23833826443325,19.83281108849795,23.00695258175533,68.47589393859272,5.918993620808923,119.81238848760803,kidneybeans
18.782359791375693,75.31265997381212,22.54337335306373,18.61903249062329,62.96914791292308,6.576839256638358,107.00968792997944,kidneybeans
22.23857515047534,69.25785493436533,15.853508403341598,22.021415898427026,53.636989087792244,5.7810315627595115,127.74942896365417,kidneybeans
21.783781451541792,62.62507309957709,21.78584408498075,20.879815504489738,62.075471014111,6.229886484352048,97.99843227912433,kidneybeans
20.201682027773455,62.56430808206811,13.657586501598978,19.1590884875014,71.40923868238299,6.134653160104832,88.16079302687709,kidneybeans
12.298228120757948,64.12512157913744,26.244746132705927,20.626483730391296,69.8419973204241,6.12317576978653,117.77563255445725,kidneybeans
13.321397453477154,72.3126787896481,18.66027185090557,22.726184907221818,57.11498010808332,6.061967271628469,115.80804873997091,kidneybeans
19.229833417120666,68.15545250607202,18.934411699229965,19.701880493917443,71.63290029676378,6.367133503226505,97.44573170670509,kidneybeans
22.842221527973066,59.20710493333101,15.261261425350703,23.06761888279795,51.77540224611556,6.324399569751789,105.83008184254453,kidneybeans
18.942266984597357,68.19605951306166,22.324795247977008,19.347313646342183,66.30635365250038,6.039679688308828,89.27509591767738,kidneybeans
19.150627582101304,75.77397632135963,26.706379192982787,22.434696915217355,54.85793907098978,6.171712415859561,124.03920491367668,kidneybeans
23.62853991659361,71.12264345176577,21.453052316990124,20.855175322338912,58.34979502457589,5.335722568524476,115.60408915077029,kidneybeans
20.93026421826094,69.34909157403357,14.649825226828423,22.29003337863012,74.32727056772467,6.027457545772269,108.98252223309207,kidneybeans
21.545011780428506,80.85222879274063,15.905408953200435,21.40641386678781,57.202055466214134,5.808548347704252,109.18175991994801,kidneybeans
26.736616208067794,79.04772668537214,21.792568578506824,20.24681055395303,76.95643319983111,5.850355931534668,100.57625741306434,kidneybeans
11.125284777106366,75.889514240109,23.872982369485175,25.835611072232894,53.662859886691244,6.510359782617688,111.1572360530411,kidneybeans
24.030501084000683,52.147338299385126,25.87232729066119,22.573033502663662,61.766539791282696,6.2257894406813925,97.36932753280288,kidneybeans
17.102799572091502,61.38513201372191,12.589088553238888,22.723516988406736,69.14956168509539,5.7545295475826554,115.74534976308951,kidneybeans
18.67229762685382,67.56053690423204,17.489691035155882,19.233149687824728,68.31244931614245,5.977645295206427,143.36479768908237,kidneybeans
20.2315498239707,57.776591285266164,24.907763505743755,22.26160032829204,66.36123718217854,6.4167102376037715,99.2288611515444,kidneybeans
19.36373345507356,63.66269131439521,14.837013852337527,20.472819699683512,70.01827674726094,6.083068336327846,87.7899880905577,kidneybeans
12.220802941675325,77.98525325823651,19.63872395897948,19.705179588596764,60.356049410617985,5.482942285988933,133.48106996694173,kidneybeans
18.034735312069852,75.66573191635969,20.20660685778926,23.85906394913688,63.54016699425851,6.298631432004177,121.86503526045756,kidneybeans
23.116455331259854,67.71388892202515,19.06859713553766,24.83086938314572,56.55837808942459,6.001507674820106,110.24561694092533,kidneybeans
22.012203766717608,61.65011336202289,21.25898522235835,20.662314829594067,52.508284895372604,6.003343300189896,91.84067200500249,kidneybeans
11.328071187755494,66.0676119013772,21.951533368078266,22.053396084209155,65.40302424211816,5.323593842670786,87.54322068952675,kidneybeans
29.867607184068355,56.83177167139912,22.443364124546758,19.626124756668307,62.47803643560539,5.778361029204242,119.26542905122415,kidneybeans
20.683870586583495,61.50333976557498,15.799311521277158,21.53554839498502,54.72368720574446,6.1496183647422935,153.33700099910885,kidneybeans
26.75085025631006,70.60311351777447,19.65757080903541,17.12249474599295,54.06628162459889,6.44897749963595,96.96902467794114,kidneybeans
16.503739509179766,63.707926289664634,15.751814964613782,18.546462530896726,61.69715556331147,5.687964690864788,97.77319343364823,kidneybeans
16.09404486926497,69.07440966790885,19.07149723801857,20.642856064212292,65.5816753838533,5.9502861371184705,105.40881282045665,kidneybeans
22.352251777850853,70.21194317974953,19.411706001965584,21.161215551241042,57.30925862160003,5.698760934892416,122.69093378245233,kidneybeans
22.224710312723108,68.55132781964929,21.123417394902088,21.092406551629907,66.17847134493661,6.3272880663579745,125.03526208564568,kidneybeans
19.496110420270067,75.81854329328894,20.913842726929285,22.264752385131597,63.69252734500928,6.086452347619461,97.86009216086973,kidneybeans
23.50675419172413,87.19329628027958,18.500819700839667,21.141989430849897,59.32276841391643,5.829193034453323,135.4834163889581,kidneybeans
16.635144911362676,61.30217230774238,13.650028705074796,19.484776550915505,51.749600642279916,6.221131644724175,156.1950041603156,kidneybeans
18.16660603174739,51.99928812267615,23.599998657718935,19.546150082139686,69.79608158332124,5.90128983327352,99.57504113013411,kidneybeans
19.110212221271567,70.91065873530226,19.090317476977376,20.006550594412587,60.80701038212677,5.55485068542469,116.55102143785068,kidneybeans
11.06636703077545,61.53585265594898,23.03754083532297,21.606096565865435,65.54192343791834,5.977234014548417,129.30081198626104,kidneybeans
24.62349598384896,68.47989983313187,23.71018310925417,22.500847108807154,59.36321891991866,5.529635380908033,116.9359750764033,kidneybeans
22.730446154157143,73.5056815308808,16.254714899818826,19.187137881445672,64.75940159784662,5.97509155390142,78.88493342557638,kidneybeans
21.875540818770954,50.55110126308615,16.218973792506496,23.703362745720213,72.9492741068427,5.574520271034814,104.56503963269054,kidneybeans
20.21311261539353,78.89357003513624,18.028524208702393,20.046231953933443,71.29235335077718,5.86882379654861,121.91632819794656,kidneybeans
12.614285174437862,63.664384596079856,13.361612646694383,18.88913243808859,67.03520813091357,5.982533113119651,104.73475528087592,kidneybeans
16.256251880095412,63.278882628717994,21.204452668402773,22.965832412923525,46.249119895419184,5.708883589008017,112.6250879961186,kidneybeans
19.505684420188572,68.14633469170846,21.070161144506216,20.390264274013184,58.83888082407694,5.914074478592575,128.95424877207526,kidneybeans
16.339960335471428,64.51010755947715,20.733368855993685,24.120701859748916,60.19815045058212,6.335582329603836,130.32766015387287,kidneybeans
19.681228675046757,63.356391963201254,18.683785311807135,20.488353731514835,67.125439163461,6.08085349203943,113.88228020130285,kidneybeans
14.373882448100826,57.45357739647317,28.57378729910792,20.64434854942262,57.35136802652984,6.500884707956254,114.6498410532786,kidneybeans
22.890774584322607,63.92323281280404,18.725307637692783,20.66082725500542,53.70357097820824,5.9692254067030355,114.8845457712032,kidneybeans
29.25231616921877,65.67079270704068,10.66329183115878,20.81202913443076,78.43702479864984,6.303228182244764,96.62033242715829,kidneybeans
22.955532572152784,59.21229528586002,14.584769921812569,20.303261273531856,62.549158635433166,5.344745574148312,91.0388717061125,kidneybeans
20.051677815911773,61.81624922728616,21.579245084584365,18.570663345382876,66.2846824913198,5.585684316028932,137.1051159819709,kidneybeans
11.421208578108416,56.478076691009385,21.669483212127318,24.328466502995276,63.89025821669703,6.197000272063837,110.28935887760547,kidneybeans
14.868007729424033,61.17692088373284,15.152361120074893,18.442580064446258,64.41049351591847,5.606887706269213,115.27264111093547,kidneybeans
13.490886238894511,67.31178755691069,18.04526972414815,23.813231067301288,63.94231337347439,6.432524012547949,97.53182917898432,kidneybeans
20.280716701220836,57.34752016669303,18.34557902902233,20.475791554510742,57.644850675877166,5.574573999404007,86.67696415973123,kidneybeans
8.301259421463014,56.76049758467303,22.50997558668738,17.803002935973435,53.79126292248017,6.626814499931521,99.49781517750381,kidneybeans
21.60523004582418,70.01007374270385,22.650104519125122,17.95537153878388,60.61364192060306,5.433620455668563,150.36424467202033,kidneybeans
12.025623679921999,56.826846292815404,15.837596580633981,18.00667904655424,70.11556345853927,6.847856765379223,102.15013953134181,kidneybeans
13.39788426577795,47.55198110993703,19.023565125911595,20.367269153677114,58.092223241839136,6.07748133889168,116.52035685645552,kidneybeans
21.615416289689502,62.5342259986458,15.593512681702952,22.331666195613433,62.07508255652918,6.310925133692128,123.03624656629182,kidneybeans
12.891189654764421,53.8130667818307,16.977837125037887,18.887469183418663,66.53151065585661,6.122958386595771,128.13653589745763,kidneybeans
21.982434087054592,66.62746673861228,24.79891912137668,21.939454679470096,62.40860578062631,6.51815856187574,111.90048457202104,kidneybeans
18.47829697541039,58.46497858153433,22.812101836181647,23.47410108368494,61.69647559139942,6.457770468322943,77.494751972469,kidneybeans
19.722733125960428,64.6872596855854,17.09202251037061,25.767722075963746,61.602844203867434,5.857294229938448,110.42837487165284,kidneybeans
9.985931307370851,59.073030182309665,23.932959877781617,19.74210929013445,57.02674902319837,6.45833397278004,132.11419761570517,kidneybeans
22.58495236080571,61.450084794498395,19.042115739534704,19.391700076850082,56.03136128582813,5.634454229092048,99.80210228804407,kidneybeans
14.826395046576275,52.80310007536344,20.87761067901562,21.469191161786874,72.2047565505699,5.766081571075854,114.88565972878396,kidneybeans
21.56356289637401,63.02006702322084,22.977334354998703,22.550458373701428,63.96446657118524,5.910526103233272,104.10075320885016,kidneybeans
13.161230506014704,58.713841326782,17.511969904393247,18.75205647514113,64.63954380012599,6.418819754145454,95.01696986656903,kidneybeans
21.417207178723185,56.93393311166826,18.780311316243353,19.619340841644448,65.61137389163865,5.762424139155238,126.69239682615967,kidneybeans
18.771396131689006,59.93309106516032,14.986778950619348,21.5064090205907,67.37131041335708,6.095662439787906,146.940722495838,kidneybeans
27.148937262352092,62.60128343520728,18.727890264771723,21.939393438970708,56.97188491744589,6.40820090728637,115.96640861041914,kidneybeans
21.282294554292665,70.35823860861237,26.891319533476235,21.34191070437501,61.3217577747717,6.528051868162902,125.96458186385374,kidneybeans
18.395100798081387,65.04045429954036,20.781523663755195,21.723625889209966,53.86040089436531,5.460130387269454,95.35806463695951,kidneybeans
15.176307784943289,59.97817269101448,22.538842568360018,20.662141687350523,63.17836763006113,5.571493806485209,102.38290365180441,kidneybeans
22.9362883087242,69.64062917377905,17.10170468724837,21.323324772759108,75.19308712089399,5.993840724760527,98.56241538864965,kidneybeans
19.1311880531892,65.71898143870929,19.395326477237802,20.937290598646996,53.33931921837896,5.663079333719917,107.53596858832029,kidneybeans
19.173660149887816,60.583723656092,19.291945655694253,21.12202971082841,67.33648073914715,5.965275892670882,116.58520288742118,kidneybeans
17.291998492830395,69.46234664406816,21.502921190449428,22.731634006359638,66.28076277466693,6.206057468008401,108.37611275714663,kidneybeans
21.22469613522234,73.29536964192191,17.391701722388824,19.743184442606267,63.088588387702174,6.145347891592909,96.40224276214393,kidneybeans
19.626187182933457,64.26680956101548,11.138879537586117,20.56081202148248,61.0560930029092,5.943897470011943,133.36258553052494,kidneybeans
13.921008507455623,58.567943944604025,9.551216806722664,20.03816666765172,59.62613867524399,5.8215079882830105,128.27667610148205,kidneybeans
24.303087611684816,65.60728244928497,18.517547785840552,23.05237933621373,61.88145284098489,5.7136054863785395,81.68189682150489,kidneybeans
17.793427530521587,70.88622021394634,29.10615475817236,21.12322069237895,57.40786690927818,5.5852621771005255,119.10725578904238,kidneybeans
11.176919738078658,69.29269179095813,23.270846425051648,21.872558906465727,60.68202996836865,6.197729228741385,112.82048312361695,kidneybeans
16.109380790697042,79.4332161145252,18.593282481557935,22.55150460089982,47.48831430382571,6.446764808973325,134.2346017868006,kidneybeans
20.149168935633192,69.35841407095451,22.23406072643025,19.714432860718553,65.28273383263604,5.716979335544606,99.95551075985212,kidneybeans
25.634715716061493,72.60232998746159,17.17449799153683,19.53284731299792,58.126420385253965,6.256423848262922,93.50025111662845,kidneybeans
21.783563195179763,70.8254051229475,19.6470181988276,23.020127393729855,60.17413898306125,5.92515053965213,93.87543718632438,kidneybeans
25.085886738101024,59.02114051356481,21.399087270860235,20.85736786574813,55.683301621330024,5.786813899661838,132.8173919441721,kidneybeans
21.008287713172404,57.128627337338635,21.221313149394767,20.70777193681091,82.72427841346509,6.099793344469795,103.71969002340498,kidneybeans
27.10013958893552,50.63991789511581,20.37728062552439,24.988856989362144,61.302804293841476,5.393344634373173,103.46735358722513,kidneybeans
27.272590204795186,67.93334285130202,16.644575561949928,19.62951438564195,58.64179837310112,6.126419259418899,132.0802361934878,kidneybeans
25.262115063995854,68.55689502045121,14.673420959770066,18.344134972013116,65.19951212728257,5.529085115723487,106.27814415236803,kidneybeans
21.520752230930885,56.12676683617103,15.902950662564546,20.811757870864362,65.02190172514432,6.371531569644815,120.01638167371411,kidneybeans
20.368282974960973,59.17968092225502,15.716372016621923,19.978245823341705,64.4596135098834,6.11781829731957,75.35161723553549,kidneybeans
16.071614858662485,74.39515890252801,20.31686019121656,18.165982173794028,76.13492708958891,5.9898703936898325,116.34151032867123,kidneybeans
21.997623780225673,62.13275536395055,17.089705272714422,25.24334997013188,68.01923521770651,6.287678020388037,119.50877166335047,kidneybeans
14.983413048191577,74.96473549557413,16.627469367953005,21.566573596301293,52.16366056721259,5.2856994022733685,115.2518048437764,kidneybeans
25.95450366402546,38.064994572216364,32.1624380117883,31.24016154210158,68.33736155148037,6.409938740157014,115.15258154052232,pigeonpeas
34.438531283919566,56.73276811900944,28.625857124697205,27.06835543144915,61.80368884058722,6.693856712097591,112.70443137530565,pigeonpeas
29.39957377465628,58.27899397852633,34.83808280977154,27.954821146872177,70.31465442013757,6.364743983220754,142.99629198885683,pigeonpeas
32.712577217677755,69.62615673328753,25.23007229287009,25.621309495565317,62.51278696920328,6.639031918542647,148.63989747701908,pigeonpeas
26.65812658350233,55.429511112163304,34.649852018727984,28.409295664441295,54.23402194845408,6.9927155818389695,136.2058550651909,pigeonpeas
32.99792259895189,51.22608612325372,30.904432040177486,26.842528415521244,63.84471080551585,6.510897198530742,100.36294417516694,pigeonpeas
24.75704177586204,45.487782478086245,30.888528970197807,26.946088327129587,61.292062759732495,6.675284596741139,104.17871402793384,pigeonpeas
37.32830084172674,48.39373503771515,28.266292060873965,27.964772474664905,48.980938785749565,6.223312942596978,131.92350577743412,pigeonpeas
21.312890354689447,56.70544518159893,36.04454626543654,26.261089324352504,61.75087660455786,6.891680479697859,106.94788650624929,pigeonpeas
34.33887760263091,45.97310722921597,28.089590826667283,25.401327071350053,62.05588319516882,6.9052891683979425,111.82405192097892,pigeonpeas
23.643754200437982,43.5037590662791,31.578397685482162,30.68823282678854,62.36234999588638,6.364586207272062,128.2166734281674,pigeonpeas
28.802506822066267,47.730288695814764,26.166163577218946,29.816897688492713,44.764752495026016,6.779250720097744,107.00039982299249,pigeonpeas
27.948296342741937,60.15389093670687,27.143475631199795,25.639861691943178,59.217634566482815,6.6448465850342835,107.377987755448,pigeonpeas
22.13070534732057,44.80581091470941,35.125335425858076,27.14955357827102,62.70652370222293,6.408502577489437,103.6236647410111,pigeonpeas
38.38784724937705,48.87084885769352,28.22652048189149,29.19228473271068,55.66583784679569,6.2918454296791015,115.17675529929149,pigeonpeas
30.001350520440898,51.55766808741929,38.36667635758195,27.67249649270474,45.7316762234952,6.614204630201046,115.65342990494558,pigeonpeas
30.21725012175729,51.475683856377024,29.8852868493008,26.894775813889222,63.67826525862472,6.310271720981925,98.65241071022422,pigeonpeas
45.11890726311196,45.7048553373126,30.400571649840305,24.008679498249265,60.69881049030853,6.173371057258732,107.36734173583731,pigeonpeas
35.225323328855616,52.83205741026844,32.27363809829927,23.457590323216273,71.02137101897408,6.082841541170343,141.36767404656916,pigeonpeas
35.10771932990743,53.46399645070808,26.580060876366474,27.303179689639045,57.17447153613084,6.510163850026852,110.6897035307741,pigeonpeas
19.80694746713796,56.73070490590753,29.675571373802555,26.030399200995525,56.63803660302139,6.625460851728369,99.58270316442035,pigeonpeas
18.724122207629783,52.442778819249654,32.076411991827285,26.600736350644734,53.11258274885995,6.53112743931125,89.7368166465906,pigeonpeas
24.863847016561703,45.49581238097503,33.375756283566226,26.274778099126166,57.312801529341236,7.184142380393936,121.07997807650531,pigeonpeas
31.69497255237413,47.78179552874735,27.61451332945289,22.627187119965697,65.81244319154135,6.656908397014733,111.90938661706862,pigeonpeas
29.31386649081872,54.416865573566334,23.781159707680587,25.82023733689239,53.18218282264482,7.120028248870361,130.10505792446943,pigeonpeas
18.98653679432318,40.917430240160144,29.470617306570055,26.05511957585515,52.05370675153867,7.180666783177672,120.39131351619949,pigeonpeas
32.37408161431546,45.847910304606714,32.88909658871201,26.239134478035975,58.299940957755005,6.713850685938841,86.89979200270983,pigeonpeas
37.98513929925491,51.09433528834325,35.123776835121696,24.849160486762365,54.461009255830845,6.093334922440066,119.31763485346848,pigeonpeas
30.32991650959123,47.213529084612915,25.943723228458882,24.466807460538316,59.709096597176064,6.33704462714399,103.17327938181998,pigeonpeas
37.73544743065805,49.5060459308436,35.0801717357077,25.933495634634607,61.468657702791944,6.480583394310282,85.71601516081239,pigeonpeas
37.141691531319566,49.189078357805506,32.985672878531844,25.49594255507688,59.010933710521414,6.196601674026826,136.32097382766852,pigeonpeas
31.55704673725338,52.202321160085326,35.432736588419914,29.312682593798044,64.59205521681771,6.002395428536888,102.9995351883372,pigeonpeas
24.980559319943236,54.365202161754794,30.682607767000206,24.218975132738812,58.867534721932635,5.977060682498427,114.08305058079664,pigeonpeas
21.723137480064075,53.17296496030768,31.511850504136294,30.81589698669376,65.08723973698406,6.351980010462124,129.11170910898488,pigeonpeas
23.011680595274107,44.22516437791349,31.33257012830044,22.683500674504145,59.777035290396704,6.142907847758552,116.7475467013938,pigeonpeas
24.61131820976368,52.54548882473113,30.07730969466956,29.80073183376266,60.040407204609735,6.230975018263487,110.74121898697938,pigeonpeas
23.278818014916343,52.43682352823264,32.35940098526109,31.938392073385636,56.26898405637357,6.406271899213686,105.06816545344078,pigeonpeas
31.06056850565612,52.29014320687768,29.786500622285956,29.172651833746066,56.29812297747134,6.845160916761749,124.28908797530868,pigeonpeas
29.939850400505268,48.11038015545713,39.70667103492548,25.36598269851584,61.78759906181049,6.237423325415254,145.80195791371753,pigeonpeas
34.43413164399602,45.929900726953136,32.050379973724915,27.51539144255311,56.90025142815157,6.765357476029861,121.71551799655107,pigeonpeas
31.07849356942976,49.748481732546026,31.724217970398605,27.45877532298492,60.3545599981501,6.275644429404353,144.217467653153,pigeonpeas
24.747900283257266,52.56581731327847,28.71903703079427,30.5190945388986,54.579104776656955,6.242657858383883,98.27063840873352,pigeonpeas
31.61732525475305,41.76169604258815,28.085886020968935,22.69526835429143,61.44252812476854,6.324924799435308,89.33102116717554,pigeonpeas
35.428047014870295,42.15399860969036,33.18777476011286,25.59791835202439,69.60942826737255,6.762342688624151,97.61117422742302,pigeonpeas
25.414587238948467,53.63315123134586,28.95048747715933,26.66131498595727,67.63343317063259,6.237958894320515,116.5748175700266,pigeonpeas
34.77313896826153,54.8547049303136,29.36154932991731,26.422188238294684,49.56710722487441,6.130314252567182,120.49169665841416,pigeonpeas
29.31058905528882,50.44956247139736,34.157014438536244,24.62535378187545,58.5829181866041,6.566048837193926,102.8532410768396,pigeonpeas
37.157385569637086,55.45152080967888,31.16053330835502,30.588463558657175,51.00662832233915,6.497295801613012,121.31931271411256,pigeonpeas
25.427224766030392,51.80428725090637,25.57367002484849,28.381114636548507,66.34700860877344,6.595316690394915,83.03923769012968,pigeonpeas
25.166032394169825,53.38826001927897,30.084794574049464,21.611994764615023,67.45698230320944,6.547829777188841,100.87096204599922,pigeonpeas
34.97477798783332,45.934759922558605,27.246191529583143,27.71670530202807,70.68623075545376,7.06825551229051,121.20502335609584,pigeonpeas
32.3119282942516,54.74899359250895,24.972065298522605,28.288296674303965,55.59555919113883,6.611467323378803,111.07618342377343,pigeonpeas
32.50604163557107,50.70862079003876,17.7078789167148,27.35778342341036,63.85291771379558,6.656074921918459,113.230392427902,pigeonpeas
38.21080845965203,51.86823877472997,31.750693200772425,29.08898378810114,62.17555799817959,6.185693786305029,72.93867961230151,pigeonpeas
27.614395489909594,54.5656731552867,28.587614674328776,28.60235674456346,60.89236905552164,6.950823124591764,109.9075118021686,pigeonpeas
32.33807413283844,53.03531038721216,36.00640749052477,23.586725387331445,57.249550352681055,6.796980636885976,141.66671427618166,pigeonpeas
31.200357563210403,48.24377501347108,33.028473474697776,28.737405350463366,57.84202992799616,6.615607559262141,135.36409527660646,pigeonpeas
39.45229496637226,54.45562975541175,30.176555586662374,26.891849647924182,63.344379343161734,6.4595145051321925,118.27129860813619,pigeonpeas
24.710618677345625,57.78234317894695,25.439261091405285,26.135776479093973,60.585559565110884,7.196845407961024,107.70871851129735,pigeonpeas
26.669920930198018,46.695098495997236,36.63558867044525,21.375306012987956,53.98357192710848,7.455951048205843,125.19271576773073,pigeonpeas
24.4700752533039,49.74849210695137,30.269818264271446,28.692250491811212,71.03701201693538,6.635993088447726,105.68865177302642,pigeonpeas
33.93542221049102,45.81048381882283,25.866650016043884,23.48018225608711,50.6092296329976,6.186244195356505,94.68312650715997,pigeonpeas
31.566182636873588,42.80358904505579,17.425334791901022,24.912176450821068,57.16884211367148,6.288092679244812,141.21180071808342,pigeonpeas
26.93228720355425,55.28554077919519,29.924069601276553,26.915390548654802,54.98771826691178,6.479426071946731,101.80209181101955,pigeonpeas
30.85012157127285,48.58250220425787,26.2214882672336,28.98378867940119,62.561042880128554,6.343178043050213,117.5097550613591,pigeonpeas
29.580887392490183,44.794454376420354,30.281984916084657,25.75797649038525,54.3303969862794,5.932031434406716,108.81402315145863,pigeonpeas
32.83485329791861,45.83204387972684,40.082834768631876,28.771371307305465,67.82598079596286,6.778335054225815,146.96192081769038,pigeonpeas
26.06499008263729,34.63557568604827,28.215497566588468,28.116437151095074,60.90910183048787,6.5964154138387245,137.7856975460553,pigeonpeas
31.910287872312498,54.79347756554613,26.241749032588963,24.809212621567927,69.68468353814693,6.535315537301474,104.24929658555418,pigeonpeas
26.89302753226441,46.10526127017045,27.164163915816633,24.43370439479268,50.99747758667695,6.431748467820953,104.77202873697311,pigeonpeas
35.535796427216475,51.7584599196015,31.06127072031193,25.5137591848911,59.273829505320144,6.626350386271004,127.35437651004365,pigeonpeas
29.530540867408174,56.47474267594525,30.031957235631772,28.58569423703536,57.0608867484651,5.865594071700976,119.62919254331952,pigeonpeas
33.62662031573313,53.452083990845416,31.68874664574976,26.302826068090024,55.15952249132645,6.693104894165323,122.35621792942024,pigeonpeas
27.195504545780867,56.65654513515234,26.468537941809597,25.83295324241792,69.81855127405,6.804003678206869,108.82433947337987,pigeonpeas
31.436903548217753,50.92875346714303,19.017544540090487,25.187052101053236,59.69492029734431,6.375185983204243,119.26251924332476,pigeonpeas
35.6474115647396,48.07078529207644,25.76938081550854,27.64970331702209,58.04025999859318,6.445377774712334,109.96690334460939,pigeonpeas
41.20918900005493,36.55577443401233,28.446664387469415,26.992621948703217,55.313145046303326,6.814939041244899,129.02869495791379,pigeonpeas
29.761226907557297,48.37595746793784,29.552172663073414,26.79042669270438,59.52976183124542,6.43420031446912,119.35475067671878,pigeonpeas
33.766060324139325,42.61843911440854,25.797344403067406,23.502963941032952,65.19838440214559,6.587613152616662,123.7158646498403,pigeonpeas
22.85250880818266,60.70968873728083,27.56459636741857,27.336411614222513,65.12630796407024,6.1545570854713745,105.5759048156565,pigeonpeas
30.89585887300437,67.14483845278824,31.204498971408096,30.212722301261437,67.23403887115174,6.628803512773081,97.93637293937078,pigeonpeas
35.29876805409118,41.01133795011172,36.40350049470837,27.40001061643651,44.09865871621094,6.380822866738856,126.28059991092073,pigeonpeas
28.814880634801167,54.29003486596144,26.59990332915082,24.388035254424786,59.57132758171437,6.51104798355147,108.99036994417496,pigeonpeas
36.136455733210965,44.89875574916565,31.252662429329398,27.13593994232725,50.6597042871835,6.03833943571602,115.20546503028889,pigeonpeas
39.90599999343482,53.47561887139287,23.097460699421468,20.779023869761325,64.39832155802628,6.466325280975131,134.68683797405387,pigeonpeas
25.596410396442792,52.10127498715116,33.384693852111454,26.105072723587035,57.44348657861361,6.508841990884437,124.36116697816567,pigeonpeas
29.928329977440445,55.84397802655692,28.15225924293188,24.34320958907378,71.86185220867908,6.288378192210144,105.19437405586886,pigeonpeas
29.670983394639077,50.403086657923886,28.45326543004687,26.96513220610198,59.761426611430956,6.5611867644572825,74.33334133246879,pigeonpeas
39.40438153503925,49.116270118792656,32.322490477787944,24.243797316931953,57.1739984325045,6.264689446787855,140.3527349377724,pigeonpeas
27.070931965820584,54.54847992164055,27.39831818930722,26.094762120692113,58.52669900879589,6.949345794390255,82.40004163173046,pigeonpeas
23.421682223627837,38.3161690058611,25.6499915209542,25.376799897615786,50.313112475457665,6.243048288684866,80.24617520389859,pigeonpeas
24.910056381161596,57.2025223994612,31.61435228112441,27.374935344345054,53.98332866232531,5.962370264334346,95.34955769703366,pigeonpeas
29.783950865519927,55.20906067836001,33.60946966854128,28.261224724966667,55.574658815592336,6.508592441341396,109.45684135685751,pigeonpeas
28.99405118252625,62.22276738175888,22.95199905198555,26.530646368155477,67.27049344317695,5.986937976738262,103.89535691415718,pigeonpeas
27.354807512161802,48.660261667676096,23.61617136157513,28.19057212067608,63.99772369507886,6.677931363756282,99.98605411847885,pigeonpeas
30.432553953936477,44.60335856258548,28.66961335691395,31.306935854341756,60.57417226557754,6.084365698404489,118.11078462645251,pigeonpeas
23.24102036968345,42.80593764490993,25.835507456204837,26.111381095608632,65.62181397353521,6.7024393693058935,124.02166941226642,pigeonpeas
24.50537717204729,46.75211386738611,31.088004427532752,25.743360029223176,58.32980135819341,6.654475542385482,108.98367124927753,pigeonpeas
31.130297945510126,59.556370736117415,29.31256480405201,29.35867561943841,63.35622040384415,5.9864653022796315,95.9881362452042,pigeonpeas
25.832020584650518,44.8709904984033,29.638841015572744,28.229288096163643,67.53095050022833,6.607861281053779,107.31202765808213,pigeonpeas
19.58879378185063,50.42353745250403,30.103080774779965,27.365857507077916,72.63744178622,6.934208791167575,128.54230083981224,pigeonpeas
25.189614349642,46.922031504819536,29.62062157228599,25.449185751979293,63.00278714991071,6.624918097225496,96.22669056980655,pigeonpeas
35.98408354548062,50.61386200285316,23.083715413030994,26.89731428331006,61.68723873553743,6.840477326502509,109.17853204606587,pigeonpeas
34.13969133723604,51.122851920621294,24.739781563849682,24.16966645303497,66.73535922089609,6.918594462433619,120.57018422448147,pigeonpeas
37.47853360590014,56.33965909424964,32.73451491791889,25.177377022532657,70.38857250619407,6.687705501272895,108.34428113794952,pigeonpeas
26.65864997347351,51.54070268908314,23.31576366064618,28.399346550705726,54.27857511183584,6.6297128380885,106.00204918057175,pigeonpeas
28.67790643637648,45.45854076340961,29.355082275276793,30.778759092034708,68.31035776229184,6.6240676342484095,114.56367391900457,pigeonpeas
34.22100595346443,56.77982236464534,26.680726471169883,26.845122264735597,49.06825062259152,6.893085738591314,150.62166844533976,pigeonpeas
30.400413123115428,37.2499392505819,32.43556206630812,25.191821667701838,56.01990335001324,6.719301736426852,119.39105866509449,pigeonpeas
27.55945612330699,46.102366204390016,30.50334422088333,26.181068894975265,53.344577198381955,6.383602886482574,120.85797275115192,pigeonpeas
29.109482665901833,41.51894841051089,33.95625848550216,21.522377126113334,57.321809069829385,6.282930540906129,117.5560856432819,pigeonpeas
32.80830903901368,56.76058884956621,27.15038050659136,28.173164674666964,61.174910327288764,5.900961218685872,147.7843194062384,pigeonpeas
22.806124363799004,52.51698363385829,31.55983977679099,27.551273564658153,57.032538707030355,6.789538427899176,88.0836610744816,pigeonpeas
29.670856056630385,46.61675194068525,27.290808231731873,27.85749557490709,66.4648712563181,6.379860483357097,128.46674880121967,pigeonpeas
30.24870332722299,44.64360674457195,28.968191627035743,26.40102821841677,55.82004052496732,6.649969025029542,119.0476467379071,pigeonpeas
22.04675150865291,40.09084402856385,31.69873781282302,25.36942714241093,61.812246930601944,6.7733260523382155,93.0760635547541,pigeonpeas
22.942313727119075,60.04659009437177,31.406283131849836,26.16151868665346,54.396357284122416,6.321345702882452,94.4626272020454,pigeonpeas
34.41706087045295,45.339493078362075,34.37413835286507,26.19874216045998,53.73989889829611,6.350794444195169,69.73312308810057,pigeonpeas
29.396157116629965,48.97928485321905,33.29897098619187,23.22739014403324,66.97119816518129,6.787209753249179,136.59775147380194,pigeonpeas
29.73639311997931,56.083381004616534,24.11502386037238,28.426095130409067,55.37302342740033,5.922009358651972,95.60857606166478,pigeonpeas
30.027655693146354,45.05420475069438,31.5042941267832,23.383524889991964,47.23741473830483,6.980335601950252,130.59055223217473,pigeonpeas
24.753515820430962,49.982002139176764,34.078028240805295,27.83840121658121,60.88933857710087,6.883303928459409,102.39520980277895,pigeonpeas
30.155892243323144,49.89290817024565,28.90895180931583,26.220388977158496,60.437209426970945,6.512042623594935,96.91462316627943,pigeonpeas
34.008979549502236,44.14168875340245,29.127066221811305,26.409439054559897,62.1486216759553,5.758313620923934,130.36819430753314,pigeonpeas
26.61504826193918,57.31977976866233,28.08734030193538,26.90231282853198,71.48271624041054,6.402931626922216,136.37016051061715,pigeonpeas
30.195225427822802,52.49251298176094,30.2798343576455,28.695703252600246,55.88681032288169,6.155583016943285,103.98456071599638,pigeonpeas
30.498551881620454,48.67508728669802,32.841099505884706,29.60946339964304,54.14496997658995,6.243117922935124,90.22487003410328,pigeonpeas
40.151864953795524,51.82801699473096,31.91920928020631,24.319583229937905,59.992980065958754,6.6782367945445795,110.63992983828118,pigeonpeas
35.378528124131975,63.87098675385698,26.211748691624194,24.95582550804661,54.733463606828536,7.062169706005772,132.98062921876206,pigeonpeas
29.32236091103176,50.21935798640524,26.733825495213114,28.780054315486367,57.720589055348675,6.40897321119075,125.50162355887969,pigeonpeas
29.060025309583892,48.590204039012924,30.0423008221163,28.590710827586154,69.87895845290299,6.704920181286129,128.8571703575186,pigeonpeas
29.000729689494378,45.7532128209877,32.61594492894046,27.342481649201144,51.464228107501505,6.385175631801041,113.5700263449432,pigeonpeas
27.447710664857606,58.890413567252764,31.919356147608866,29.746349835777295,61.580551569912956,6.528485742748777,98.8436876462232,pigeonpeas
30.059647665982833,50.07832355405264,24.531544463863067,25.92094506045921,58.06030440890183,6.644717840419503,122.95828943175343,pigeonpeas
27.093407590173975,52.81321761525131,29.271684282605932,21.260759950290087,57.091787808290746,6.877646024049833,85.98885069817253,pigeonpeas
30.5634560020777,59.511567285111724,26.95754818795808,27.00429816085537,52.17590245663247,7.06953089958225,113.5625121843084,pigeonpeas
30.23313421397009,58.125802793033735,32.645913578581926,25.24874253500652,56.116332455476105,6.673225956583154,104.23391180016428,pigeonpeas
19.413783439397363,49.680555208165536,24.07914935550076,30.232563507127452,61.06072582657892,6.183188730139749,102.94859084707267,pigeonpeas
20.553012060630397,43.40322867931698,34.065292810162795,31.463572290984782,64.35837907919375,6.46778511148264,107.54870076996994,pigeonpeas
25.217520932118187,62.35859539603844,29.2450051925425,31.23125966012501,68.36111705766037,5.890721249028804,103.51232117315222,pigeonpeas
26.654774379130888,49.52092181536556,29.758742987544988,32.992478190796284,53.53663275315145,6.580139477482536,125.6347585575696,pigeonpeas
29.99213997765402,50.66108346668815,25.82076442277365,27.212972389205362,63.068393977046235,6.614660204494895,124.83596559248357,pigeonpeas
37.06303950318116,55.62179925148605,30.285178453989747,24.656483296233443,56.399968351733285,6.423129096828904,119.35296559063997,pigeonpeas
27.608336192503025,44.38560080489389,25.24720524351865,23.697644481888936,58.59029577735259,5.985617095275393,97.74093194828498,pigeonpeas
28.030490635778488,41.9844961436514,31.51900875399479,28.480446127211373,56.70343788134761,6.3470404423365,124.27066353489909,pigeonpeas
26.430024513826606,45.30359653041623,34.78599391274516,28.768375477425575,63.609300014063514,6.823975617487933,80.89194198741299,pigeonpeas
36.769177733965535,52.35237269950245,34.04312553602294,27.774323558232727,60.29354894808094,6.403641775673281,121.33324050128704,pigeonpeas
28.441260455477238,55.20725660039067,23.6541734217912,25.916848276411443,72.26893949085988,6.280871837749663,110.88270577715501,pigeonpeas
25.587095333249618,52.015074037314946,27.05494043943122,26.6287781303859,65.09319921621042,6.255432803414815,128.60354180732506,pigeonpeas
34.11114657780178,56.32973656831577,30.56216397967216,33.48251815395357,66.3272021792525,6.61370716854239,99.89030385709006,pigeonpeas
24.514704370629296,46.846369489120164,31.838138462505075,32.95665820088046,59.71115384037772,6.56051892779655,48.89729454260536,mothbeans
18.792988109735013,32.86013827177236,25.956634738308953,31.0463988945395,60.42026259088483,7.1739976841351325,49.25268788594199,mothbeans
20.076737075038118,39.4961119135136,18.971532857462048,25.99326174119961,59.44385625905844,6.736406462173164,51.97998801714443,mothbeans
30.541737889400196,37.02727684180865,27.361244378221198,28.677686542772715,43.92472675223905,7.04315829155486,41.233008962273914,mothbeans
22.79955494706434,49.48164696565852,18.896572069069315,30.76574227074294,49.03115657713149,7.317891493243564,47.38744988940053,mothbeans
26.89672174590307,35.464529835509154,21.937648346846707,31.85450101469177,65.62478633036538,7.168107736028466,37.820634233828535,mothbeans
26.69469261231034,51.651865812820525,25.409691242875645,32.9236817187872,50.55802380496773,6.985269881927264,49.956521649004344,mothbeans
26.98664154131432,36.32133433546643,21.7619301714776,31.976568806205318,62.14930487590087,7.529250245342672,59.431443866022946,mothbeans
25.67309718161298,38.50624362768835,30.403963755113875,31.426138563703173,49.10526844799445,6.638227517068381,48.935441610850475,mothbeans
24.113626692580002,39.87313621724465,29.290133458840778,31.518074289970073,62.979239490510594,6.323962362769322,47.02718333776961,mothbeans
28.473442611986034,32.67238788789912,22.380417434760112,28.31902967534216,55.130189026359496,7.5697488890429225,61.180715237319205,mothbeans
20.92856223463359,42.527474802369156,27.23519140856926,30.775251543029494,57.393877808435406,7.106309875857965,58.50056096645136,mothbeans
30.51233257184029,34.91126129152832,28.182884323522195,31.784746749022904,56.889803722910735,7.395998529675955,46.504592274392294,mothbeans
26.002338605381254,40.581954614449806,16.927023656801325,29.839203212188252,50.99049655327258,6.584743207632605,56.47214627791618,mothbeans
27.52103759267229,39.85681081146617,22.740786595590293,30.59233916925748,60.948616559905076,6.710561954758571,44.96137302178712,mothbeans
29.34033249425586,30.707194580396177,24.769720950378385,29.141417258904923,54.197020853469795,6.824430005269834,46.100996841658365,mothbeans
34.61813610211359,38.44517212514295,26.166844036376425,33.98949283681823,51.69990652976467,7.635136372125139,45.04258405301686,mothbeans
33.90948112932463,43.60096539974233,26.228433450329685,29.868738636226826,51.25575136072474,7.0265270424875235,52.17889167216019,mothbeans
24.934442845016648,38.48021053570308,23.996869863288907,31.984953227166105,62.350968730599135,6.76649732018107,39.651297140420084,mothbeans
26.89679459833556,47.33215391083482,29.58396123325024,27.496295575640175,53.415544180048826,6.6742887558586705,42.85989982467793,mothbeans
33.022049980176774,33.17151688584152,18.52453882687924,28.342891693132795,56.723863615455954,7.217264187224265,48.499587478892266,mothbeans
30.878427016155083,31.53718914767714,29.75334615343575,29.375809359907418,59.38896585882921,6.536801100632879,45.03965357607256,mothbeans
26.18135385294507,45.54760497999241,18.65898150956894,30.06150509706981,48.48858825314714,7.176923615472896,51.21773229164901,mothbeans
31.435851212540438,37.431858619319804,28.708905942755162,32.721803174954104,45.1405181808672,7.214320722034458,52.66809003024085,mothbeans
23.70636806806281,34.18828682787948,28.771823024438653,27.600982344884486,53.929891392934586,6.9859565797688346,50.724304413632,mothbeans
21.866842202437336,36.7139982936263,25.395661915052443,32.0127809552395,68.72470000391888,6.472381580077429,47.52273614229262,mothbeans
19.567324868828543,44.89029396739237,21.24582181076307,28.650703563635354,51.46437484561602,6.9733303714480686,47.58558077486966,mothbeans
27.418506968042568,39.97231577832264,19.680435910237676,31.45557230062038,54.68224801802183,7.406607176505145,39.33808976416051,mothbeans
16.988626363245025,39.83667518712124,30.18381075313706,30.3218842732321,53.801981204962864,6.695378543819898,59.06213173344658,mothbeans
19.851987025576104,36.51810756338445,27.28013678433609,26.28795862022642,62.647543992288035,7.218467589976075,52.193848574488875,mothbeans
27.79058505974827,39.22660711620942,20.74740515937831,29.71984911755008,49.14858212948419,7.170154358526734,51.454238644384816,mothbeans
32.38404315599104,41.78448467465374,28.698301426380745,29.405710525539714,52.13033717195083,7.16578516178588,41.90821701826473,mothbeans
26.34592894413829,34.90627749118998,21.473489270094795,31.27081860203658,60.320140452436576,6.655020340861662,50.36491448405137,mothbeans
22.336321634823626,40.07922484576149,30.66777766316259,31.614974468045897,59.77523192813316,7.668076625459938,39.36896527160162,mothbeans
20.07062512503727,36.53381310290276,23.98199578637354,25.290898771416213,53.75543057981914,6.809400243836781,51.27007813918239,mothbeans
26.7620968950502,37.11665618670718,27.359843381451615,31.44652611964754,50.38872526125154,6.827441510616153,27.19709450321614,mothbeans
19.546700128153574,36.43614610996683,25.29666470642409,28.10923464128037,51.919288077705346,6.57113426144609,46.368911188250166,mothbeans
27.128572972924538,41.93135367241515,25.049444527621038,26.91785400699721,51.280278016642896,6.857442664688531,41.773637496635,mothbeans
25.37490608994918,46.84259858738089,28.2483848507384,28.02496444030261,59.0704172517798,7.224105828683007,38.55146021638748,mothbeans
29.244329613177193,39.23019214746274,19.36018603994222,30.910405449274283,56.301770941687145,6.92031282978496,44.7003753201336,mothbeans
21.40457260555769,42.92862641822612,24.826197461964295,30.332897687896455,57.14285154657323,6.595895034950786,37.84573582494358,mothbeans
13.950277701918953,42.71076284075395,20.151159905012936,30.265139419791304,57.22592934963732,7.2108234936123825,35.367864689311524,mothbeans
24.674191909296546,48.01734601978119,31.857258719937263,31.974646188053903,57.024958832913036,6.648212763904118,50.74897300312843,mothbeans
24.209893856265797,42.69053572130965,22.468626180591535,29.654133774320144,55.98488416045855,7.08619733202285,48.949781715681986,mothbeans
22.104025077375503,33.55223462987102,31.49914015959918,34.978508338046716,57.68452426721427,6.536602766844461,38.814439065256984,mothbeans
27.545587845254843,46.43735493607017,20.148437461832575,29.7513343583022,56.175592386663816,7.302602457950056,42.25119124479696,mothbeans
17.180926543390378,42.98174828537393,29.49918386068495,29.83481707650968,57.43144054783859,6.833928069700526,38.23381764219285,mothbeans
30.132128402736093,41.85998006950941,26.96147439760753,33.004230295989224,48.67094599408856,6.806790806144202,46.26346679067756,mothbeans
22.17843381119379,43.75905536930776,24.250403116384064,28.01493438500562,55.39463005112597,7.0596185697823755,52.47745650317064,mothbeans
26.965704515737123,42.21350267852721,26.2811667360289,29.62355495741614,50.70268530933241,7.101093423080782,42.335001872930874,mothbeans
33.449113102205075,46.44247501491145,27.531356529406434,30.756933878585972,54.472245694112935,6.558606694028502,43.270622213424275,mothbeans
25.507000167026284,41.10139107733438,26.878145468063305,31.84266039575537,50.8470755698428,6.760923537476846,56.60685343794527,mothbeans
28.854907945965742,38.12429947776006,24.571155324191054,29.794572106650204,55.1894447336883,7.165439082283514,65.27994196879865,mothbeans
25.948782805813263,43.180471122041205,18.25409317523943,29.03020001444233,62.37289001629963,7.140810386974816,9.887083321081306,mothbeans
28.370116011580983,49.207189094218094,17.016369655520826,33.03877535129102,38.368266216244436,7.3282996307686945,44.93081099190208,mothbeans
13.250143923776918,42.14146157075098,29.603358996608236,30.727774007643145,58.50896582235768,6.8559133606813285,30.108881958231827,mothbeans
28.459320111685322,48.39881881334222,29.518323416909837,26.024248340797307,45.910633556734396,6.703911290370931,32.256196389758856,mothbeans
25.220949597780194,41.88839586486651,19.27898686703053,31.554256918551058,58.606623664120086,6.808144306304704,43.61982411212813,mothbeans
15.250994121734841,38.40514164982204,25.029539896521303,30.33749519045638,57.27326147212104,7.0854846101307,42.88525042187464,mothbeans
26.430974712771583,44.80975356788919,24.61800770676142,30.635189781663353,53.88297362401529,6.77363437923215,49.183037335340835,mothbeans
22.223870279148976,41.85350512476251,25.113021486040182,29.392130646959714,53.031143007120036,6.82215765265451,31.83359062328789,mothbeans
26.91447547580846,41.11142476133594,28.398681009793975,28.93708619538641,66.37230175286001,6.8670924182526285,37.999122862442434,mothbeans
20.031575400786675,31.677172464497623,31.130511569572512,32.742134781537324,58.60447097730855,6.686368917278477,59.490141452472955,mothbeans
23.24140419239172,38.70867601011207,30.749036321744306,31.317821168961743,68.20661883252757,7.087052791111657,41.8237536033702,mothbeans
21.94097558270102,31.13441834948499,23.885616908775184,32.28918667765476,58.593005035936415,7.007107802296142,37.040524449469366,mothbeans
26.134365090063685,44.86150578493779,26.72287702587994,30.333470339266718,50.21825408031276,7.303513634939204,19.944761450046553,mothbeans
26.914228544325724,52.33754550853408,18.96650645067261,29.51726109059727,54.95253405925164,6.838096015080198,53.290993940471836,mothbeans
27.362255071776506,40.73104178822713,28.18909024467712,30.033501418143484,74.07918693294108,7.05297142677986,46.56225678791763,mothbeans
16.447659752133625,37.391438428943566,29.58951072719924,27.329086299280256,42.054656954188275,7.011310414915651,55.96595605979982,mothbeans
25.21190614348063,38.38660190739355,17.56604824903608,30.904508245404386,58.96765065329827,6.3763936253146145,54.07625958957775,mothbeans
28.828477629460544,45.435116524227254,27.334100367333367,31.307365417622638,58.12432539221043,7.303965312525419,30.449937847008652,mothbeans
17.494702831892425,36.46716207908909,24.480719313309788,30.77627384661636,56.9480899193731,7.390987034009611,54.18796238864281,mothbeans
20.638074458531037,41.145165328242264,21.60867380911265,29.623505923292868,56.93074821429097,5.806950773234909,64.28995231711747,mothbeans
27.832043386987376,37.14062427801565,32.70947902092091,29.30513765902761,55.79511631496835,6.829509466360831,58.215934699546715,mothbeans
24.475076468470597,40.71752368354964,29.815128612101784,31.170278914922154,54.67391160919557,7.388636840325112,65.30786583542361,mothbeans
26.587052243997107,40.560448421788315,25.682508334476328,32.620859001663035,51.404813589802465,6.902588854100919,32.70045640698687,mothbeans
19.08066068680013,37.51455998704974,24.77625202375831,33.53816665154024,58.215956829551345,6.680772521433572,39.176156117087075,mothbeans
31.87374341615327,45.40772967342012,25.11259964089681,29.114947068922337,61.74959701422786,6.652335505646359,48.136243184460184,mothbeans
36.36329495446665,40.985707274807,21.897562082953584,30.820737405343074,52.17994768590791,6.512059454686305,50.60828821497685,mothbeans
30.58917200274861,38.50764797405165,23.491057303614905,28.07686921775634,54.1003863971946,6.803171065976883,36.91173850637396,mothbeans
34.46084415199803,42.239165520397634,27.28958043211741,31.766799137864854,59.626217300558835,6.8554115165211496,47.18042098377174,mothbeans
23.6548475786967,42.104625398927965,26.366763543832658,29.234679478271595,47.02420766246921,7.051182969937928,43.36584409754161,mothbeans
15.548138761456208,42.43677649066584,28.861368448971103,35.056712950417904,52.65281498007603,6.811450836207826,36.12463175648607,mothbeans
26.043209532435036,40.97112726668011,21.754814660853004,29.65014023599232,43.12800599866386,7.324231861741636,38.834565922622666,mothbeans
24.826718242935105,33.15187157777066,22.670585602153707,29.440817692964945,54.93225491823502,7.167906380432879,56.512600667889764,mothbeans
28.663554713846782,44.61838980710198,30.784416439772553,31.139415763045395,54.779756826286025,7.353189167189269,53.584074287693255,mothbeans
28.242829189830175,33.017787534226706,21.63415938762141,29.450291791939033,59.67772612441539,6.992528753325304,54.0949490676045,mothbeans
31.576183143721405,45.75601824965059,29.822162257921146,27.926012190682563,57.895812996734655,6.7873648356656044,31.807469349126414,mothbeans
23.56264433972082,46.35873743501081,26.842968040473853,34.035618743211785,56.06338087160867,7.856730963757517,46.42016980413641,mothbeans
25.112401480768682,33.858927577976814,29.44225096117107,28.99574974211904,51.11771416354764,7.4484306973169,54.26578135036766,mothbeans
30.660256836053392,38.26148255653609,24.796096538778993,29.880291204608298,59.695109084034385,7.5437476339729805,47.94517244158725,mothbeans
34.874455426786795,44.3065332065587,24.060802423542327,31.65742281225795,65.23564167225264,7.699401144169467,54.49513075679265,mothbeans
25.128372268289997,38.95987238053158,27.304278014245565,33.34794899054209,57.60261473328671,7.159086155154084,45.41118283453674,mothbeans
23.360544686843937,39.221754368109195,25.54170394098212,33.436199992479644,53.56171732881519,7.018414226568983,38.07697871674793,mothbeans
28.583155332365777,46.56006005784776,31.497991383827024,30.40672904939142,58.44612569967541,6.946257387240487,49.22414943755618,mothbeans
26.569825762496073,40.27966905880714,25.55101476910852,30.9038445667873,53.23508539092661,6.915126122772689,58.65889610937243,mothbeans
38.552733844231916,34.21903864703659,19.962115182495765,28.0856943443837,54.38026950976867,7.31352317886304,49.73002353638618,mothbeans
25.86015568390234,42.53889062539791,22.23165537348652,29.511754456494764,54.87943270974522,6.445524281394851,35.70951836221923,mothbeans
19.392169693611706,43.66771947368212,25.981419794289664,31.222122400147885,43.962070061185216,6.480751659881939,50.30572352205196,mothbeans
11.106651791669746,45.878220916479066,17.706731425908842,31.686689783849957,49.668492251458225,7.3671163003100535,70.66528731133195,mothbeans
13.634111849394372,43.33781030973111,17.76734914562504,30.853537844435007,53.759367018688636,7.045423812861645,37.7065097893741,mothbeans
28.9027055474825,33.04788237774217,29.96654905159496,29.181499386779635,46.58385593558146,7.558227888169244,44.46125877752677,mothbeans
34.538179852210135,45.86250942070404,21.80741718085426,29.830020398126504,55.726227637981445,7.534206119995254,48.50014170693692,mothbeans
25.881463105482297,39.040577981928124,24.797771856581445,32.609184171356645,55.02223210478485,6.861750955045639,40.4839426750905,mothbeans
22.23117423081919,33.26993921899473,21.998498766694084,32.99684055130064,53.76040443659502,7.2465440839946345,25.169947856793325,mothbeans
27.841556544829395,39.22550701902826,23.074239908437963,30.361919914842264,52.02504847712783,6.256643778039075,52.3779835293755,mothbeans
26.215087806740964,38.49307621721031,21.13525851171025,27.06028496778573,56.34335624240835,7.564704336078876,46.625331813928305,mothbeans
18.086191969535868,41.08056028978433,24.786628151013087,31.728087252148462,58.64039906447036,5.9549621130615265,49.36193763542765,mothbeans
19.98260295247958,33.17570204104624,24.246106358505745,30.821942218060023,45.15559233827905,7.246601745970143,51.1067107802528,mothbeans
25.23488098149749,35.83540657491017,21.08248798324283,32.051864263160454,45.93266388102457,7.372564661286712,43.67840672695651,mothbeans
24.520827501785714,31.801179014016043,24.413133479485655,31.227171032022753,46.981539472888116,7.174522553538146,45.712098029432184,mothbeans
21.781221930838466,44.10243081515826,16.190972924085777,30.69336149748742,64.71661094843975,7.503980098685232,48.11845376430818,mothbeans
23.491596119345772,36.94814772857137,23.788296824377433,31.087614495835812,50.1565371672435,7.265098336317633,62.06528414402659,mothbeans
24.690583824363024,33.54690494424013,19.62102101473435,31.55313110342315,54.641522926237336,7.306890813622418,40.730926006725205,mothbeans
29.15311773769916,39.24016396744132,22.069983778704202,29.198003042395232,47.817673867460584,7.696275845503564,44.2289454915321,mothbeans
28.22257044341098,37.42302816222016,20.79228871208071,29.53223897816413,61.60715520027519,6.817743873010601,38.03574421816468,mothbeans
25.777321221845718,42.39530848344517,31.57139267541273,30.70750095674499,58.86395607118741,7.251746332922113,35.77587694453896,mothbeans
20.18333964765228,34.79729780989288,19.671416977233417,31.590919749740806,56.740300549982535,7.027823622082007,24.25826787678185,mothbeans
35.27738429309309,35.70749438006293,33.20725102375583,27.101517038697367,50.125593048660775,6.22900271612163,47.89699980754158,mothbeans
19.493715895943836,34.8495992603279,19.50994313130241,31.554710125475726,59.268781909405284,7.634211861877575,39.514347031416214,mothbeans
26.094096855234003,33.81119105247063,23.65984390905873,28.962309373437645,57.78669974497252,7.3559576322463665,52.928533526652,mothbeans
20.785938638911947,44.7926459421904,24.823659451568812,29.35080620820597,50.74893107908649,6.8040224719734566,58.93851076956987,mothbeans
26.537053832470118,40.83813686800578,23.951012565852213,34.89195722287606,62.83006293307855,6.747628259820423,42.811079562363005,mothbeans
23.928777283145447,40.70018549575648,22.195096029474257,30.877633046723393,63.71252879223589,6.540230161848543,35.97482610326347,mothbeans
22.584207223513467,37.90338131148242,32.99386349898372,32.00341844002968,60.665934112709586,6.90747200727031,42.70949274570549,mothbeans
17.741472931173007,43.75235309462952,26.96421841923514,32.57199472935657,53.735021719863,6.950377298829861,46.36036422848509,mothbeans
29.459487877535476,32.9429650139321,27.9442245349535,29.959008875654337,48.64817639227782,6.270387986571077,43.908210304973174,mothbeans
32.23856491637035,48.03848640035869,26.421504842680385,33.9240113276845,54.74235350225953,7.333656243074973,41.39015288874858,mothbeans
22.427005803579256,36.74795623897295,16.75788421150275,32.57418451989383,51.1502053651719,6.719496427085681,35.560226547098594,mothbeans
23.978202817318586,48.464763090686766,33.37511540329087,26.678266248395833,52.87331202414231,6.637974780467205,52.90670192969216,mothbeans
26.432967736469635,36.94446722857679,25.290292322364078,29.045162757184585,64.68547656624938,7.191435830255614,50.3585873673315,mothbeans
11.665412609835514,39.67941434162171,33.33284383623614,32.65225814007337,43.91746248447818,6.890300958560742,35.38784427265023,mothbeans
33.55550780181435,41.17253575492436,21.928817761074257,30.068315887081578,39.3558068255891,6.620263543790198,45.291549806610476,mothbeans
29.228376842266613,30.681692221132764,23.475378769190282,32.019371477037645,46.29128005376037,7.0802139921744605,45.52779602484803,mothbeans
33.57190160178301,38.89534627306414,24.31359760649972,31.709919506329378,47.04190799170393,6.9226908777072,41.35419991327591,mothbeans
24.3054409364745,44.07235095502162,27.216645940328693,28.502635382942646,55.820195219963274,7.521654564935183,38.34907440962156,mothbeans
25.725833901985062,39.07282875069458,24.747979936652893,26.738684755501197,63.46457712587323,6.728976834689136,53.20857576122826,mothbeans
21.893116959762445,36.99757767090035,29.852493001861866,31.98776920695585,56.2519953937839,7.266402692432212,42.6915777579488,mothbeans
24.95816186140555,36.82420291617367,28.61625979720104,28.613173337665295,63.91093806962712,6.889458041088061,45.164068512130676,mothbeans
28.79364010327167,40.11454922170999,23.80836674285876,29.939953104383058,60.36291012134551,6.768001722252153,43.990103941813885,mothbeans
25.051433636687378,44.15000893853275,24.600618504514255,33.616598188987446,54.06076853370943,6.916810726558152,43.63174302705815,mothbeans
18.41679285670995,35.023711135558315,22.877332441043627,32.27165969770026,54.80124364382794,6.830374533634503,54.81227796485276,mothbeans
32.7558856644613,46.02583581235725,21.58764001105937,29.009502759612687,65.88241642188831,7.084398892200007,42.85898348083137,mothbeans
28.591739806654186,44.835035523318936,22.714201716286944,30.438879917239863,60.55936041530235,6.593899498914052,45.098763659409116,mothbeans
19.428051734746425,35.27881361475131,22.747599690078783,30.95423907575894,53.06786422817119,6.773053656261058,45.412436506599676,mothbeans
19.26518635866785,42.05825544560277,29.52554704783324,29.841591918023976,53.78410604019875,7.130704123625449,28.77224464934764,mothbeans
27.68408728298934,54.889051857975346,24.509295115541118,29.761749932567337,59.461642000598104,7.575866433869287,52.799742755473076,mothbeans
14.221965607082247,42.70431442078119,35.2877205809667,31.24488209351893,48.0723885203695,7.098640368546515,34.75450198927146,mothbeans
31.164018446344297,35.41176357746596,25.296974538768094,28.284439996016303,51.72131165471205,7.520152726051173,45.82765731914958,mothbeans
22.2039876313714,34.50290573974373,17.513194054402256,27.497438732954627,55.67175544866627,7.343081819052932,40.51718806062239,mothbeans
32.85271800359507,41.125497719967576,19.04795310848048,25.840846559325495,75.94457040740714,7.234128714915599,40.46501007227637,mungbean
23.26918965682651,51.82981117407019,14.212217914297595,29.133367813942172,77.32883320124543,6.527380085024893,59.53967033525609,mungbean
33.804511930638036,55.52150339214619,19.75213114786207,26.935244301401532,64.48011933355782,6.84193745265005,43.68285164822451,mungbean
23.73712981004399,45.55452476315411,17.98798994912498,28.559640530038248,85.38707990975655,6.45744049337871,51.407903573724035,mungbean
30.076659121909266,46.29375167838582,25.757343084845505,28.329375239639436,68.5094607521738,5.875696289166906,41.637188776053144,mungbean
15.821506547864487,47.04843149793489,14.55100208053016,30.511154731838765,70.18147938913572,6.414534578314416,48.038195629564214,mungbean
28.11129374135103,40.65571177447098,16.058487983720475,30.376699841210698,72.12772696465014,6.417774700113105,60.29182212405316,mungbean
25.044659365553493,47.06827101243909,16.73260839049818,32.140797217821245,66.52228019394265,7.044605714432492,53.44183199323807,mungbean
29.035485578274812,48.96480689474114,24.587407020600182,26.31875258567171,76.45381240767317,7.146253947819004,52.86578292125468,mungbean
25.173530335710613,42.173388130607165,18.6142549912596,31.42284559786498,63.97459284321877,6.17025841235223,68.28993272541861,mungbean
28.12274212944181,56.44999934482963,18.198245448696586,28.25256227447514,66.03593833736917,6.550155409026694,40.36370224740449,mungbean
28.424772783275042,46.746760050858626,19.769781350136324,27.21927135080067,64.6314760757914,6.754699519211466,45.338507617946895,mungbean
27.559479560246217,56.20203753197107,25.942085954577195,24.989744114658695,66.77957163794018,6.647507759194368,54.42017414338161,mungbean
18.002971408587896,47.08070613795685,19.959932419534802,31.828650817207564,68.48062778429532,6.9088011848643065,44.5465206741777,mungbean
19.859953510517457,48.89697458297125,24.334923122429498,26.085214547851216,70.14446443890347,6.016447289264823,53.5049364329798,mungbean
29.18461392812063,42.65122410466482,19.003861176224788,25.740409203407896,66.10984951825044,7.115338820675018,55.60163035666635,mungbean
19.98846116674701,43.300231470442846,13.61028951533375,25.971680615719574,78.16203843427871,6.450131151464689,70.59852395283495,mungbean
24.52326080751972,44.80571504056592,22.563576634168495,22.654824835561197,71.22963594192144,6.482854729178667,67.25982087149997,mungbean
29.823396970818088,38.87806489804728,24.96855447451032,27.47537094883801,64.57328064222374,6.568986137804921,53.3271528157735,mungbean
32.69232657014262,46.83935895385253,20.82263568354402,29.80129416571088,76.55722970855628,6.774261783004055,66.71057365072336,mungbean
28.04341206456894,45.90531790952419,24.956688248352116,27.818207719835723,70.19947909806797,7.10255192105392,68.38087405563066,mungbean
24.959120965383384,42.55082148254967,25.852694000833992,29.60083671583043,71.89348752518418,6.387344551433519,57.7364967743954,mungbean
24.891457700561485,41.412573830305824,20.51616931434894,28.530848091279214,67.74762959847861,6.816338991013331,65.63286723656566,mungbean
29.849488468277062,43.50825871984443,23.023286016753488,28.15592279492008,62.58552412860429,6.735455282474211,56.205586037894825,mungbean
37.96774001034654,52.86926266170423,22.844600627738096,28.49834100257636,70.98233353034811,6.148708708728412,40.65335537560074,mungbean
20.637204454592172,44.74232810187968,11.577842887164064,26.911356415454502,68.51432180125344,6.424600706280089,49.5407803149478,mungbean
23.292430928092998,54.30902667186885,22.648581125962412,26.8793984462037,69.58991326982822,6.4900903325217065,48.66436767164375,mungbean
21.154348911280728,50.45682970976425,18.320862489932736,25.810607225938256,69.74115793558335,6.541303413595193,38.72519015040086,mungbean
24.796268210914036,49.687091645480606,21.80491754208733,32.45959023038994,77.50665689387307,7.007126908662799,78.10070897129319,mungbean
28.79078130887299,45.880579122836586,23.894961173725328,26.881527133210014,70.64611791696981,6.27329532492259,58.283372599893774,mungbean
21.7404545599009,41.29058610074672,21.653893172422016,27.724577118438866,58.434873185699516,5.990555077540769,45.535051445442924,mungbean
20.58514046943013,47.23788597918465,20.875755388286542,30.1305587433984,74.51681093765063,6.8751660346639305,60.019268579537766,mungbean
26.04839654545745,50.93649940835334,23.6776511669604,28.752190735107984,77.62643122516086,5.678974115123811,52.60367881334129,mungbean
23.471047671741346,51.22448753840048,26.28557998780308,25.099641259579474,78.46700304489565,6.089994184890806,45.584974224123215,mungbean
23.828571488363178,43.28168505048404,13.766330881132493,29.299755946985133,74.07641454835961,6.868914558657285,51.42399352933261,mungbean
24.802086425137755,44.83569330952573,26.751981765873857,22.331510434733563,64.25833390606537,6.501939294977129,46.0440455619471,mungbean
23.70839821364441,44.31919210360249,17.369255564830127,28.128937852205343,73.76889566654688,6.417306744239149,51.261143444757934,mungbean
24.17117541673064,44.95984372811382,13.038721738662312,28.923107835922558,67.29399262331924,6.941537276183868,59.87619117405042,mungbean
30.850332021098275,39.5405795139395,18.514453435250292,25.515083025085183,65.76885274642405,6.938236898578007,67.27179726786059,mungbean
19.259333525977702,42.52530059108667,19.6952173119042,29.171211283619563,59.441138418781044,5.938949971465046,59.03941568694732,mungbean
15.254807155410377,42.5872940068501,20.648367234235362,28.831331939866235,69.14969142673701,6.371985148333365,61.96770959266095,mungbean
26.426029631828786,41.50611024146212,20.150891586728953,28.766338045312384,80.30942344870829,6.775213283902053,65.02009406162003,mungbean
21.94696301850185,42.16941230622299,19.05848002874804,27.71285470672367,63.951850253182656,6.943076769294886,62.287651011510036,mungbean
23.471610693492465,48.46523750467481,20.89159665201535,29.439655961862748,61.93415725884622,6.449018624380898,54.521182144777185,mungbean
28.118210498058257,41.60643695361648,10.000277103670415,25.83660056463416,69.63371208573456,6.522359478926166,68.89092201165612,mungbean
27.913732203290493,45.44026350785004,19.87043489287425,30.208366764339385,66.45933728705538,6.45090067429079,46.01362050885901,mungbean
32.09453024347652,47.11949425980871,17.169906815984216,27.771089979363385,73.05790457923769,6.4122483805472035,50.590617370871044,mungbean
21.728631570078342,46.83039425590202,18.56778288315726,27.092484530474508,61.98362946966756,6.52717420178451,53.504906629966754,mungbean
23.391758256790176,46.07336165843908,22.99200905094359,29.40313094388094,73.31637100539858,6.415765402477498,50.32226372848476,mungbean
19.780421793387813,41.796954860374356,20.078600380546277,26.427427756695035,70.57634283470466,6.1620901627308475,41.29681691569207,mungbean
29.097030604323976,42.43816118502444,16.651865387104436,25.812305717405124,72.5382158483824,6.981217699013788,51.67464064669931,mungbean
23.92218312668709,50.78681193540099,12.758217182566751,31.933737285825334,84.66460181395821,5.552781864702971,54.19559836143675,mungbean
21.405264840652183,43.570232437114434,18.326459721536306,29.623518196958717,69.32458055819205,6.181182475030015,53.57947241931522,mungbean
27.57392118481205,38.60790483006748,13.415065244120079,31.98548560167064,66.14543992174939,6.451926454578167,51.718187901939025,mungbean
27.74043852041071,54.57306558469163,22.319735366917136,24.963269704920016,61.69525943794882,6.3603623286355795,52.78707610385055,mungbean
16.390243652266996,49.42444096894198,15.654717768474086,30.98660312425151,80.92379558323432,6.413111263578738,58.62152428345002,mungbean
18.840263889578992,48.36785216298722,18.00723030626252,25.825529356823292,68.2639900704821,6.3369881970581226,52.317434925219025,mungbean
29.748399514081797,40.759338999767046,26.940091999095504,25.34988073434929,79.69258163907158,6.144221282332658,54.99164083157292,mungbean
22.549019432609903,43.14386517369559,23.205428945422195,30.99965359445762,77.14314822973385,6.358300283680354,56.520105584837566,mungbean
21.08961063165819,39.64562831209665,15.414796377085324,27.12485338603174,71.49763378608965,5.830864694086974,54.61758195370868,mungbean
32.58012562274762,51.05831977300028,17.659263693893337,25.206254181434428,72.75898183878896,5.688900112427375,64.15877145603208,mungbean
23.932062710583796,54.889021731117964,13.092138057694136,29.836292450415666,69.39694697911482,6.384132313984772,43.69879141199981,mungbean
27.97873953355858,48.651141877795034,27.140511207863558,30.016100525721185,66.4366280262656,6.14864809573387,43.709945673440316,mungbean
32.36612172819735,40.797858864899524,25.920919475885228,29.050144081724135,71.97941728956377,6.392596090603895,60.45055153226857,mungbean
24.92264618581599,43.00624822606842,22.7840191465928,27.71205578155774,65.20999132756704,6.709939371411228,54.47211834106434,mungbean
27.444550058789023,42.54915676488739,15.163514781276177,31.470147925028552,79.27966846458145,6.8093247364416865,51.800561845662244,mungbean
23.498410134194636,52.46456820784091,18.584679849730346,26.734887927305405,81.23340805381872,6.483312811435145,69.58950896023923,mungbean
18.00804044654999,47.798198367036306,28.28433039686646,28.059501489317725,68.41597304639322,6.091286828840553,63.92933019909079,mungbean
21.149359586796564,44.488033779294064,15.061990880829555,31.113789200194866,76.92931186435409,6.488945337775404,45.47827128140784,mungbean
32.67953524621316,43.023968673945404,15.579180636729927,24.47576397505491,66.12420920863735,5.990876657114521,49.8617280986867,mungbean
28.722043668488574,42.97283911453374,21.422773528454844,26.553330680935538,70.39101439818539,7.1723152877301075,52.124989856278106,mungbean
26.922147188098293,36.54615297167044,26.080424489667482,27.04558674211027,76.303201899439,6.4568868964843835,60.045529761421655,mungbean
28.355062136055004,42.55682216663133,24.36762574304741,26.4820302720138,74.66760532016525,6.363428147041714,57.88385307621449,mungbean
22.690034988228696,45.26987026341562,15.701225193232933,28.495113969377588,70.26512700975752,6.310946256074635,54.54601927728006,mungbean
25.670022380839548,41.671671912368396,19.484965697081325,25.988896118210157,84.07439823376605,6.870691531072865,57.253026371460294,mungbean
30.860564637383476,34.3120366259076,9.769281048663975,27.201417876500187,61.72861513838735,6.417188066443085,56.69666728490792,mungbean
29.602072491703055,38.85337448491385,21.598522744640288,28.028779386304464,72.08505585959851,6.3180798172362405,66.41086490386249,mungbean
24.48245675785137,54.58058400692035,16.838445385271104,29.485654679911107,69.64198911663682,6.385290154166633,60.216601558857256,mungbean
23.504132604052053,30.62538717935043,7.74852750730277,30.5448443205681,77.38155074727817,7.160569331189581,54.85539195167203,mungbean
18.53682599001054,42.73424724968459,20.04569806144525,25.98592355142978,79.8914483378432,7.283826007875308,58.94581578102397,mungbean
24.94568126650902,38.00717831623807,26.185735584624204,28.152613621698094,68.26501360953633,6.668410931036088,50.16787988583922,mungbean
25.734375865609092,37.210679005433434,24.348348757009738,27.791177917728653,76.95280516380407,6.429602337755433,53.87635240253218,mungbean
18.93841285854021,49.10268765429797,16.496640183907633,27.027155253601542,70.00628311649523,6.542428464291275,40.92470024320349,mungbean
23.84597067255992,49.29424318067605,18.48664786190439,27.550536491573357,70.97443630505636,6.45591384860855,46.49824710530226,mungbean
24.818269381665477,50.367995118031835,15.795296210931639,27.251036221028365,61.71021205638954,6.82948368267162,54.2380447935875,mungbean
20.749001831970684,45.49823424077316,15.185599140418189,25.933008937079187,61.239198820889314,6.12662726685491,66.1980350679984,mungbean
21.33440834358702,47.517615662317986,16.654794320176315,29.51906749152644,63.84350799441211,6.513729774716615,55.436023306418825,mungbean
36.63902668213296,48.40429655509289,17.628383942682905,29.37009792730103,82.82904682291125,5.929627368330497,48.04952314880801,mungbean
23.81551220443353,42.74772357343346,18.6689732066805,25.391535468813515,78.42373632130007,6.002086990533183,53.348244320614384,mungbean
30.22915295880349,44.837001771412396,16.082423332388924,25.302648687252084,68.62000482383331,6.235039651952337,56.69315650654957,mungbean
17.9927442613791,49.39039297919316,20.462198092657857,28.379672788704955,78.6464606694401,6.346771575569847,49.0120122684509,mungbean
22.261181858265633,43.96035652457441,19.636140420834685,26.338604526796452,57.86148848180164,6.303674849692337,57.96856174686684,mungbean
25.681291531267462,51.47759413705946,27.821946175855153,29.518667542916937,78.29512385444936,6.768371002292092,69.10666886140092,mungbean
34.25426817145634,50.136291922206205,22.825520585698342,27.589535656125264,69.75197631421653,6.3817569340274085,60.12532578988421,mungbean
21.398259813203257,43.96802646718849,10.5793204592868,31.44617978954502,68.6771525044821,6.659453153067802,67.02674023136908,mungbean
26.5014671872059,52.79945599130453,15.033048751394531,32.7947531791954,76.5226611909326,6.5732208723703245,66.75690449415993,mungbean
19.15682557005314,43.44147965464473,25.77700158560952,24.26587963821007,73.36274664975284,6.6862616559458035,71.24611298878284,mungbean
17.085222901388818,53.69200770797082,17.76211702740439,27.105981080176292,62.66797367824124,6.119251786886577,58.32905936649486,mungbean
19.438340426093223,48.99753540172574,17.348135812120987,25.573932388302705,66.83314512184063,6.617847517114707,52.71183558906909,mungbean
25.17105059166399,48.75952029391485,24.329685806467793,27.379809382821136,63.73466790654305,6.526633067622881,58.88285908535859,mungbean
17.696373470140248,40.19071519615904,17.123252416148237,27.584355622559247,65.43379657823928,6.747464253783915,41.75765108796806,mungbean
17.10140651402788,43.197000417838105,19.297388783440574,25.090712254283794,66.35950694411461,6.359634663903319,51.7552919370673,mungbean
25.759407416446457,41.42747402411277,25.911345200033093,28.976409279467145,65.15731887615206,6.533079022678651,56.023126378496244,mungbean
31.073607372488905,41.7579348838517,23.069354790882294,28.083708951564955,78.9493990986926,6.951812008423793,56.62507926288895,mungbean
23.6885868949197,47.73567191226906,19.278199891491337,31.36061421195667,70.47082046906208,6.358025078620507,51.208175539890114,mungbean
18.934822074006462,48.005419291703944,16.71995518944199,30.196296504375493,62.24238967599056,6.544534507140638,64.48934600760398,mungbean
14.238764676881818,55.8986339364778,18.298859211207564,28.28219076432428,73.42869535309806,6.754145169640443,57.259542490642374,mungbean
29.98692291853184,47.80298184977779,27.043524560129214,29.044655085709195,81.78781311929852,6.81537759408318,40.102561462411835,mungbean
38.05551339193921,41.898541814223016,25.982176060806943,28.053586886238875,76.36654154561548,6.259032381196972,60.1623924804891,mungbean
23.734047273027972,53.526616802585394,21.754672669668036,29.87188528260313,57.01553877116158,6.4700495620739815,58.38705098923094,mungbean
26.118074532198534,50.190248954076395,18.53638301945018,28.09757421006926,77.08736058648995,5.702458848794125,59.86214163851631,mungbean
23.330575870032234,40.07348212741044,21.34617689710392,30.454902593617312,76.23486298890509,6.45271043918268,62.22486295102782,mungbean
29.34033949222922,44.5281951393369,17.227677792047167,26.72953193775534,75.02712009320882,6.485248615200558,46.36899668722265,mungbean
16.575685822454375,49.49188984132045,17.812886310943107,28.660775511311964,77.43824144241474,6.04187643310128,54.62761661076903,mungbean
24.146529268905653,47.05061152839099,24.95663999368174,25.341096370675185,73.4187876922346,6.861033321247795,53.46238922235654,mungbean
24.312765035534383,47.25962659251858,21.37926831155915,29.164705214734244,73.3676831584073,6.1563096930345225,63.16969860606578,mungbean
30.83391581095119,46.00484762592761,14.023378773801333,27.770508587999817,71.16643526164341,6.099389916774614,52.028860975489636,mungbean
17.953153062207292,48.2793780149268,20.663821259608206,24.708433670371512,72.10878916949189,6.480221868413398,59.26041783272384,mungbean
23.04233783122286,40.67201123598767,16.916621494168773,26.92365956690319,70.11295057948628,6.551785462898677,53.426561008083155,mungbean
22.883402255017405,43.1024223527704,30.03089914202773,26.458549697003583,66.65216794872285,7.652848937928852,58.47335974529956,mungbean
18.10009667048152,49.550510901477224,16.35984444319541,29.818123015610194,68.73422632377591,6.346071452678707,68.27561099282755,mungbean
27.832006763296224,50.25414296222572,21.739678718079787,27.111110952413803,73.66812652154925,6.923225387439561,56.11158885901982,mungbean
34.00821302173253,49.592630897290306,20.84793019908645,28.502973062035636,70.82342277380575,6.062066425041753,54.25690438457901,mungbean
26.105932426705834,42.753140345160745,21.35070807481878,28.042614980710223,74.64215134659261,6.732089333373006,56.37901462257494,mungbean
18.16393554349001,54.66990278887832,19.432436005715427,27.838227092609735,67.94487490780368,6.329055920377062,67.73847889600432,mungbean
31.9302216019304,47.39972437931942,19.5699993822771,29.238235970027507,70.44278189061623,6.433421978586916,57.789373852427225,mungbean
22.794211265272775,46.36222702561854,20.816883702486543,29.20587204251585,66.28517825514635,6.748547723506789,47.52293018315833,mungbean
22.137166741893807,42.14380468061298,15.711792910505288,30.031324566771325,64.18568514286122,6.255379281907665,65.35711361151479,mungbean
22.14708649073175,43.98402950025428,15.951883996333857,29.66590241524537,75.0804174651464,6.758631066443206,59.43462108260003,mungbean
25.367945555097382,42.16836599853488,16.740122773335916,30.57981105352334,74.58882563035954,6.257343520479852,55.32861208784086,mungbean
23.499424535074933,38.90766218918895,20.71060550648521,27.16901467152161,64.28478000222589,5.982303606050383,42.09862112330321,mungbean
23.142869361526802,44.54048715970546,16.498796759350736,29.301478855314457,69.60672074930223,6.701909858709527,53.49098598095141,mungbean
21.06441182396447,45.61623488414852,14.94930195192671,29.078877041273294,64.3771047609212,6.821381384286707,52.207740093504206,mungbean
30.312667581549583,38.937834781623096,17.28892119708472,28.761869893697142,77.02298256056054,7.0833131179102224,55.3412708503672,mungbean
34.18872815393378,43.43581143094268,24.39507048945189,26.11563800608139,72.52120304117952,5.6804074357002445,45.746874153861725,mungbean
27.333383990403824,37.91283019811718,21.70779844315674,29.812916241624727,66.99207884369034,6.16086646551403,51.0879604191984,mungbean
20.170938404079074,44.453446786714046,20.40836249955233,27.387979753806384,80.04615544112093,6.248208663109558,66.47932372885633,mungbean
19.793803818439432,45.39299887768436,24.732421634192278,30.262714304506638,67.4784526137986,6.694274402024971,58.47472744022986,mungbean
22.3003041070363,48.3261296605996,27.44996868820949,28.943401330125262,73.39813827442403,6.735254242370248,42.94694298932009,mungbean
27.301123366031444,39.50949829587195,17.6404522372088,32.323883562377006,68.48043034204714,6.24093906349702,64.50880627593648,mungbean
20.261614985788114,42.58393662137574,24.996208671944668,28.08553513061592,60.630417729240826,6.690396365012917,51.729156473116305,mungbean
32.69925743265122,41.72659048277568,24.204903894903705,31.551396064731428,64.89434065713057,6.4323754427346325,58.20615851169172,mungbean
20.71327123722913,46.45959271222228,19.10031884997603,27.50986485681327,70.29363035624867,6.524942650452497,56.352016344877335,mungbean
22.00586827271608,42.00207268851133,19.525649644700678,27.91048471752841,67.3669039603203,6.613378874730106,40.02821557342963,mungbean
21.34766870545524,43.48838973850459,16.57553925187758,31.25839602961778,70.11317108034972,6.561869387379066,51.01334665928495,mungbean
24.921105398135197,38.43763129276524,19.320731855619705,26.125983142808487,68.33557849146302,5.604029201794126,45.69397353034091,mungbean
32.31963202257167,49.48414784518073,25.276157343660927,30.775442539341846,74.03792454498686,6.341495960117303,46.44267969330861,mungbean
30.733723027248484,45.348667061691906,29.97609126552763,27.269804047978493,81.83737512868288,6.445122873256485,66.02240092738428,mungbean
33.48345868616227,39.47607038782415,18.060007686836524,25.934041548602938,62.620333070450656,6.733473397683732,53.37781594544557,mungbean
25.26183161595068,48.00369132885571,12.57045266514034,30.57353200791411,67.90543501996049,6.68634045718325,60.12088092363551,mungbean
36.85398280381921,54.307941240631976,11.505450163828277,28.114255226907122,66.2042411489696,6.138008699300959,61.32741588989645,blackgram
28.194907826368542,46.13782393473543,22.685939580037136,26.87254969820441,62.56172471157758,6.33809740344952,71.11930737717732,blackgram
29.79541919113304,55.52205881560242,18.237455382454414,28.925733644509812,73.09590829070403,6.726751286120277,66.1818026520137,blackgram
33.03115102942173,45.89039855414632,16.495524673203448,27.59002521280175,60.644815745040646,6.1274120413354005,43.15041833216483,blackgram
23.267353934329293,53.30693132153884,19.72229453272446,26.41389244773885,65.47355127609936,6.348158225682068,69.81516228636464,blackgram
29.191871179875815,59.59578381725132,20.81285504917877,25.19585792151189,64.45605094557695,6.067531565234961,59.02691245604771,blackgram
26.274345913846552,57.52095602099973,14.630582650135196,28.029403650558873,68.43449349537916,6.817658449258149,53.122490179041996,blackgram
30.088754861035877,56.21537002121639,26.188505118171072,25.037339878499726,59.533384729573704,7.481561872457628,57.54212444439623,blackgram
20.54503095048363,51.15516905390211,8.924507114142552,28.481841424912307,69.85870856166932,6.180918168340936,55.76348469973644,blackgram
34.61827077684456,43.44857793201594,14.713715151201818,27.54376963656872,60.48599097519909,6.3971465858842445,48.6262471253413,blackgram
31.071567429607537,54.015061637812074,22.19676197693213,28.400799000960586,66.24014043497614,5.99379242591446,64.43332396480385,blackgram
28.34566799097779,53.90045116951252,24.19305750556324,26.56112888696621,73.107105970754,7.005566354780583,66.77505993627935,blackgram
25.09689594616289,40.57046457886225,24.315339657039765,28.22277012266216,60.52881517507122,6.910746820314461,52.245970072099716,blackgram
27.879223708845288,58.46427640449216,15.54558867354049,27.781038180785867,71.53482310348016,6.573888760267396,71.22683703141313,blackgram
35.66801179002999,55.05107300718269,10.653034494570447,25.788455409569387,69.58000467430693,5.957412002900149,57.059766702717454,blackgram
31.692403068445163,64.69916659202596,17.699921214182343,26.713024581833743,64.685325401027,6.622819539433536,58.61177855343515,blackgram
35.24634174442905,49.72565070201209,20.480643733516175,28.890425420494037,62.59860314056486,6.793898477795988,61.34062687118114,blackgram
33.94422856576137,56.28108711312229,21.505618285948913,26.73521648630129,61.21536976885266,6.928538767975072,65.71959400068299,blackgram
24.885174168887993,56.19369860272189,10.504895785858297,26.852119672601166,70.76616605971944,6.456199043951094,61.06121402699428,blackgram
14.918093767398943,52.4111261203014,21.35308889530885,28.930579750796678,70.77413426800618,6.4264097868793,58.50909768638266,blackgram
23.339412852950687,53.650157841456895,14.953699750408806,24.304259760389165,58.48892377933653,7.0280397177313905,57.56494918638051,blackgram
31.09938681511683,51.61092474209283,12.83779592219241,29.872226249859416,51.96681116086647,6.30582256312292,59.50846607234945,blackgram
31.152448217149274,50.20530061010946,12.648154067780101,26.397813415329125,60.50745207428203,6.229417276695722,68.73052731186843,blackgram
23.93198610930429,56.98646321129185,20.633188148871664,29.92091015494334,64.20120876957841,6.776895838519145,58.45001875715312,blackgram
32.171962632924,45.08058882416821,9.446887694835565,28.755093707131707,67.58709875623538,6.666425816603159,55.27560736720789,blackgram
37.448611261051866,51.96480641613566,21.68351607868948,29.189272450008158,75.31244095849466,6.389039633073558,54.121263843937626,blackgram
22.509273077923382,65.24562224397232,21.68564362819416,28.906122211788603,83.70022544794352,6.613765659415205,48.27910735409971,blackgram
29.02048212503512,48.56643610159889,18.41652642166891,27.194820794490784,61.477853653597705,6.012351123125611,74.33251470305066,blackgram
31.49424022219197,53.511884570978424,23.030551318062972,28.942134549698782,66.65414439645228,6.73974932546839,61.20541269382791,blackgram
33.351107284957955,59.970541185793316,20.650874940131214,27.55921101300777,74.18238680872345,6.332734461079299,63.521822403846116,blackgram
32.06954205369533,50.97691817506001,16.768710458754025,27.292295958260297,62.04669888094635,5.989654303426397,54.13654425732652,blackgram
31.331114923172812,63.35522765538075,22.217565340694534,22.800931003259524,68.84782228854397,6.304646874936498,64.07772067218987,blackgram
29.92932370394686,53.728261667826935,19.591057088151434,27.95515138346044,73.06642983254146,6.493118934520219,69.7698251986308,blackgram
34.699529329228284,59.40250061405211,12.853524719481289,30.233265312323212,62.25259223518647,6.7505045483761705,51.247204500836276,blackgram
24.074629783483722,68.04416566308592,16.17206773264754,30.292213278103496,65.71052192861913,6.35295797957394,59.59654004102814,blackgram
23.494527517343442,54.90922109457908,15.669038744416163,27.20911241137203,70.55179738381746,6.58896673679518,46.660465510075305,blackgram
34.25744063456935,54.95314157139966,17.831258926362644,29.49335260781786,63.99675897813798,6.092018531033,76.63028740304644,blackgram
29.91356278554506,54.46285765041737,18.37957931307764,30.35993147891518,61.85072895114776,5.959257049415939,53.89190104293619,blackgram
36.63387300227396,60.492072265616976,18.979937389360554,30.746510283280948,69.48765337293129,6.406693722727888,58.506811304090284,blackgram
31.646588659727172,49.509546132218816,20.018020262037403,28.61702672922658,54.87820256834876,6.433737887101236,57.272494331708806,blackgram
35.14034009980161,42.82631984084718,18.473975921185158,27.036490705270825,70.7604257835296,6.4847587007222875,76.16485181087133,blackgram
33.31106690953193,52.29252823834918,20.958634786235834,27.291862381261083,70.15637654294252,6.033730800348145,52.586736210858,blackgram
32.27844959277461,63.0899925615759,11.192125615443205,30.748942431980833,64.15918922943196,5.840643763321993,32.98444942299595,blackgram
22.353069670958604,54.86994795142035,19.73640784876446,29.266400869418618,61.70307693463422,6.11218580874384,56.28222251105196,blackgram
30.168051434557885,56.52310044670483,16.843341202910377,29.80289340067072,61.271619369655795,6.195598923186283,55.11847641478539,blackgram
35.37420087851304,54.12354341059165,17.22194598772091,29.85221550089709,77.85649123969247,6.573388922008132,71.1045821477889,blackgram
35.18038975287395,51.002777639055004,20.10653672190493,25.434910740592024,63.77034640183019,6.280833370805997,56.374026385419285,blackgram
26.25052484309832,53.10516106590926,22.12893074505966,27.76101617912001,53.81376081346769,6.23885780228553,46.325405826975725,blackgram
31.22030112990884,58.32189460275764,21.02619288741666,26.425191213401224,66.4811235747873,6.335460010480894,49.75597095224773,blackgram
33.70964959854465,60.3989831745769,23.795581924334023,26.783302799935086,72.07617387615848,6.327246212035177,65.88151189384662,blackgram
27.445436691166623,53.521717719277916,10.315288570443242,27.39617357116617,65.54653980071016,6.356482633922656,75.80569261276625,blackgram
24.18766957337362,51.28036383511409,16.380509560056588,26.87244604200906,71.18847837764423,7.017311128014438,53.692866501729526,blackgram
26.384962286383985,47.36295091928016,25.225141546077214,30.242008813832605,64.36410920006728,6.011365281292592,48.240036910893735,blackgram
30.853147251922966,58.62563026174689,11.735420779915406,27.357380178924235,74.7097753373443,6.4238717776794,73.40674281711561,blackgram
33.24523064477842,47.84375463448664,18.829314826592576,27.742611522910593,59.284930591438965,6.16054619201617,73.56091732906705,blackgram
25.11319690153524,62.11767810429729,18.254062086539935,27.948721340233654,68.37106650943143,6.290504464483362,65.1111388214508,blackgram
19.76785150225809,57.902068763536604,10.125879501713456,27.546306546603084,70.12545791191094,6.717803357120432,48.31430568934253,blackgram
24.151678019532415,50.45476453387061,20.74486344943254,23.936133619912592,64.92065854490865,6.609000280830022,57.45266537216115,blackgram
32.62660484026526,56.47657944495295,17.833382962404418,24.12762127948102,65.80047848942493,6.166423622169508,54.79491637624609,blackgram
32.39562108981543,64.35440033066672,19.847759506231963,29.108129672891742,56.333123953082655,6.585933253348262,59.46084656090554,blackgram
36.14613790313091,51.432974058210206,19.033449531350517,30.11762893426559,64.4477972456321,6.111905516549456,82.9646994596111,blackgram
24.607036183316332,54.572979461773144,21.386752624102453,28.535235018062227,63.86153777596161,6.435333870315792,57.885613203408404,blackgram
24.42033070704314,69.19144681519,19.12003632914649,29.19386198564619,62.99208285391037,6.375832714675581,55.901007035973144,blackgram
22.250771060053747,53.939900475202926,18.37196938272228,30.343049018369555,57.81979929449291,6.297998487855801,51.91403579921326,blackgram
37.21265197005904,49.26190426395917,22.249199378904546,29.94032294681196,64.12326253150755,6.018116149670836,47.722615271126784,blackgram
34.2988203239804,46.68007947592094,21.56810644423965,28.228698219641192,67.26279490586616,6.665054682746061,51.59696294023888,blackgram
25.122359104926293,59.71851908506265,17.482621557742412,22.499703015989702,68.89253178730318,6.137308549175931,64.20422290114728,blackgram
36.96410924658485,55.11063221792885,23.983063326654126,28.307595361072405,74.52457596884689,6.128262511935013,59.92606517625159,blackgram
33.365808025207336,53.7432824037337,24.608875986610677,27.13592092097844,77.41622690977333,7.242769126495286,62.538647966045694,blackgram
32.763005901773084,62.865031475122606,15.251210404130532,25.37599997084442,72.5385134831458,6.59589596550555,57.961452786181894,blackgram
30.055616514405806,39.25212628239714,19.237750742171993,26.493906521613553,70.5084298016905,6.8482607724344025,65.1901221071692,blackgram
31.977293243995707,45.11751145844623,22.362572319987496,29.258795891046766,72.47115592261238,7.241373434350569,44.76695393785552,blackgram
28.057615871908933,50.10104019475955,20.690028753540297,28.026803716436078,63.59550756151913,6.85966152649041,50.087272099372946,blackgram
24.79439266303697,48.240113210752924,18.558689650296053,25.542819568176306,64.70857106720437,6.442078431879197,52.92136397400828,blackgram
34.36883127028098,54.60729651330754,24.250589456127216,27.609900297591135,64.85483067061188,6.303026158361401,59.93658113518064,blackgram
33.561156530660234,52.285194067016036,22.073647850138656,26.374506077908517,69.55430339313325,6.297032960440825,67.66511885906145,blackgram
30.304882712168325,65.03829464038103,15.383729094983163,25.047646453376263,61.3026965241466,6.01538616818799,47.5553859501455,blackgram
33.10775380229938,54.972419963476455,18.081276093182964,27.226074805389135,61.41657401404196,7.077629208736665,53.38044863121267,blackgram
23.389330509583502,60.25393407540976,19.136977506608716,32.07754737763577,61.84276616723519,6.796094462914877,69.73977597539374,blackgram
27.393320838989982,50.096722931800365,22.96546612372362,29.14978383582786,56.536339395734444,6.1050475272933475,37.17212995546795,blackgram
32.97693426989401,53.27194052530408,19.351398316098873,24.617111804596295,58.41138588146404,6.3327143806013515,53.94906959866961,blackgram
30.589180377588157,58.850889635769974,29.07845027714079,27.95996593993815,71.69241597858168,6.209509528057079,44.9254831652218,blackgram
28.23849176644938,44.455036662030004,20.058692668676414,26.43909175098267,53.27437167947249,7.107608801051062,55.161944582051575,blackgram
21.81190348527901,60.92793381734811,17.08554254984286,30.180332067381325,60.599633991931704,6.310685808408021,63.10348538529342,blackgram
32.96609690352055,60.07199266644795,19.641035445082682,29.057233443109165,69.47377164154052,6.570199198498397,58.71607698062134,blackgram
22.77352525884435,58.954549434747925,20.168694796564605,27.172768295298585,72.66659818154996,6.000258228480339,74.79632683828397,blackgram
29.88863360682767,57.09561997811913,18.419823541878916,24.66585417495334,64.16234060920532,6.617160717412477,66.08602901762335,blackgram
29.009834007805495,40.529237048050845,13.833354621669498,32.104039247526586,58.444784097367304,6.999467310383723,51.593219363241644,blackgram
29.087720451360664,59.126374513359366,16.719222213676506,31.18443027151811,65.45437014841046,6.6612977962048845,57.59153692782787,blackgram
33.293601435085456,65.42003208300909,19.47485624950714,31.459425581498472,61.33042514972529,6.767433613773099,64.40202902618745,blackgram
24.657089636588154,56.41114405060639,20.02946375140149,26.29361564744631,67.14801460516476,6.551201341137981,59.34671747423505,blackgram
29.657112654706577,54.405932291104115,18.52920151501469,28.279668190029962,61.13651472581732,7.4298833220145,47.316000790812154,blackgram
27.076319613827707,51.662102109792194,28.161973657298148,25.359730700045002,67.55553378791666,6.586937922766289,63.00242074207093,blackgram
36.1817158130547,63.02447377433079,18.19617269391953,28.388034898987982,53.815387807087134,6.534682552982675,52.85409514951273,blackgram
29.068087870197417,43.87654569220982,21.6194891468763,24.606862608848786,65.88970764074952,6.070723042442108,52.35323068377704,blackgram
35.77366051272581,58.8802584430299,24.596812550682174,31.11945426500258,60.362967757161414,7.024640081854305,46.81044909438989,blackgram
33.730501672724515,51.74397108364019,16.278799429442735,29.228939734608886,70.66970915101528,6.8203439353262905,61.93373900005313,blackgram
30.659786506646196,58.47731946561936,21.215056302068763,29.08271167917196,66.22399676666429,6.794974338577227,45.35512974104615,blackgram
29.34363262456807,45.86661314061913,21.10680807041954,31.283860351707396,62.15549130831819,6.544538210604025,66.80838043429475,blackgram
19.661385341167374,51.55407081784836,21.458062637091402,22.206010548685448,59.13914904155017,6.8853002906834515,69.02697210405653,blackgram
31.8715911368505,60.82250442362497,20.860416937685855,29.11078981488463,63.106077746956316,6.540534439022733,54.308666522257596,blackgram
36.31741672091157,65.04229210271453,25.519651202788292,27.183782476644275,59.277355763809474,6.946940781262557,64.89516482332272,blackgram
31.642921707618214,50.818028239362036,21.70265525054706,25.82944388067613,68.8043741364742,6.982610344862174,74.67940989517157,blackgram
33.54262027054908,45.878657772500596,20.789320523784085,32.27936348811543,59.78833045734629,6.479286449481424,72.7217191662088,blackgram
33.08566961036793,71.36903174160169,17.068522467085646,26.020488428518355,72.34475261501105,6.081442480104963,58.22908810064217,blackgram
29.671767275702116,61.83753052434709,22.457071872100986,28.914129828353726,62.585414732589996,6.92525140667868,96.23241638454539,blackgram
33.45641049461458,55.65783656980912,14.808548116031357,26.725037101365693,63.717738596316174,6.312889915906504,59.855299489258364,blackgram
38.89008038403644,63.231301654636944,19.364669134126984,25.583440110668278,73.02420585741447,6.482831004288522,44.46149616957881,blackgram
33.56215059246518,61.76953211594087,10.296366380261324,26.35089071573419,64.33727593215372,6.757078818958016,55.35828073838246,blackgram
25.839290490130317,59.799317047889865,18.126710506743365,29.084109301097396,58.33090607015246,6.0266834432672605,66.79742241813358,blackgram
31.26259955158607,61.088207839358965,17.869627996314232,26.40978939504051,73.16431332524546,5.9669644326019355,71.26314638262562,blackgram
36.60252353741192,60.6765907941561,17.248769931958208,26.36695232654928,63.739665362010804,6.04673611310901,51.34475401121763,blackgram
33.22367145754523,59.285704153879436,15.801700693860175,29.352243870600148,67.72581983443884,7.028460189101986,65.1222279768077,blackgram
35.29290526867189,58.14871210013939,23.91971643878875,25.42576568686445,64.26953325733452,6.486356031120365,57.80625047758246,blackgram
32.21943315158363,59.186905719671955,21.569028308284594,27.646112237557325,60.58561952092925,6.884015125954682,63.147595349524515,blackgram
24.906930708002957,53.72166222511248,13.026801289170555,28.070741228694885,63.809720344408426,6.298936567375632,74.26140170823176,blackgram
24.21922940228944,59.662193481103415,28.746832643727494,30.154535807433376,64.8107673074134,6.103075976201835,47.7414404107399,blackgram
27.94224152521239,50.465795156168205,17.12181236416747,27.347373089057513,64.38651744268589,6.669824181675854,48.859834024838136,blackgram
26.58878101933475,53.94616425337162,19.218059226306924,31.672847414826848,66.39347955634315,5.9352435658142015,63.763632254280886,blackgram
32.72831861371989,54.17415501358473,15.146413302363195,31.516109390626927,58.580696518512454,6.731270272245577,61.800454761575416,blackgram
33.00405274514885,66.26526229950437,22.24655548856414,26.882671545912935,71.63595365076776,6.279115192484558,61.47202210255741,blackgram
23.53458195992105,48.18034389957744,20.205546681744746,28.736173417161744,54.78565626385382,6.674050578800233,52.62513921061532,blackgram
36.39844007835583,52.677034769758244,15.505510921800056,28.151609115918504,59.50258999352765,6.944130799501594,60.0047718677979,blackgram
29.241616884533563,58.90588672494465,15.980210243198828,25.421692689342972,67.45010947664983,6.115115252196917,50.09990861625489,blackgram
34.18378015610444,58.465423125894006,14.984681830188354,26.761727914117326,59.57761066432208,7.1217117543142034,68.15409384813547,blackgram
27.895775769973632,58.80288494966705,14.575255256276684,26.654707697621014,65.62917959565132,6.65828076220107,59.122867870379004,blackgram
31.24006755357113,55.517020635690635,19.34569039191073,27.407708815618214,62.442410763933296,6.581178128020006,63.697340302795105,blackgram
30.99179583659417,47.22125946999301,16.004288595427248,28.797763611896134,73.83003980402526,6.553345411545564,56.29498428770705,blackgram
31.121702277213878,47.49697861141137,25.235772626145852,28.373188289016056,60.98325672073671,6.441621586867494,55.256673911427455,blackgram
36.558349884084166,53.66521540964941,20.621462984462372,29.147452913302583,60.555400377412745,6.567798313147305,62.46992012454789,blackgram
22.229605894896896,56.66779682593223,19.816951740227445,28.259932584231994,65.2137782809434,6.5907094555325285,72.03608903108542,blackgram
24.10246293957445,52.74179458569723,22.666474515851345,28.961851735455824,67.75643332005251,7.463752025485668,65.52721971705036,blackgram
35.65468898127512,52.973324411573444,16.02835050441087,27.37136514153273,69.27176102806042,6.642389749190212,63.62926233538992,blackgram
28.92827806601436,52.53290271583436,19.280571022826887,29.448950900330427,70.0443645690225,6.1478154226150705,66.86108303488304,blackgram
26.74639384621885,58.09488290215095,19.232137030150046,31.13157709847797,62.49155222611313,6.562514144313174,65.45933841803485,blackgram
25.63020574938559,54.51914343418216,18.93366046150745,26.972373033188052,62.36166199110056,6.889205109347878,54.613043387157,blackgram
32.83203941335803,57.07632701340555,14.412079536899297,29.038338876852883,56.51892074145383,6.719832139857806,55.435275211822365,blackgram
30.04183626628226,46.457752332466164,20.489529294419263,29.85390083594124,60.15820743186428,6.287491519849596,64.09158921210741,blackgram
32.398091618234695,38.93441663050386,28.061625455131093,29.05710696709666,69.18151197471776,6.449760843668294,43.3018184230298,blackgram
33.3736103062512,51.26975901367615,22.17572677673336,27.562397859474544,66.42823627469826,6.228751266506764,67.77950048411039,blackgram
24.05810480271164,69.82075820723865,28.951794539948047,31.265399170933023,72.65287391464706,6.470408074618225,70.49892035172488,blackgram
29.519117508619363,44.746784221180974,26.01280565612275,30.25764892584501,64.81196535406738,6.0711855099340974,54.72419391078924,blackgram
20.89427207556245,61.23753362727865,13.58676413254328,28.573661740293353,59.937839913321874,6.000653794250184,62.145195839507146,blackgram
28.33100307343984,60.532048095807426,14.929578925085172,26.485370709052354,50.67414674905466,5.735478661185227,76.18373168980662,blackgram
40.417991220498344,55.61199295447809,16.704684936373955,27.403102149019787,70.24144521491819,6.3199638430622835,62.138704803375205,blackgram
29.936219747593753,51.24583637745314,17.895229016032516,28.58664174337102,59.13867118167535,6.658105270968231,55.75578936315736,blackgram
30.63683652324115,64.13415293671248,19.32723181909219,29.839608680383986,54.24780286469703,6.335372945225792,60.249197589684655,blackgram
39.61665339603229,42.06431625048472,19.615160552428893,30.913377701832527,60.289877568398765,6.425506416351015,62.985650865499856,blackgram
30.9225427686139,65.33408513799912,21.793895240292926,30.655545791028437,62.839949856140535,6.240816106062396,57.96849126282328,blackgram
24.204484533161992,58.19117719498663,18.456487548979016,26.65642220004505,67.991950457726,6.099699477708999,66.93451992470214,blackgram
17.608313057543196,62.65003653102161,23.42904968708173,24.263819333115848,66.07737424263743,7.06036565580007,50.87957513718102,lentil
11.683012938283781,61.65803735899807,24.64926831016837,24.579032154709626,69.14147886121314,6.529346231646031,42.68163675859763,lentil
23.27677550724502,52.99855640589061,28.745717117865986,22.643598114273953,71.14045866468973,6.948156569473185,52.30379994971319,lentil
18.12994400629863,56.53402225280601,29.771410859810835,22.89156908267336,68.18704666210313,6.816226026687397,50.996832341963376,lentil
28.617053784691493,62.93141820486104,25.317615260782873,23.428908175872067,60.78877697869419,6.739459958807267,52.47518230038892,lentil
24.25306794784564,59.94485791961206,20.56296377638196,24.953965461357264,64.46735792373468,6.454553025512862,60.69107789945537,lentil
27.316394983689765,56.740730083448355,27.83517440762094,24.534898417488865,73.37463291687351,7.0548239839011035,39.37849378049145,lentil
30.049038744855636,62.03333547056828,22.96190317890894,20.94074985528518,68.0288805824245,6.702608986571347,52.639962831991674,lentil
23.717034206391318,51.26148353922115,20.53556802926265,23.771636935743956,61.799672868338156,6.851133525006339,39.25338850430188,lentil
18.739086377626812,59.718682480863976,27.423730030587187,21.42328405825346,57.990413784091686,6.8055172914131274,54.48826237615527,lentil
22.025875700962754,51.61974502721535,26.191297769946413,26.004710942551988,66.23086812385417,6.228398222463483,51.62560270480514,lentil
30.219784856063043,46.50322063343707,25.118898647316087,22.54732913393573,65.57529775565038,6.86798825360382,59.1197758885034,lentil
20.423916432004052,63.42991307759951,24.52937736485407,22.299726452050734,60.98490210176836,6.1640195398079465,52.206251295406716,lentil
30.270001442359213,58.02435415008669,27.74698941664672,22.17393734997109,63.53399965235798,7.144624520916642,66.06954912231856,lentil
27.439739678984097,60.314614556204944,25.140602317562035,23.419437828534647,60.478956083430475,6.29314136754407,40.985613137920474,lentil
20.249000172609687,53.07285107458393,19.12223318112126,22.925353241900527,63.089418053204334,6.389502900650572,47.03856791503944,lentil
18.395234996418278,50.93019487649852,28.70668065910376,19.194196875813375,53.085206055734176,6.801150024557182,50.769017515138444,lentil
22.021075680094867,51.44277484535798,21.328304779630674,22.985367734610104,62.350531187912026,7.342874991629493,47.40618200059846,lentil
19.73407424141461,71.33775972134642,24.22095909307725,24.11231373039818,68.87785660031813,7.055990575301375,52.31589812329002,lentil
20.969203972052547,55.662206312924965,22.696024391064906,23.651037605678535,77.17187502454755,7.223738668137245,52.431344177797094,lentil
24.27914899052995,49.263439002377694,23.957951383201124,24.89569968836811,73.92300316074915,6.530196839766617,46.13129352461474,lentil
30.906878969392682,55.63532424847522,32.29344789080152,23.413714634551585,66.47708169395261,6.693078189319036,57.54044113208183,lentil
26.78888775152,48.16898528107028,23.590197791118253,24.83015704874844,64.22270817329404,6.627315086013376,58.07633723095522,lentil
25.517266023562556,52.032362201563885,25.84946611195178,20.583050408191532,59.62711453712781,6.843457831246683,50.25125430063875,lentil
15.165619541346828,50.274572096811205,20.73982252017776,23.910119713826422,53.1941648198486,6.445947969653931,35.09646761734143,lentil
22.0951030192899,43.10195856963897,25.12691679414216,26.279048031494845,75.04060388762541,6.167932350787412,52.38727681304765,lentil
15.055143518097726,47.125302164312295,24.546120182439704,25.45658231386625,68.59795324532215,6.549700675030992,55.64027197928002,lentil
8.781458340591604,50.03055773034061,21.704433821194996,23.15664138347786,63.78303221804,6.7504851172330405,48.60224375915089,lentil
20.112036204945436,58.564864381924274,25.59732410440953,22.431296366790882,67.4104896788287,7.089143240278467,45.55179287421897,lentil
19.70298634663662,62.66858331610747,20.588957290930573,26.609404392511887,56.96507015156254,6.679122386078342,42.398480024991905,lentil
30.939634984346885,51.6778898096088,22.99663537388587,22.25850252012016,65.5736168473637,6.685045377383421,48.93690556302081,lentil
2.3539502348813137,55.37725491761206,25.07122648594658,25.077137594824787,72.85436568967641,6.734302178512871,56.529832653391644,lentil
14.492156097775968,60.064459461794286,22.710096803461692,20.63060506373989,63.886467930775694,7.290165356519222,51.44804429384677,lentil
27.4824407383919,50.05836408881569,29.191404418191958,21.695679925526107,66.35197202893522,6.875838990030795,55.29193387139338,lentil
21.25370309955664,50.121382050376006,28.521227808370256,26.463313188650787,61.49717946646329,6.157668773244239,53.99455654683031,lentil
18.344098029739254,54.13472115069504,27.224711022924048,22.087215140348803,63.38688817193797,6.7649581690721945,61.75803150388013,lentil
20.150348020567908,46.84455436662127,20.21648607543554,23.2784598433192,58.22343199585413,6.253193779576543,55.08428792747208,lentil
23.422492014343224,52.57029887630057,26.174637164606835,23.376243288391002,68.61451631581451,7.0116624663789295,29.153691299782192,lentil
18.797505207588028,58.41816764197568,23.358173635843944,23.072405278519653,69.50419989006846,6.828323831638257,62.06335533787893,lentil
25.634931261405605,54.217476590388536,24.207815317100884,17.29935178959727,63.04098681865685,6.3263558875513155,51.76983633600498,lentil
20.76435355560001,59.59264798977674,30.586681887792764,22.947461140656063,78.68249787153917,6.881358005826966,39.518268850266935,lentil
17.1896406244494,52.53987177796837,27.368508604613513,21.1055001995414,63.21214470314362,6.74363590172137,46.41503353875565,lentil
24.057076908398592,59.23272116387135,29.666268540415835,22.3379496377776,72.2151654058874,6.322601019908034,38.89292559208114,lentil
13.930991569543934,55.06079717137179,29.809512466311023,21.79571583872074,62.139839570213375,6.724393715641732,54.58262498710124,lentil
17.611873483227132,51.479448077751094,19.61841894656924,21.856557777645758,72.06477051761199,6.831824102967467,44.08116391801668,lentil
26.180719863644672,51.13759088640276,30.67982231792986,25.8072139558002,65.33606975824802,6.27550766541991,68.31600492276604,lentil
21.93638028132273,52.862345636844104,28.824511659100224,24.404605574042694,72.86563009931864,6.568178273962036,52.54778730219514,lentil
14.070648848775315,59.39780701189214,24.90821852149125,23.562018510973623,64.12190165695718,6.712153912794073,43.05415060788229,lentil
23.952151073421167,64.8320466424935,22.77332656435966,24.10708100994219,67.59310174796146,6.8028342339721,37.787234133082265,lentil
13.492013244447037,49.84551912239964,16.443981105712275,25.81606145981123,67.20621937507828,6.789513633060308,32.478113445857375,lentil
10.880645724897999,54.98454683796607,32.88195986193591,21.602711608253838,70.18278808647463,6.632034157313764,50.44191407431093,lentil
26.07341924446466,52.71671924090081,22.23958036779147,25.836141108249528,65.27334692668157,7.181921781705157,44.518008852922506,lentil
27.03337104480488,56.805940011928435,26.739150504858635,23.26325862285835,61.96715010802099,6.79941101632676,46.45927809608507,lentil
24.79773031322393,53.659822697346826,19.013971088824402,19.641152530021433,54.639691086077455,7.016289765143879,40.787965509012444,lentil
21.500428879192835,55.901391815443326,24.741165620360892,23.87681040676474,65.94982122254315,5.851594590026667,47.41099807321208,lentil
22.125515670317156,65.825866550983,31.74583046632999,20.273698972829486,62.90164820412336,6.2518598152022005,62.159080600880664,lentil
25.064281040742756,57.313880053296955,25.66437944504084,25.761262200698948,72.26795116856083,7.205315643829643,53.65343887825808,lentil
18.25385850242919,60.06302389131588,28.26416762102046,22.61872506081608,62.89250648699455,7.196659644345373,63.31292887015685,lentil
16.25302109542617,53.26171394204337,26.403732305818792,23.97319799549722,61.86580184455224,7.459232220620415,53.37676212436137,lentil
22.656917042352763,66.60863493797757,23.20375349902164,22.823136247115443,57.48006662587023,6.7396773347112475,38.088579808517096,lentil
23.73924677096586,57.771978550461945,23.89172277184584,22.799152584364304,69.56879849113395,6.402471369588536,51.633342939620185,lentil
23.497549032293723,43.23699108911221,27.739752022808077,19.651875073476866,64.2944330968908,6.392813113566671,61.44997263432012,lentil
14.214394729238261,44.108746713028474,25.533408566385262,22.172594039958355,55.9723686280164,6.984035319704197,34.068007500402565,lentil
14.818795137084376,51.20355941522282,28.20888956862056,25.590936734026304,71.61669348396543,6.746354173338219,30.58153404163875,lentil
21.95426510609279,64.70578667888245,29.935161631254275,23.92589801948744,57.86298341396928,6.616142548730054,65.4705151899654,lentil
12.91635232667933,47.424247894207454,28.770206204661136,22.137681510388944,57.90946926677227,7.334789912553055,53.68844782516112,lentil
18.09099417811411,47.4378860830632,33.18962625543975,22.951096362506785,73.38396837481696,7.1127717406133035,45.832787506694125,lentil
17.435294425051094,64.54567832636387,30.85006933047991,19.24616804775853,68.29868156589315,6.757574818346733,41.73341469649195,lentil
21.30873047358599,46.092661179489795,23.1341785814156,21.403052534460066,62.00125241506401,6.774982527218303,41.87546670475611,lentil
27.86589514436649,58.25566934040123,32.17825211352822,22.67984006184396,61.70726022621734,7.41544546507256,45.37552208100812,lentil
19.108539890054377,59.752312909282274,20.049096766810887,24.4225893695873,68.50008239698762,7.244263861313241,57.120356024081126,lentil
26.499891764387854,54.27121545664449,21.54931872517176,27.219970828166723,55.8398263068682,6.300720422394167,54.52102432407065,lentil
28.124930240886748,56.25103558303349,28.997214798808823,19.008394545056085,62.00273022691318,6.144118267499859,56.24328766582928,lentil
12.263843367054928,46.56639561618453,27.05610081984561,25.12364870403546,64.0461913506247,6.999560376437978,54.30230533498474,lentil
18.92286570278764,47.77494381295076,27.25956562753857,24.226191381550166,70.36414641854155,6.9092232484276135,40.65200069216539,lentil
23.4517008068459,54.99088487049295,23.06905022270663,22.410728325612574,60.85845692965772,7.11109532259905,38.65508213135983,lentil
15.032570325967908,52.83009896116681,31.455003392955998,25.108561098185696,55.15495518051665,7.27297148106337,60.79536173586947,lentil
14.129958369886785,38.35837541406346,24.711113510611032,25.244848818599642,74.54757181880122,6.495210457473562,64.01583283730372,lentil
8.860338020916494,52.570865948726706,23.33115732313701,25.304674049848607,72.78981479563868,7.133978279401688,39.19559961003284,lentil
24.31309515899461,58.35967699271705,18.315062458881638,18.865972342396624,71.22793574012465,6.736965244657264,39.718543260360995,lentil
18.959140356456157,57.402671135347134,24.66859549332981,19.896027693747826,76.31334142138466,7.151476289145762,47.316980386612265,lentil
18.524526720488563,57.372616805106965,20.481514417038674,23.645352873073936,57.0156053788354,6.775313024104192,40.65142800114513,lentil
14.409580088366427,65.86176924988018,25.236903577138218,23.414812970802334,52.93172083351206,6.591049384517633,53.68969694963478,lentil
20.970681329737523,40.783403179065544,25.828551666628325,23.733117607099377,72.7025719891922,6.57066910837158,32.06345023891463,lentil
15.016146240974223,47.75937074346752,27.946835511119897,17.566526823209365,62.30986123956427,7.299028415752039,50.057699702669076,lentil
24.48158408088212,44.164130998562825,18.59204194717471,25.87448491569047,65.60729219454352,6.8361460267732,41.05477737514403,lentil
20.503908644751156,47.43681204895537,29.7474817956226,28.455661419736344,67.90364632199197,6.577768765088459,29.730733356042734,lentil
11.577679427288295,65.2620880847791,20.883232626915706,22.258330236626975,68.93195584747507,7.318801429776627,48.4033046306893,lentil
17.976665651669826,55.47269878817051,22.48944873344313,21.85236159341409,67.47128070520324,6.86485203124207,67.05284245246867,lentil
22.194244083177146,62.59756061741926,20.714859293107477,24.050314580060544,60.66211192039364,6.938408642153795,55.50811678491873,lentil
20.24934422000737,70.88834976173364,30.71191907643381,25.354490665658194,69.58571715422008,7.417176286205516,38.50424562024627,lentil
26.85141558995288,48.45778754080315,22.742643523733083,24.122784888123334,72.39932099306434,6.396248178911313,45.899640978578155,lentil
20.487660362506553,53.769984369008284,28.41612824494075,29.87185523196904,67.51592425115528,6.542681246643189,39.627933354888036,lentil
18.373730432071973,48.794350752209986,26.870199167901692,23.904043271568455,62.22099077285026,7.494734254824324,44.11642144608085,lentil
19.40284466050913,59.2184735948728,28.568219575079315,25.5551530430864,67.57097887395943,7.167819445275799,44.679134623776484,lentil
24.59040980175191,60.97121239103224,31.051546699014143,19.663128015542917,59.5569013063936,7.088099339278555,28.789084160948825,lentil
22.46003086894175,61.99470920454702,22.69449900979824,22.139619999776176,58.55517591656058,6.617458508094009,46.05945198430594,lentil
16.585793627672395,50.13132402662232,23.915980860446425,22.433791368687757,76.24479139916633,6.662035199909046,52.753201729534865,lentil
17.11558516761849,51.10866787944639,18.182517849069512,19.857267504377813,57.758010322082,6.864293892166025,58.609389242276684,lentil
11.06667736552241,51.37609311109781,19.532437162598605,22.4714458117329,71.45461696224291,6.643591159437208,49.61986422240243,lentil
27.276141981961572,58.0221461413522,21.95963257673279,23.31783057167145,60.03470593158626,6.947168704457599,54.12272123258207,lentil
13.164201497507737,56.15598615474611,24.52970696801632,24.089354794344224,69.9880823061148,6.967107361443611,47.57445317296198,lentil
24.666650104320002,49.23778567635234,19.717912026522,16.6094266308784,64.57915428957708,6.512458746177297,53.182035808602805,lentil
10.143863029778162,50.7286215640633,26.881079623457943,20.94032770730204,67.45554049167717,6.605042091726186,49.73753352176002,lentil
22.975790032084277,61.28846035256107,25.369969645282428,21.37197941024251,62.2517668257221,7.0229343770804356,41.829971332139145,lentil
19.109667016798973,52.45316495081427,24.58655286672414,20.981434941501245,53.88833388672733,6.982259915585875,57.71305138790919,lentil
11.039125212509218,57.43491266211303,29.332731659380705,24.191822093524646,62.4999789279436,6.469776270587235,50.64782463479992,lentil
21.238925294234402,55.63232957362893,24.279461479529736,20.834696551754487,67.53612974785311,6.964799073044733,51.606577003693374,lentil
20.554968225356287,66.08304661912429,22.502484861706414,25.562870194913312,60.595853184668975,7.18813270053475,59.86694040064435,lentil
18.534743982990587,65.9623561568015,26.876143546984355,21.245455117718866,62.755060433664745,7.196466807137328,57.384517615013195,lentil
14.709797993103546,54.08090173954272,25.81409193110605,21.984790821848783,79.14679834024831,6.881782310191864,49.5055024727756,lentil
25.95425522129045,52.589590670063686,29.02971044246929,19.66453520883403,62.2780757225266,7.167174646432036,62.56158176471737,lentil
16.133521434970035,49.12717720095692,27.269785721481835,21.753932210164574,63.388532493467636,7.106741758658005,45.6471825470879,lentil
10.172871242321571,46.412842725001184,25.039822342881124,19.27315370305423,63.21703749621608,6.312766219314603,63.11951205492478,lentil
30.825712973828363,48.01589912454235,26.027034720151672,21.079192536006296,63.144106387672934,7.431214264784532,46.26649161818812,lentil
18.56981268881443,48.7793068362972,29.584757510659454,16.473466594951947,62.34321607081027,6.783939867052589,44.711381361192686,lentil
24.317727538655838,62.93338007420513,19.35184194848194,27.18697330754161,56.46044705387891,7.251020738586544,51.198621588285555,lentil
17.481494514430928,52.29817826413948,24.865948837358744,23.416835723727562,59.479073891770845,6.718121014812564,43.83461741657924,lentil
13.924752364630635,49.605742763777876,20.400101469218242,22.159690174498962,67.59484943281049,6.842248623962287,65.7947582132852,lentil
8.947734931400415,58.09765037701364,25.02568095409741,24.631340684743932,69.29879122586246,6.742252887452688,51.38121027885404,lentil
16.279653935407577,59.0502878637394,17.484495791509197,24.553652877298635,64.86095933458334,6.629528286759118,48.13973440442619,lentil
19.204018827058096,63.562204819171306,37.93397465299405,25.439741648300764,61.608045284661465,7.020423638499848,55.38663332845987,lentil
15.374196387763899,46.6787246383435,24.746876284332846,24.61541520540287,55.329150394391434,6.5476857463209575,54.58121367192325,lentil
20.2086180663529,64.34740589595337,19.354530183694628,27.70432986689891,55.77204533858252,6.0897926984101085,49.528697764021544,lentil
14.327705358769954,54.744212617303795,24.705092484181332,22.60845157578514,59.94553380681933,6.951429653402892,47.461303081862646,lentil
25.518324353773817,53.80954313331318,21.141410308533644,19.624578896313228,63.96734341130977,6.355778400023082,39.20030516796177,lentil
22.637286545734934,43.267377596321616,30.648773513331648,23.31943276879108,64.73694421385024,6.4378319208072945,56.1149783707435,lentil
19.985475332013024,50.47176215791071,25.799298786606357,19.63442908912124,55.18803721070517,6.407934870144622,52.79621814087771,lentil
19.98370839096934,61.923263152667964,21.320040591325693,24.149335680962682,64.31677668562831,6.469934181840674,53.08246136570335,lentil
19.669940708773836,50.84781331864037,25.167996348576366,22.740939228125217,64.07787158889498,6.65559239753122,39.5604116888509,lentil
20.37382707947436,49.702085133438665,20.91868452942373,22.518600311794785,69.40415926503307,6.864964727691843,45.75086233313929,lentil
17.143269710660714,59.19636753044587,15.41305692221104,24.59472997839896,53.75590535041796,6.304607232086957,45.8858733498942,lentil
30.850620714654227,66.07096777609416,27.825951023188544,23.7130847565909,53.82633819192515,6.8548653570082445,45.60622785152023,lentil
15.91665333188639,56.02170039383275,23.115559962213204,24.7385990919377,53.384271394323996,6.826253997821094,42.96722221188765,lentil
17.95182085542153,57.01053436856299,20.53076854955973,23.32846427862493,63.72597076874441,6.568794597188089,46.235420111912646,lentil
19.22724054406537,49.9322790170828,25.028377901302445,22.44364675666785,61.33230477759824,7.356444781866044,53.321919380492965,lentil
18.08643883688523,55.96267884344308,20.89271945290597,22.126456786442834,63.07953529737051,6.363622131531541,53.09883238395534,lentil
17.47193648693587,52.653919994847136,22.72512056350658,28.9181811812862,61.024309098955925,6.07596306613996,37.200544232329314,lentil
23.796513113477175,63.820587765108655,22.272811234508584,25.55789933927093,69.44953999905526,6.733681954154869,47.91642972983571,lentil
20.904351132078265,60.79120842621403,26.589178262380088,21.64638339640261,63.954757717842135,7.493442209152673,52.00971037836953,lentil
24.346627134413076,58.56324091584493,26.09343097599081,23.217397800030138,70.38434375194987,7.051524782358739,52.11114782409239,lentil
16.53118737226056,57.544688116619916,24.731968254127665,22.383488177309847,81.0726558497964,6.26133204230226,57.66810287245986,lentil
15.686645278730847,55.86589022966641,35.27435007636074,21.075262010351874,60.65676407103642,6.793870191996939,43.2222643389491,lentil
24.420281754701506,51.47210572198225,27.616038560597346,20.341621736399862,54.15901098707465,6.719855257366432,37.45193729569924,lentil
27.59134456382725,44.903296962733016,20.849253249317208,23.82723977094922,61.481816299627965,6.268564210546338,66.31971328057568,lentil
14.99183098420213,53.70469847052278,24.16322991957588,24.420618303933157,67.77411476402635,6.510619636794148,47.39338226045355,lentil
18.86538783229092,59.94313268811051,20.326712340565596,27.036221113511566,60.444899675243335,6.796937711135192,40.72008448245407,lentil
13.509204941796916,49.22877250008768,21.11790712934298,22.17148595169034,59.126209827417554,7.043443347452973,43.736128837453,lentil
15.530922532740423,52.406405496826025,28.971355514785177,23.4297523472208,64.40186282067518,6.298434330510962,40.85833232109032,lentil
13.607950299801882,63.62521807623749,27.12225249252659,21.276758982151613,61.61377013704607,6.511148438316933,42.913110268954334,lentil
22.301505156080903,18.84985511686275,28.324670977189854,26.500719649033996,62.856882042800336,6.734974941231844,88.97710824527256,pomegranate
22.98895442264792,18.604669221885366,26.52110420291345,24.808558766099843,56.57416215161809,6.544475431850328,119.79879658989222,pomegranate
12.831248330816072,27.353151310674903,19.25538477018345,21.1877020483687,50.486741610141664,5.922217458046746,104.31460862459537,pomegranate
14.808535248267402,20.6746706648188,24.536868120663392,22.655966142867726,53.39137784185365,6.0438216865293946,89.46591119744544,pomegranate
32.87011812636686,23.111732656441767,18.94107832442558,22.77662392763657,54.7441996260614,6.545517763267774,89.02825667317295,pomegranate
22.650295978855645,16.186210039758365,16.16644930006293,24.74039091410041,47.988149478613614,6.755156038501889,94.7965012733437,pomegranate
10.860453906413932,20.437996502243788,13.259413501644023,25.386724019311323,53.50771402449642,7.147879475777387,110.26620803230965,pomegranate
14.696537468840877,11.91704054463433,16.979594972834505,21.557482794339258,65.95442852126257,6.496389869251947,108.30121795961013,pomegranate
18.57484543724707,19.281330046877418,19.869491909964367,26.213078637184893,56.869748534047595,6.129933154783167,118.12082646773145,pomegranate
18.535922505068434,18.177919504493406,8.68197879100386,25.268799182322674,55.6060758379713,6.534973979810665,89.25974843667085,pomegranate
17.123910799336088,18.52167829267828,21.852643484509116,25.2782355460667,53.61381046975241,6.8321281230108655,93.87461792050094,pomegranate
17.478867909381723,20.793662299629457,14.56245432602456,24.465436618158495,45.74690736684177,6.140295564005682,66.2336474542881,pomegranate
19.1244152366425,26.438534809236376,19.53169335567426,25.287170758866253,69.11388338387434,6.641419546842034,84.09572836462068,pomegranate
16.862156986320812,20.002632832892026,17.468421418956304,22.883826000373137,60.91152345555694,6.859154698270274,71.53178213080653,pomegranate
15.909152410498901,18.143982452346428,22.396355784661008,26.286151177011313,71.2118076056433,6.337014346301069,89.07586582062609,pomegranate
22.94285007818857,17.27113312418056,19.436152554037932,23.16992378243291,39.27007646857493,6.543131630553041,92.40135632993524,pomegranate
26.3561552512845,20.02196163014542,14.98101008674331,23.483802254040953,42.45350294118023,6.076178757680125,104.05596004618022,pomegranate
18.763297800231683,23.690032957992262,12.132430996487809,23.515077205352494,52.14692500967329,6.834547003914622,104.58686944637438,pomegranate
23.21126075044149,26.165640152336405,18.527651562853734,26.670161670601438,48.734763094721586,6.121692787582007,105.72663864385133,pomegranate
12.476296307955991,22.291062513675833,20.405252774885305,26.143705457309746,54.64333621027066,6.519617131203434,102.25702614917991,pomegranate
16.686752249701108,17.175174770039114,21.897717759373677,23.941424381738724,52.55611649617432,6.471025565105816,117.7224729866962,pomegranate
17.784907966300537,18.111921546871937,13.17022310135002,23.91529412368577,58.94130106744235,6.792669340488304,96.54210082323509,pomegranate
24.779167865404418,22.924921607520968,24.451800918769052,25.968605310955123,64.4198691766435,6.440607391701812,76.08942289634851,pomegranate
23.318593718427103,23.122212757291106,26.27998157352456,26.56258071233941,66.6728347351874,6.716948893114287,98.26055093512545,pomegranate
13.075084393371267,21.23238613805632,17.789986572514728,24.423020026864943,55.327079117857934,6.665106756097547,93.61303738907623,pomegranate
24.675100953662923,9.107382748499768,20.759974300631377,26.404979558305122,66.22029105073729,6.756186468434772,119.00958307180117,pomegranate
20.84467997879371,20.01145030370825,22.117662572911005,23.99361143421787,50.30585519189584,6.319665914553835,79.15182108841476,pomegranate
22.641885474326223,20.04556725000191,18.55885553296761,22.86663248632542,58.03033807719776,6.773156863213525,78.89017554980114,pomegranate
13.56157665112191,23.81803982248406,14.499467046045616,25.094973667644968,64.70145519252408,7.066732181187597,105.51468441650731,pomegranate
23.544047576610602,29.00762980078582,10.662417348424917,23.07132864783873,60.09095109445961,6.381949547255315,112.66684089765025,pomegranate
19.803229698449037,20.52697544135039,18.90130134301625,22.954978082383878,51.717340221114085,6.594908203892872,83.96244923702415,pomegranate
24.766024417456435,22.612903698411294,24.39766576387936,21.742151288014004,44.80314071928134,6.498534985528883,136.30790874322318,pomegranate
26.331043890472852,17.782214765973148,21.698048537725363,25.455173814887367,46.78967055560283,6.979369054162111,92.61420619280159,pomegranate
19.546595776960697,20.095138637735424,24.57816055723158,22.489635683597186,44.75817997129329,6.613034352515015,65.87787227203292,pomegranate
18.4944820243223,24.747497159435273,22.316375614034953,26.08471213145055,58.722108191216975,7.343617071074193,86.61758530589039,pomegranate
21.990658385041616,18.247518115149397,23.827205079659485,23.876850247899007,65.31306927666427,6.3142144156093085,115.05155299146702,pomegranate
22.965697652719854,19.87015572365208,22.169769351439697,24.522528775058383,57.13572808151086,6.427595124416963,85.00236376734138,pomegranate
18.324644400187346,13.26742008820711,23.367793330130503,21.52967205564904,53.694117668585804,6.726815764518362,106.96140321867374,pomegranate
11.126740315813807,19.63260769909969,21.83897879779529,24.104032218524654,63.06444974604127,6.212367585029889,65.8011638947897,pomegranate
24.051630083842607,17.851655521526048,12.965837609656008,23.682975218867053,62.38334785559021,6.057861583765556,128.28794234374857,pomegranate
15.810592027316691,20.348043416503,15.123470328609567,24.08322069739203,54.197513069447936,5.978677134184119,135.26803430755047,pomegranate
17.523314154906526,18.022149770775886,23.87614351741462,27.628509766696936,61.758621208025815,6.079586956940695,98.04820338529895,pomegranate
10.593137588075027,23.606820325289426,13.459247445878152,22.393597352781526,54.980790975812134,6.6557522963993545,91.28168161661671,pomegranate
27.59541838366441,22.89295832876912,22.578899016256834,21.541198196030674,65.19620738527242,6.218927199502521,119.75997967006609,pomegranate
30.110975284627855,22.0506261294551,24.128052390717684,17.834160473886264,53.829985507057735,6.885757973971839,108.17427132347571,pomegranate
13.901383309500613,18.825111840528503,9.854537979195413,24.825985680345507,43.700029592639055,6.89566724497565,111.85382926522308,pomegranate
17.62816592796751,22.085103721816353,19.131605103757966,24.48381679002973,48.1164434605411,6.717872418133968,71.61311046930207,pomegranate
10.850349188353091,19.512286733332033,19.155026881554882,24.544603461103502,51.102955058582026,7.159992083024957,97.28862109865705,pomegranate
21.16440889258113,20.788935509628182,24.01163947579231,25.15203482896893,57.652107398249676,6.757594436702957,68.99924142207752,pomegranate
11.065761747071113,19.695765018794226,19.209304469272393,25.159619688096416,55.12010141310103,6.703652727058974,77.25026740875168,pomegranate
19.946277147956526,14.635773048168863,21.547431737485603,20.24342991527336,57.08986059124528,5.985850216686011,89.53472894658941,pomegranate
24.474638457246243,20.90951995439367,13.417359105102797,22.65521231061195,45.991728847139186,5.906834525138183,96.67670025990914,pomegranate
22.801491717800516,21.762423682862757,22.410507259519004,23.976178298228362,53.35965868750019,6.12442573552819,88.72886467755539,pomegranate
13.393258073369147,16.61933789149232,20.355707481752166,23.764387824918156,73.38836822736866,6.028971540873247,93.2173432281471,pomegranate
12.881339443981378,18.448856496120197,18.611627271539263,25.689760052466276,52.30200076469247,6.4330381399803445,88.86796903477087,pomegranate
12.994741279713955,17.39159051282757,18.47225313966473,24.147651766812768,58.35368372334895,6.41789122160114,91.40648823826581,pomegranate
11.395934207564736,22.158938069025403,17.216408451399836,25.49424647645955,62.898639687125176,6.4342297406574485,80.41781424908604,pomegranate
19.91650693456851,21.394807992074554,18.737919995013115,22.871923181241353,58.38119326418448,6.6741523961429685,90.065372625338,pomegranate
11.72966917369655,21.82551274151781,16.930691226234494,24.428682150740617,55.90694339007422,5.838868400535067,96.15541400286492,pomegranate
22.572662626872276,22.548609661241947,20.46946300438525,20.04562791210082,62.662486373119826,6.643857933639903,77.8526995564707,pomegranate
16.061184799208633,20.924896837178082,22.71913677319302,23.024074287304597,59.95315244427445,5.872531609814938,80.14495909191353,pomegranate
9.678179950789588,16.410379428521228,26.03230873817638,28.115604469170805,56.407542809382655,6.2765497774560055,91.84163141287405,pomegranate
22.36669945416511,13.74807659344367,17.71000329607518,26.8697861489005,48.725739584029824,6.23784128525846,95.18800959773553,pomegranate
21.415711297523547,17.49998381520211,20.307857533007823,25.21587906747888,66.76871094258189,6.455814467197826,94.41151325639699,pomegranate
27.637261729897553,17.80333656680762,14.702587868951277,24.500497951317925,61.45705015052749,6.62636649731989,93.61752687995175,pomegranate
12.758033134325807,19.766523018926506,24.932619705265346,21.531765836921558,53.53151695718037,6.364380343744574,85.05770986841213,pomegranate
21.23961502259503,21.77322096502403,21.731307619173748,22.04638047276975,45.12409783399791,6.591835952785755,87.79065365887222,pomegranate
29.19156189843393,27.538038784059786,27.96275917758416,22.119778197930575,58.41621452045256,6.804833381038019,105.80654782800772,pomegranate
18.228010279030705,25.116659611861305,20.001899945466093,24.256212249870877,45.772999289337136,6.725667739350546,91.28913308159315,pomegranate
22.323894310502624,20.94045479921847,20.723746306655084,23.90857285506663,59.71959840796272,6.430387612090227,74.26343677279499,pomegranate
22.84477803186967,16.763977900353446,14.70295262927144,21.955513331714805,56.699994276141524,6.466218418916802,64.60926682716192,pomegranate
18.08172028473665,24.676924899899056,18.194817316266484,23.669046893144817,61.25794862396292,6.778421240371587,109.55995299903688,pomegranate
6.137231949731486,26.934092153768443,22.545601741711717,28.9229528280483,50.3060438153543,5.882792288022881,95.10286300833377,pomegranate
18.623138351214195,22.614655934459286,24.299713378345423,23.825411710241006,53.55575172512364,6.682951936830644,91.3473165138819,pomegranate
18.300089495516062,24.148539754701144,25.03911142761429,26.167932487726187,53.990621723646846,5.7510738542863855,92.88806326890192,pomegranate
16.210099936614757,19.481099923957647,17.315636429129565,23.958520289068797,48.76434622461061,6.051748897148568,112.42335362663522,pomegranate
15.151711933161732,20.001326501025414,23.818059386411342,25.828608252459144,59.76908922949211,6.606003280075537,105.31704714665011,pomegranate
26.86544066303077,21.700090375981492,12.651190612743266,22.942933587699805,59.17822043033253,6.280516423201709,118.08651248728567,pomegranate
19.68410085916784,20.340995085437743,24.498976795606943,23.634300205381415,56.05766221436912,6.81469321939969,74.02014372436997,pomegranate
18.573509188062253,23.31661318151648,20.262400593370376,26.93466762415496,45.54445985087849,5.908499381218854,105.96803286187372,pomegranate
24.329036074663875,19.226999972672665,21.601577600182896,25.490413955262813,50.116820764889525,6.252603068732745,97.70359805358058,pomegranate
24.5204447994686,15.336172294568062,19.208209472259924,23.511526736591122,57.507754630256585,6.496955570496908,87.22115893080925,pomegranate
26.24282890378703,17.84297007351672,18.831614547914185,20.817004728160754,50.718244738924625,6.680626626718667,99.56857787805676,pomegranate
22.997584950328807,22.20392914378268,28.350856145180614,22.50428234510618,45.28345753939127,6.1323064513749665,84.97296133939982,pomegranate
15.128365316915446,20.37464339057942,25.010619622228084,27.07931814593983,58.025851011079624,7.249445275408905,89.92168394392853,pomegranate
11.837404789987868,24.21271227155268,12.64562243300375,22.48999395460039,58.12067339453678,6.464166481982927,92.27892312908104,pomegranate
14.096049835899969,19.95679044226665,24.014649954951167,24.039935833072036,50.01864472215364,6.063361538790934,83.463277192883,pomegranate
21.961668762071792,21.37440904943884,16.797971597617327,19.578481156035885,57.52007658203299,6.185802410358662,104.8191403259678,pomegranate
16.21945178936125,16.048398185320764,20.612687629038337,28.71539846005274,59.49417994669944,6.5476767547220485,100.1136343934288,pomegranate
11.244420692572014,15.510638516989776,9.956284539811444,27.459747789153244,64.1643161749345,6.637486484175218,96.92539021894991,pomegranate
12.2420499875121,19.122800158997237,27.16956751361557,24.26283199639143,51.61212120272862,5.884675268998736,114.66935662016397,pomegranate
19.64958099486172,12.973064586548684,16.30293727171383,21.44492396528374,54.20953884572817,6.572568639364486,87.82915683403102,pomegranate
23.88523298243441,20.315208961889766,24.24924954108852,23.285611843838563,73.27195355206688,6.302428946784115,82.12754761747883,pomegranate
14.868497249521212,19.156237093782778,13.121855636536864,24.58912568765562,43.568177382611154,6.556584823420031,75.74466264662696,pomegranate
18.093532963099538,22.418161596529437,29.216150735505416,21.843998958437687,54.098095303441646,6.246684463828561,82.60434790350867,pomegranate
16.42513335015228,23.296265902547756,18.04777654307848,28.498625396541712,57.495875535368405,6.146496268589074,89.77445115443265,pomegranate
15.990765049800054,23.200274611786856,13.444881373738989,21.31809723912838,51.45072328750515,6.739031377598414,112.5711089162245,pomegranate
26.902710953864215,22.11920607979012,19.66844185456792,25.589251624627984,48.13299629540974,5.854369972294321,101.22208548203247,pomegranate
14.971607914255749,19.738773071338077,20.478508063491258,24.496239118356595,60.62674923115031,6.791226315902106,97.77875095713958,pomegranate
17.789923597652972,20.431048354705283,17.615158333300315,23.60714215598766,70.70904054148248,6.563766395309239,101.41599149278507,pomegranate
16.47259675484819,24.080293665719473,23.0410896906537,25.53470510931017,56.28934748052078,6.86196653351837,113.12151405204494,pomegranate
21.415494596746477,19.541550563998708,23.578283960459043,22.191749386880513,50.69223831630804,6.481344879990284,70.18566177475643,pomegranate
24.13797636781712,16.148344450136708,18.11403591399297,23.57344080864046,55.2357209294233,6.379721353251935,94.03996257696753,pomegranate
19.70186183804793,18.211876169491497,16.90722216944494,26.162947848711205,42.37356578639978,6.427999694346681,88.31818252564993,pomegranate
22.093957433632433,14.182828813923965,18.000858635025583,23.795280532020488,61.42044166222276,6.616264738378399,78.13529299511872,pomegranate
17.5626164063967,23.544205410642764,15.19690053630773,23.84271146325526,54.94527728484235,6.364975929027732,133.41446290488454,pomegranate
17.936342702762254,21.79906063747119,16.934795519122865,25.05549598399881,60.22472558111161,6.2942125871388654,94.2204991331359,pomegranate
15.523601150545634,15.422384751800433,24.147181730000824,22.891998108232706,40.51832602895158,7.117874654772768,83.57014164635785,pomegranate
18.768134781259846,26.56362602197726,19.43303162324944,23.673326795596275,47.630961732696804,5.927808205130352,92.62899572950518,pomegranate
21.814048870374474,21.222101632843092,18.074955678123136,24.040515598693883,43.9767400280322,6.661058457243417,97.30003328797315,pomegranate
29.86830447091429,20.02991858571619,16.229322591415684,23.89855373182236,53.03320119990498,6.652147754069639,95.3832118795839,pomegranate
13.70026649473678,13.457026847223922,21.051632810532062,26.766229082138477,55.47608730431032,6.784654073872073,109.4325304474013,pomegranate
21.33395922897334,16.742034048554366,20.781232340182257,26.41414577520096,58.17934329759949,6.76188586999003,88.40871605589147,pomegranate
18.98823120127259,19.52509075639853,19.794647989852816,26.335916632024716,40.916957629970995,6.510688406603643,93.86717664634833,pomegranate
13.142494292779254,22.68706886634986,17.1019992322203,23.28593470129368,66.09269144652426,6.85349077733867,103.18643888281791,pomegranate
21.90388467322202,19.341279910218628,27.997509061480407,25.60433526288048,50.502700516208485,6.009964202623821,103.0774415283471,pomegranate
19.720654350607777,14.28424733221533,21.71434466284633,23.46194567937696,58.18398955316482,6.654609075103317,86.3322376930003,pomegranate
23.164223822121023,18.008379669460403,18.268472507276115,22.935457186757244,61.78584656683763,6.401799664180974,114.55731532304058,pomegranate
28.9174243509343,17.045123452582203,8.316018741212266,26.089019086542546,52.94816861583915,6.196834755403803,86.6107669873202,pomegranate
17.925930893169856,25.18877236277496,20.639644957270058,26.567197260216272,57.96532071567097,6.39176924661733,89.43740985426808,pomegranate
22.808043753748006,23.281702517330835,23.987170742803478,23.476922977248513,56.05123513842683,6.704414143239364,89.52849838039971,pomegranate
14.325299830986165,16.774915733191506,19.03585822980806,25.324414278440603,62.55386497343261,6.025383476942883,86.48783355149774,pomegranate
18.21068751468374,23.178868129226576,17.887557858445998,23.140535330105056,46.52804453709866,6.66919256059064,92.7000631869991,pomegranate
16.72977482510202,18.961947102071612,24.50798200772505,21.990226183360313,49.950042213378424,6.938288356612968,96.07979129926872,pomegranate
23.348770483559587,21.607007640022747,19.858661790824208,23.303401761702887,59.98934813490291,6.906817798733904,110.44968394497937,pomegranate
14.072641831761581,25.219644071377317,18.568258983209418,22.489940924910332,53.98403381938916,6.790894952337056,102.70161462239989,pomegranate
18.72306794072866,23.3506634675119,20.55944232303774,22.85405706892125,50.75178830224904,6.643582195547567,93.82412226462768,pomegranate
13.122474232931818,23.388645972278013,18.078899885502317,27.18423929597759,46.58206008907173,6.436751991263496,85.02531799674101,pomegranate
15.122887398113306,18.052837132966495,27.082270436147926,24.286740340159007,50.24975176721543,5.859980056381908,70.47058371454547,pomegranate
17.317684279406322,17.465248063445358,19.10379717506206,19.455632399128298,54.4499104297208,6.859705421301488,118.12548777493978,pomegranate
10.527769260414303,16.794428963043377,16.58306455610186,24.2914428550513,47.68136519274128,7.088792137054338,95.6201952215218,pomegranate
19.38426855350394,26.37085493513111,19.935809503666608,24.800606812997376,50.495210360247704,6.020324277230966,86.30234675106472,pomegranate
30.93487919472412,22.532083793147823,21.0981393484442,22.0472532196296,60.467504805903076,6.024807353990173,72.66944559202607,pomegranate
17.20556438559177,27.81796364784579,27.591576929570447,23.09752614349891,50.954805890812096,5.9258732858040775,96.1119378386612,pomegranate
20.810063759940597,23.15822501678765,23.642830053300656,23.605156164670735,58.33616724855751,6.254776396253712,102.65285610038977,pomegranate
17.463839609077205,21.837834063867753,21.51400530114146,24.13760725139013,59.767238308956124,5.95036032502376,79.8249438903516,pomegranate
18.64970163223483,14.226946449306709,18.37254194178118,23.2507394098449,62.85810272000016,6.549886795802012,109.66937145891026,pomegranate
21.508373594048592,17.85733091507174,20.53486723098605,25.458852667864345,62.16040795865548,6.453691477972948,71.52297332509555,pomegranate
11.410988712890491,18.69434955953245,10.648393995408108,27.59020893147366,58.5815993883984,6.277516546675964,79.18752178537466,pomegranate
25.14059547988055,15.545451377395977,15.92709294559579,22.468108119946617,55.68452448744595,6.717279103701589,111.9955793261732,pomegranate
25.22485649473351,20.003094836938967,24.082087895025335,22.65800077204728,44.0748039132282,6.265104124901322,83.51078767156291,pomegranate
16.840064641004115,16.162501083032442,18.15556168968115,25.240034428187155,65.29154261597543,5.896128734009342,76.64978156666439,pomegranate
16.042768706359162,23.06296750974637,19.1802102281078,22.551781553792754,59.30039804623253,6.834736593219689,94.73267057821327,pomegranate
15.918903866897281,21.08111826894157,19.066927166189732,23.51797351242908,51.92559868838898,6.823744136562731,98.56079322515681,pomegranate
25.178504409448152,25.3453045819125,21.835923075466564,22.987045770229695,61.24195739331871,6.662982645797424,132.09799081950885,pomegranate
21.550514442473432,22.790752156056335,21.161695565184125,23.801802816263763,53.447250702474605,6.602985345630499,102.42675446334744,pomegranate
25.771939498222125,21.23540223321506,18.148443298299085,23.346292006802035,47.062378342580914,7.081424845250308,87.28827600732791,pomegranate
24.837202300689533,21.106203429770133,21.214927323357628,23.765104249455327,50.27320666823996,6.161012609827809,119.63063179047035,pomegranate
20.56980539418623,24.501070984750605,25.539627750581005,23.17830613980157,57.54103459556706,6.515753771421972,78.50970330700933,pomegranate
19.072600120478718,22.35002636095691,18.00388297995657,23.35031360925628,53.95979886768613,7.239035265958536,68.86480264626174,pomegranate
106.0197195883271,77.56794485837922,46.1560705489854,26.44424858568747,82.00425746300054,6.453583257907196,226.13856504034686,banana
113.11289579747952,92.18079675296553,54.898255651703685,25.907615097705563,80.96664929527726,6.374720230698499,193.0841626896638,banana
81.1667332713489,60.581354034804264,50.41913294067291,27.596079429733837,70.90931053408552,6.566111316392977,225.0231989267816,banana
116.19343137898423,83.55714435184247,43.601998568725094,27.9165624265803,82.0206641692326,6.008331744939548,172.41093108877413,banana
101.20355277167927,70.39189150096462,56.72532597836679,26.185646639146814,88.34760663895979,5.456544466368408,224.44825493678988,banana
117.15271168121583,71.45307856748195,49.04479438623779,26.19392857127191,73.8973941470863,6.285617924389999,177.25108716702957,banana
98.6683746240373,84.9535446817719,48.70943773168014,24.99959160002845,84.181112391609,6.4555899365658975,185.64082334697653,banana
84.4707092197295,70.86152560645928,53.27163899292329,27.55114579792509,82.74049627467429,6.085847423682285,189.48377016249646,banana
111.026157860974,74.68689427086882,51.11928833512387,23.900150321769253,74.58113745406321,6.55328871232953,196.3629392998947,banana
109.77404585741799,57.622210916593346,46.643650042140884,26.657290708243735,88.45524182005444,5.790827991994942,242.14277874975397,banana
112.68318137498552,73.07369938645496,47.758856307363864,27.28325754762381,69.11109019684483,6.0407138758485255,262.1116973512317,banana
106.27185773037304,78.49518762096086,50.6784341710189,28.161810731059543,82.63446088746068,6.005255048417315,270.6457911282291,banana
115.79617841445594,86.50167325139084,44.94224080492465,24.959552186458815,76.04037722042044,6.221267784175544,161.63976843655126,banana
105.93631760254307,92.35963773294533,53.458844838985264,25.64789439439153,73.23357961559705,6.304948320460928,214.94097739384006,banana
105.3164940910709,85.7765251770141,56.551343173367975,24.735753142140958,79.32971368709588,6.072783748613537,216.74504355013306,banana
110.37290623202493,89.34200838129193,58.39066190230193,27.851180500736536,77.33989925546524,6.111492535692366,162.75308492097594,banana
116.07682053878324,76.90977522765756,53.035382360017465,28.357993051484865,70.52810694569916,5.8768287626391285,271.0516569328313,banana
103.48522618820253,74.42637762273425,49.24191793323474,29.17247380966568,83.60588687840583,5.6868713832161255,273.93136684117246,banana
111.59377637198415,78.53623760632077,42.84966534147968,29.10801728012185,80.85856500176772,5.689770567672783,212.34142351317357,banana
137.51407531350986,80.15841687117845,45.54817643398606,24.983006749386718,88.63259390057652,6.496715821352191,266.4454907592685,banana
102.9782234091059,92.03858465919475,44.91007766271254,27.325181961830115,79.72232108983641,6.683856426156328,230.52182032463503,banana
92.49385909916542,80.61510885363559,39.94152078523855,22.358062533459467,82.98804822064972,6.06883963979278,211.37322913365117,banana
109.97136015239937,93.41129969642815,53.206927728965496,30.856145660435622,81.01613480434366,6.305774712252998,227.93283114265176,banana
84.5740532543966,89.17758661414517,35.32720387990828,25.827494285448445,78.13758210340568,5.923583186805323,205.0920545385969,banana
122.07250679472673,90.59862930350411,45.88503391515957,26.060866978055248,70.33797630868894,6.446747825102148,211.7584991364543,banana
76.40240234926543,80.96752248137656,52.633873301610954,28.926281946350105,77.55987123253935,6.069565093024766,285.5467344561544,banana
100.07903387319462,86.90779358334018,46.76276213974245,28.379819303271667,69.26622604557541,6.038276358998479,180.12695009894023,banana
92.74032013756639,92.00451238621828,46.326044664177815,28.43651225094817,87.10359109234224,6.190347940238839,252.79431446685723,banana
106.3730314976641,81.11779453360191,54.50189353590157,30.679876179983708,74.17638652494868,5.864279684938374,186.40881999337367,banana
111.93313563683866,90.84192918203219,46.77777839999639,22.727972901121305,73.95145956046149,6.391748962232449,217.7981364135665,banana
102.16417296106441,74.97589358455426,56.08453474825859,27.686383603509274,81.5187808341828,6.255672989059339,237.30414939915784,banana
105.50286025817154,71.09048356989649,52.23837857225077,28.58301634389304,84.93084879716906,6.3456375018993,188.1467328818593,banana
90.26419204511197,75.82257841997186,51.13678344881915,26.755527797384815,71.25760760621452,5.804597987989732,150.74878142807944,banana
62.56630091358387,78.73489449963272,63.921382250857135,30.593559047582854,72.13061152726218,6.252466154086714,171.66887616834453,banana
84.25468562970255,68.50426306274835,48.647007893349,26.635080779576047,79.51621182484115,6.432125736396499,208.8829295279598,banana
100.43442364795153,69.499399935774,41.933017854456914,24.00205530790338,81.89548680676937,6.081732253169115,158.2530313267947,banana
99.24293256779669,68.0113152148536,59.96227291383783,25.842356556826346,82.08903591491473,6.581137059584746,188.48736106561765,banana
100.9125654106565,85.3132918533262,50.69327703446064,27.722201518619634,70.02222363864507,6.393912676900084,203.9565815923006,banana
104.19341467940968,88.83189291729406,54.01285104510964,27.697439450978948,81.8527697771071,6.440943868861075,269.35153832566954,banana
99.59139160644675,81.57398713704693,55.59240085385667,26.019224780472975,69.98839516393208,6.3726305611039695,213.20121840767382,banana
85.50967105918758,84.80520252204644,58.58679809017549,23.74051490742183,84.13394997129889,5.312026369489011,206.79054120401005,banana
122.08619094691096,76.84808913427648,50.53963037492595,28.52573240154711,67.70115891563609,6.225233180293914,222.11903137472316,banana
122.34785167898488,68.13688802242089,47.71076410129927,25.143288418352768,71.79352917785172,6.5945909544726025,220.879499566027,banana
93.33319364288175,75.02867934903166,46.62063753832762,26.052393645184612,70.41332793426442,6.10944466010218,208.14617917547923,banana
90.90643952315989,81.48844406052775,51.43933688070895,25.886705571416584,77.13519509540247,6.9555183044153,289.9742975338705,banana
87.35091771844317,71.22130336074984,43.64358033804802,29.114107879944477,75.60882420254583,6.2838859852587055,285.8999219982692,banana
99.87442246827445,86.77998772887028,53.12252449580236,25.823565296608102,84.35497039045116,5.902604716814935,264.2160329526578,banana
92.95058841749056,75.4115098828535,43.469073058239246,25.151481178366705,75.43941406602879,5.349028004731286,212.3000327412053,banana
93.90430915310179,87.58410654667358,52.537884430140956,25.584725137801406,75.24869544344456,6.117883686517686,269.036566297703,banana
90.1323438345227,73.09029761647372,43.228495090297095,24.03592104112763,79.84202174175297,6.271016165875624,262.3311411435666,banana
112.49690809272316,103.01232045950536,49.556763394753425,26.478940872407584,70.19864192919985,6.443802358616714,223.91162996772917,banana
107.8151956601282,69.06440749531136,52.1096251341602,27.410399235907885,78.83421023936212,5.960856932133317,259.24771340226215,banana
124.60369094773614,69.34069734754289,54.322663877557744,21.24429969731922,82.01165969689475,5.545445884210386,202.67607751932448,banana
84.24370405894899,77.9301296484858,55.032762190206974,23.285373472545956,75.84312186290617,6.02032093091438,272.1746065677719,banana
105.18113209420342,68.69871571257514,47.172233725817605,30.112208476771062,82.28619190064414,5.878618288158103,211.18667223335805,banana
97.17869021910222,74.83537349930427,39.73872706206986,25.644756569220064,86.33519583519225,6.066599429528589,216.59263019478968,banana
101.68630776224289,101.2941573892364,50.05324862850177,29.18789070716702,74.41091896769282,6.109210258824128,220.41423986263942,banana
90.71040469780739,78.0443093062116,55.32830561487962,25.39927087781623,78.00053418578183,6.448056743079577,192.79262038917943,banana
113.14496551137947,80.6996814052287,49.00926461996426,22.98370438839957,75.75832534791915,6.330057345650856,277.59638562048144,banana
106.81466984933935,90.81167582507214,42.745372558268365,26.746355008694092,85.32447865397319,5.889293257360027,251.85234675611238,banana
108.799814375204,82.63734702511827,48.02778424918415,25.02740969085513,88.65227576461989,6.421151881203411,231.2403321142898,banana
95.045803021573,80.36356764406379,50.9883036198202,27.799751369467145,82.4060417308316,5.926134965950718,171.60230013892885,banana
101.01137021528197,63.22671356168229,48.05803403003817,25.981620339776473,80.95048915321001,6.893908962420208,155.8285094111825,banana
127.29022036382081,77.76247847245735,52.08685209303548,24.170335684752565,83.98122942135792,6.214515387723104,217.97157543078652,banana
76.75137862116455,80.70844941293531,55.07496994289944,26.527442729033623,85.0451960738649,6.596513310161977,198.84385236955202,banana
119.14136630556871,80.43483165752079,50.29847150472698,27.197962445205462,78.41589450564676,5.279453325169523,213.87828885973923,banana
83.63264234005055,95.61282274127049,59.5164979503272,28.703876664911174,76.56919537596667,5.847194772188706,198.29982695790505,banana
123.3117028771124,73.35490508940838,35.86642787368362,29.060331016970785,87.00301868170736,6.780725490508283,254.26548414022784,banana
114.41823612681738,80.508167110914,37.542226259050025,27.055762083000026,81.7294366345165,6.152655480201813,214.0324080815927,banana
88.43058353178013,70.38330806458855,61.02889108859642,30.748692739760283,77.98411721252337,6.2985332617825245,187.63168411777838,banana
107.71089819927344,96.89263204749632,40.824615320331844,27.927766599404787,81.23413345587024,6.3846622802112405,274.2129830389995,banana
124.43221854605383,77.75855669242245,54.03904203293815,27.16846741145212,74.20730824236182,6.294784954908355,242.15948444050818,banana
102.60314422500383,71.54066038893328,47.218636160865934,26.088185159650685,72.94533627041578,6.309738853561984,233.79769917767157,banana
111.75421121064636,71.76682545765794,46.53512788262724,30.109138903862476,77.01302481556247,6.210545860238072,214.22157719394357,banana
113.59636982465972,91.24936333486428,56.67924860353309,27.053135222715095,72.76538413506599,6.873824577215739,248.25819623953208,banana
94.52009222329133,93.66866093066635,46.78634650844543,29.82140680637731,86.86970753630695,5.877481029911631,239.1980239996917,banana
109.38628844753595,105.10312831602879,45.546193294196854,29.86508655398766,78.10407610820133,5.7655225357468005,216.04042339546854,banana
100.02957713319648,69.83465414609323,51.873041713109174,28.915618510997163,79.42920392437208,6.010354568717044,215.10042174257012,banana
99.94547971847858,82.08628762381807,56.658984573440186,27.54387950677218,69.58382022822174,6.003187624803958,225.478694679589,banana
113.48949381944936,92.4593258387509,60.648112049524734,27.26122879515861,82.57985505301497,5.690938462958961,234.18609191432893,banana
87.09683078246965,79.3996237207544,68.17903033323284,27.607108472380858,72.81712068491802,6.342726152085267,202.9365188425513,banana
88.47107064210938,100.19013952054881,56.40087215760052,27.69107324999149,75.64906025851475,6.091223680959731,270.90190160585695,banana
103.67893045197482,50.405070627691394,64.52563109395302,27.36612471394457,80.0602140344089,6.580343184702179,235.35829330128237,banana
108.96290341260172,75.93225471329673,42.62122805620168,27.560465562946394,86.58968791364754,5.973269104565909,195.97520817094738,banana
114.65223112455925,75.61044603064552,47.536640516993586,26.253711454107517,77.61011411405713,5.649226666434287,202.20177628612632,banana
102.76441622967667,82.14308418727836,56.94795831547752,30.67878444438961,87.07490067998641,6.520128334425877,215.09175850468216,banana
92.52317116051744,80.17163295208066,53.51347261863739,28.643875596491334,81.7385144010951,6.157588585018382,245.96645391479464,banana
115.13047006100203,88.4495396870484,49.807921669019606,25.332302614987988,72.85459542367136,5.9615738317427365,228.4834815562727,banana
106.2376450426676,66.42048974773732,46.976029349818695,27.48657093061079,72.60192053941438,6.351866453570862,209.85486639975332,banana
91.31895673996893,80.51077215150941,52.3536819774746,25.302942171460145,76.54432572111571,6.363687432057488,194.85102395054668,banana
80.10691791491318,65.24889108137836,47.49169481565818,24.363163447389724,75.91366862894253,6.782729997910438,174.5062532062735,banana
96.60874178226759,100.4701237210053,52.44878049785426,26.264553425048803,77.05870419288458,6.350276877937647,275.9604737107055,banana
93.62975671027309,72.72694128427248,41.727147603318635,27.206192065019607,69.56587578109253,6.037676081312372,190.01344644335836,banana
112.88948212280927,75.11939468127866,52.38158196803369,23.791815996622873,78.78904172671707,5.778893892948738,205.95359950231466,banana
126.53443089107469,88.94887402151248,49.22952450301216,33.397883819566395,72.5089518577601,6.607825733726377,169.42174292404522,banana
97.07292690822463,67.06121839826662,51.54365549054525,27.111940507157513,76.15401120489851,6.582219958794208,201.28573389090792,banana
103.92222097368789,87.87732742660485,41.100672746622905,25.503171316651233,78.32316580389501,6.420553696799912,266.9008462754106,banana
97.40944241526496,76.9618779905611,44.764423818718015,27.659968184354067,76.21729455781146,6.104088708010999,216.90167930567924,banana
106.61953674508408,74.5881866894791,45.36705146654657,27.863448372268206,59.84565058870449,5.98871263921841,182.00678651955698,banana
114.43909867620147,75.76704547958819,46.635703308396614,26.902755029493452,74.42776542921052,6.059073144646263,223.20464354396438,banana
94.93551478592478,75.87951245818844,43.93905395773215,24.692432518958938,78.36382138554168,6.307310178425038,172.87083075512965,banana
109.11929698457017,87.33485734231758,55.848134829671736,27.599778169481194,81.82249260173397,6.964759045602412,210.04978717104933,banana
87.45170198932531,65.27302512107397,60.5340435813939,30.537574517397314,72.45240154839462,5.945437715562505,209.30829576147133,banana
114.6910824657518,67.64189889458902,38.20028285066675,31.335028953124322,79.87423972152045,6.359044657071497,213.2315018284002,banana
105.58941908461628,65.46362351992653,44.954476598838625,27.21031576904521,64.37465464259856,6.09411883516502,207.98257577896456,banana
96.36771721659566,74.70961464491859,44.02464844475302,23.35593629945816,78.86848228300447,6.094956604621315,174.61570896323363,banana
100.75040095400524,77.16847812730202,47.23385629002731,22.6862102263851,82.09660507384736,5.768432135961804,222.08791840976096,banana
90.30077867880769,76.26822543153935,56.91375495049947,28.063236401606748,84.78023967773682,6.315634923117551,233.07273828324577,banana
78.62633199728586,76.95176005888108,48.65054640890835,29.447329640703952,74.96262403255842,6.292700828169643,227.44999232179683,banana
113.89210192336873,78.71605680986112,54.96672169215888,23.590269731724952,68.31588340233635,5.400829479381416,245.9375041794,banana
108.08400325346483,88.60954470943311,45.93582898576284,25.872904684930667,77.27371414402613,6.70529475603168,275.8963282115277,banana
109.52570187809636,83.17778935811361,58.01229618620076,26.488315085700883,75.65435081710623,6.154842257785166,187.70242580915394,banana
97.89988762754065,69.27288277967418,56.15004691339747,28.087374782066036,86.57737438528696,5.629751018980034,282.7559992484284,banana
81.13029503447872,68.49624247920123,46.27507071882146,29.61544138393973,79.35344098337144,6.11465976231745,193.8432946567097,banana
83.4887781920716,90.8732223074529,54.79183556629184,29.7049007541847,80.38090876188674,5.275264139505563,178.92876322151207,banana
105.57845567016051,76.45071655773421,46.64694819843124,24.793546470220942,83.68553740448723,6.359667423095008,236.53931035596804,banana
92.39677301457931,81.69236248543817,41.97341044282111,26.74034403830761,62.83242252844135,5.651159351302906,209.36370913968364,banana
128.50141775529917,62.712866495121304,42.53851644476082,27.43354959338562,88.61653743608761,6.2707603739458255,243.17068112603715,banana
95.94875499188227,75.09803274618199,50.49310611240654,25.683421218747792,82.34561603230647,5.637804835369046,249.3695720747055,banana
100.47175614763303,77.9386796614317,40.14209263888147,25.04042265600426,85.19190883879907,6.126990350688322,229.1871493738031,banana
89.44561584021584,79.72107549223567,41.767087711280126,27.199764508575775,80.22384538362122,6.312215154514757,190.18170059382467,banana
95.89538819079398,85.15706380142366,48.73137442833141,26.42538923531978,89.42080565175334,5.867153808396856,255.6538094469364,banana
86.14383203794084,86.28589842340558,54.248915348743836,25.979269689885907,70.69513888282737,5.510348378668804,199.70125420546393,banana
106.31462377542789,69.65476969184405,50.581691485542365,24.047140404178307,76.59667084737622,5.798534633530444,217.4266434374839,banana
93.98704636470961,68.57248509211904,46.04675913266636,25.131686275516014,70.11645179857553,6.578961038851296,208.11422947311948,banana
73.57329461111601,74.01650424709102,55.48827028290959,25.477282733485247,86.98646326880177,5.900168280763444,236.61246584194302,banana
112.43966301509214,84.32186213418976,41.75303615215382,25.11506284615687,85.02042594231949,5.9183859902838085,252.19732495877275,banana
94.83658333822068,81.35779826450386,41.68335633787429,25.783464850575005,72.74816171736167,6.278959877695361,223.0755201306241,banana
105.55179875494761,75.29098397031034,44.41861957223253,27.365458171088616,71.8224665819578,6.577447884247906,216.2207612425593,banana
96.08637868354053,84.43688597840203,49.5418130034097,23.683896566329608,71.6314206036634,6.5701980463526155,222.76818347887124,banana
79.8211863716387,83.3802758404656,46.644447080781504,25.251000094982437,71.13076364619693,6.549975314961541,155.13855372382346,banana
89.94961510672611,81.15321695274793,59.47017841342098,28.107716392700638,72.92385230680318,6.7352737089373855,175.2809278097359,banana
103.18403398426186,84.68273259922127,44.71330650079735,28.395186103776506,74.91665922635424,6.443299849631288,159.2933487446551,banana
104.01971308274649,76.0437759421414,56.89822269780693,26.9120385404581,85.49537720232071,6.377664467761568,215.7922208514108,banana
109.45203171537153,87.62296125946037,52.83146002694728,22.415397250749635,72.10463705541362,6.684437046277074,178.55378677063624,banana
110.58953380078968,86.78194550508482,45.64548583050782,23.00953674576655,74.58652441231244,6.927305265271554,191.5118493570913,banana
90.46891186480876,70.42320886102567,57.288706859297115,26.51416857674979,74.24456262630517,6.694715906018373,239.1233049018727,banana
88.96851709947688,68.25359445380691,56.94901978927984,27.03357632748343,68.70561588086332,5.575909509587258,183.17072239840797,banana
85.12618494276364,60.357661079346215,43.40295808010902,25.16183887671229,75.22391226969258,6.7925185157947,211.19417202075695,banana
97.98910194706943,84.88885149246985,48.57609157360064,27.800305927773415,79.6836892617104,6.242905997959736,311.29338078582566,banana
110.93351012853222,69.61546894681538,52.22133311713498,25.41652638668056,80.67750458435913,5.718684404012106,183.4432782132287,banana
104.12689074988153,89.57762349054104,53.01586609251808,28.708234669070436,80.24291135258308,6.260373634661316,203.3781219494716,banana
109.75602170460157,89.83884063513575,49.62130585202135,26.766147916442684,87.54843487033342,6.192852377064322,222.49763372207698,banana
105.81071089303474,79.06105994284013,45.07795806354143,27.755931151047044,77.76746993986607,6.844787414766074,246.0188021596484,banana
92.85421256268398,86.9989781042276,51.84719500838588,29.618852603891025,74.85327472302576,6.266036651925834,216.72990957994776,banana
100.70175307669959,71.50209008956209,53.45547000747906,27.835928551698995,85.71134170153077,6.196490951804627,206.40929622781155,banana
109.47153253532845,72.37563793664303,56.509907210503755,29.165683994827404,85.54367340680645,6.3318180446378225,203.94561937427372,banana
101.31025271566435,83.64866139276037,46.63915012887274,29.66623257785043,81.48050500541126,5.887721965637298,282.13483132337063,banana
101.16867130204213,69.49661078864013,45.01847526351636,29.97556719433069,88.94990949730092,6.553319768718321,263.5371854033755,banana
114.59938550558333,85.34639506653504,51.974250726865556,28.079726388953215,82.41609265885977,5.94044069771576,244.15463806729963,banana
32.293084236485086,24.174510286683876,23.74700885871281,27.95309261847733,61.10205469755118,6.039113484180373,128.93736416173545,mango
22.745243699882835,25.073794314880836,22.55949983596774,29.553509629826,70.11905694970409,6.4157411605962045,90.53169348141459,mango
23.265350975708998,27.280610799798854,25.75454281631906,27.218196088903973,66.27019255681887,6.765578681024356,109.30932313292676,mango
27.250067252297512,21.05232316901961,35.2154031079013,26.43228136136749,66.22155804730386,6.698262933675174,103.22195654539108,mango
25.039123971247314,24.9827010986271,21.34384762970649,27.877178851079275,55.10466897044761,7.113447954845815,123.08401960214348,mango
28.19561178826688,18.05343155026703,21.82988530682792,29.778690241610107,89.9074483822376,6.918142362769961,127.10956626914069,mango
27.624871140570942,21.610011217159318,28.980696332801323,24.797585325806143,57.73648900916088,6.0542647360965285,126.09942366727628,mango
24.71292972536249,25.40343239961752,24.938384251797263,24.74856691760355,60.975614563895576,6.282850827811291,86.81302112078154,mango
22.478949523498244,20.674774174415045,27.31070251546797,28.32194212793365,57.23816526416066,6.3961788825132,140.6249880417256,mango
20.096185511608535,26.706551271180263,25.422087736011537,29.185775115681814,66.77280104814444,6.349046582726688,111.1016080043026,mango
25.40684971976868,24.633219270868704,19.723554178703928,29.486177215195784,71.39860152718595,6.13453384059555,105.03802706896806,mango
23.87457165322892,20.37392479800167,17.53281492895093,25.658814696175327,62.861585958492846,5.995568333322593,112.92013310741041,mango
30.8142815165817,28.368464584661073,24.493257387365126,23.319176606957605,69.29421404395428,6.551237259172595,117.00179330209734,mango
34.68051400151257,21.700753481877385,13.50073626751183,24.893090844380485,67.91627040960692,6.509424065611814,89.94200386162176,mango
17.90141308411785,23.58156393673042,20.01562132047278,28.041266836509052,62.53143866824239,6.280508740483901,97.4884393517704,mango
26.315613632902974,25.170436895040144,25.807829079450375,27.36025888761162,64.56682678041976,6.138404295789668,97.94872790893417,mango
23.026625474305316,33.26078095235329,19.604654718332753,26.162046993366218,65.58960236066294,6.393833536354627,127.72049743372267,mango
23.45751034748567,24.06183440339756,28.25851405446527,30.62142332583675,73.44499024368997,6.452171140561799,109.18301550641534,mango
25.23359622392102,25.587997633850343,21.61060754260874,28.873187597710878,66.23965476633671,6.48430033391464,89.0261012867753,mango
25.311431042453062,17.42715078711678,22.673402623871073,25.873804587041604,66.72197115852572,7.157947508730853,119.4364731834797,mango
32.24201036317807,27.580848692414307,29.50021395875046,30.714254705886212,60.60897900618647,6.221013448053974,121.0353798578758,mango
24.981607729688772,25.881415331227842,24.005332431570558,25.807482565950565,74.72458801265014,6.11504861016303,121.32547227748547,mango
27.62114142865225,18.683946809719025,21.676878680025624,25.674618878100265,68.38750467989955,6.371537712924307,108.58776819092171,mango
17.71176321507636,34.30364686686126,25.28478247495799,27.998001794593886,61.756247068608666,6.271580435526252,141.55929680673327,mango
15.416391964966854,26.114588273723108,20.153984435568425,26.18999769120599,61.17143319395588,6.154907810803263,110.5847885401544,mango
12.159854263469672,23.73804607232521,24.6388400986001,24.281446907187973,74.0793123286963,6.29193956882094,106.0815099993302,mango
22.038904180426485,24.673735518277656,30.232576374024198,31.946031607846948,69.47383522220395,6.8807978184401195,138.32105344437184,mango
26.244355383832286,31.28100349444748,28.169604529561614,27.287974718623143,67.1020462067088,5.8625040628212615,114.81996779736147,mango
17.28126239776852,18.49892339355557,25.7715147561009,24.771842809599892,64.95731749217974,6.548452081772453,113.02031841348273,mango
20.479392964789493,28.594729529924795,24.643059054135684,27.882151360342323,57.82136231631802,6.437585355121405,128.10535897395698,mango
29.850888159043507,21.810829268302424,22.817767237700618,25.022626539872363,61.06152249043471,6.010326360752715,107.72009810526018,mango
28.16569199091422,21.859788544795684,24.63757486935529,26.559003184737286,71.33071238958931,6.285942857118452,100.50893422376095,mango
20.769894358538195,20.44996191968605,27.11673996578788,26.729778407339044,65.3288591589398,6.946124404668389,131.9793319778099,mango
16.768828460825983,27.59133869238227,25.902587702844755,26.076818001708126,66.96610212216765,5.895765867672725,134.1335986558106,mango
27.57472048535954,21.539209020669364,22.658359112721904,23.59370704890512,63.11625650098247,6.331043807965796,88.13567861245798,mango
28.88351116854889,30.1071887587779,24.89055803982209,26.388706234307264,67.60990761279076,6.493126363126735,92.14404293218543,mango
21.736610067063694,23.814255973007878,25.992746377906784,27.018673435752937,66.2622162799227,5.966310205850627,120.97609277740133,mango
25.01707942004256,35.21083621660061,23.449462519294347,27.646916990218745,81.97531497325102,6.567932070326113,108.88409610194573,mango
20.065390526246745,31.11306546883594,20.36359365529372,27.854241833696243,62.15866807214971,6.433732308097692,86.50511756793404,mango
31.715636108669475,23.888810776326892,20.139641364427867,29.505381194080183,61.97517912177618,6.617112552105753,123.88337030521704,mango
27.3701716528716,16.21345779800386,27.78142680391115,26.798772474669743,63.02582781918,6.4618237678586725,83.43445889997216,mango
25.960854573309014,19.54243450516276,23.856641161773474,27.312528863076423,71.44422252792569,6.2131353940491,133.95119163545883,mango
29.734266267575737,23.282361030037855,20.56500293438959,24.112367635539158,66.63052310919883,6.241950547660715,129.78938728714832,mango
21.602380850858648,21.397316079792112,25.934505404977255,25.627906285681153,65.05129996021282,6.845096265520483,111.93428397253395,mango
25.60482230351362,25.820586835633673,18.227604038858427,27.78367549986098,65.95958946035537,6.812514064444198,119.99587821876247,mango
23.99025684197243,29.12957156604276,23.82947720954912,27.49431420815541,63.13310341712386,6.661615231723124,103.78791858647692,mango
33.23775804470784,33.069450948902556,28.49575301674402,30.08259329882806,55.76471311484572,6.002517789853752,104.69425065058499,mango
25.206154826294387,24.207170327601336,18.431459001468184,29.303183412647293,77.92518940014162,6.948345687710418,127.91113393497679,mango
26.130598025728016,21.628010517091454,25.29011221054387,31.211176073683006,62.888071324957664,6.340764963261621,128.27051037521457,mango
30.86843025372798,21.608392776900786,23.95406154705031,25.99618900819713,65.41813627436655,6.886290334833022,96.73354590138649,mango
30.44832406118468,25.406604995685235,34.30476854525711,27.637661768741747,64.41848858222441,6.701150154490597,104.43708707486104,mango
16.02363438324087,24.037915302915607,23.9748255637231,23.815365078900378,64.56178886123304,5.7765114213867115,104.26316721993459,mango
26.21797996022336,25.38798470855293,23.355722108452728,26.828939196103857,60.295613375133016,6.5037857817978875,110.95842570876422,mango
20.498750110492452,26.07079680203639,26.045810620321816,26.66758017283786,79.5262822177209,6.450754164660492,105.3926349513452,mango
22.888034453961335,21.1162431076944,27.743589439373615,25.6275060639611,61.592311118013484,6.31161545416149,93.74843198849956,mango
16.244583337276385,23.148240531363225,28.493341250849166,27.393959610930487,74.36345162112875,6.762834706746214,118.64541936952173,mango
34.41324511326357,24.611417619987154,25.25230269401981,26.977071156679724,74.2627203871013,6.500880360760682,99.30342332772778,mango
27.93837768981426,21.734960755771887,27.1338860504557,27.82768186828367,63.86358399316102,6.6980340502303894,85.45146614991219,mango
25.81481060662493,23.14893846133307,36.449054309138084,27.311650139280417,61.42164770129938,6.0175943923814215,131.53920224710538,mango
23.24983640238111,21.834591731698325,26.34519685603624,28.299437662811307,68.80371759925717,6.506912648070776,112.62663725863088,mango
26.160185378403515,26.345585062515493,26.69954078360593,29.188905502611092,65.3384891721551,6.214118856959374,107.61918689878344,mango
28.768904093674983,17.853888166460617,17.876991218512156,28.83655224278465,74.12073690110796,6.057179987743185,111.65757796874277,mango
23.002274435414925,23.956679551033506,26.22212403502566,24.414259541978502,58.356694997045594,6.394562089477571,107.60130263474636,mango
19.370224471579142,28.158590699156736,23.329756107555866,26.15636478786631,66.6959527413794,6.4548821033763755,123.81836741294592,mango
20.332887310996668,19.410453611746107,23.76084974480557,27.120472345870027,57.555464335414875,6.01428625340491,113.00791340857675,mango
21.21109716342519,19.18995313197232,28.86136516925625,25.736410654145814,71.89886962319214,6.5099647768882996,114.8635212239125,mango
23.942501269515734,14.379351021817213,20.452854035785183,26.748581080562552,67.18837482375622,5.873614092164158,109.11557182030239,mango
19.38867956392984,25.938480660358618,24.9223968572007,28.487003204859146,71.4009375811251,6.66064646474591,124.19649421801448,mango
23.248287620380808,36.29246964506858,20.124723614020475,25.944488444181356,70.40815149648135,6.763452456701347,118.04191881584876,mango
28.37659328996554,16.665771381575837,31.35719477815134,26.59221808226677,72.47536509362511,5.788265697361215,114.23338030743966,mango
22.182488604275758,27.288480606325212,26.268281809875383,27.732095594998356,58.64634987061105,6.480060807713486,107.02724370916587,mango
27.476550208537162,28.957187981733867,25.601903688034458,24.447655423222802,65.6454728574006,7.413876679943241,137.15908789529846,mango
10.128002186211503,25.25337261477938,28.728478101021377,26.63534597486404,62.2394544791367,6.406562524720779,119.11112650967176,mango
19.257650128124958,29.754754606437483,24.776028033207723,25.1299514517769,71.74610096839217,5.959204183210925,100.83903339947386,mango
22.141624673574178,33.57576775294452,22.259916925442226,22.690069558999788,61.50910930832515,6.659442621591673,122.93739501862947,mango
36.38269846721386,30.627590283943526,25.75169037566061,25.217169064850445,74.74416458808415,6.371002757385819,99.14040560245903,mango
22.91463098922965,19.99084704441276,23.139919635316097,26.53378334004317,69.3839396348727,6.3641690827146435,89.0869225096645,mango
16.9811392237165,25.838278990092466,25.2905034138769,25.891374577573664,62.195261237047575,6.63597042647971,132.94401318587424,mango
21.09927707928006,25.35561134486173,28.833081616021296,25.447771419605502,64.90620731262017,6.486701538919317,88.36362862178194,mango
25.842493973828113,25.126178714417726,27.22033699838423,24.626227050678576,65.05982231156734,6.983606922279533,144.27874722655272,mango
31.400646344858046,20.29171397739903,26.804210728174507,26.033706850077774,66.70340355877953,6.2297241529780765,81.72768820943705,mango
23.277413806500835,27.89041078644006,26.151999021895246,27.805895719828708,66.29810193787627,6.641584616195999,118.73694402493058,mango
23.62659285522691,25.331562245678466,31.973033499478763,27.284062058002277,65.25538097872351,6.5360095775292395,106.40450944778237,mango
22.823220181395985,25.834714097461728,22.977139192163396,26.70897014104557,60.25691176084228,6.537804131587011,119.63921657890445,mango
23.940425700445424,16.966486252442735,27.361486176221888,27.24036768551952,59.04061129991924,6.770644584813145,86.92598418818852,mango
30.22703807662234,24.77053352141115,15.924539698490678,27.356659174526474,62.562845791454386,6.305102747861902,97.82752493597239,mango
24.363921045700636,23.059245275331435,17.57323902724646,29.54413577335441,63.53385406422917,6.243822744442608,91.38100923800204,mango
28.853660337264607,19.8062721236139,25.535949207431866,25.832701996252837,61.847482036626005,6.113754164158435,99.7647293633926,mango
25.04406195753429,25.941248905395973,21.857630074868087,26.818131195125172,70.33072658582253,5.918080005067825,109.89656193573433,mango
20.246080272989133,20.789263311533873,26.044046051992403,25.909497062664883,57.699181242589404,6.9634991172244955,125.18147698647519,mango
15.338470218204154,19.102287487991727,27.373828285274726,26.43025233392506,74.00344786612975,6.715717739489354,114.94118114359097,mango
19.890686540872814,26.965761179457886,19.896944180998133,29.610489066820136,67.53283153410945,6.211309298134843,123.27717756418319,mango
36.207624445681674,24.129531600762196,27.20165275876517,26.136341360617998,65.51211330571007,5.972467903988994,109.99126302715322,mango
25.21788664915306,32.195991107378994,17.8199875491866,26.438233081784443,72.7287033069862,6.415379976470435,107.17286470574754,mango
20.833704875589127,21.26957847894897,17.696584936667392,25.74156950471169,59.06386966932726,6.541313591779976,97.00347466000844,mango
22.602045074757466,23.19117842776936,24.80733927083851,25.942955487190318,58.62928346037721,6.530018255381743,127.61347306836609,mango
25.642330978953872,22.56071824704551,24.5074143796255,22.89873445928692,64.16358350276681,6.359875970818335,94.59790409289255,mango
21.23950823834016,23.35906199384141,28.969833104025962,29.184120833560186,59.431249030653134,6.318672919364812,101.87226570473847,mango
29.04772757775062,25.582026210526468,25.371159450564168,28.07252522684238,61.42151954953441,6.97736030102392,109.97121315256668,mango
20.720437769040434,24.081439024808642,29.927713296831488,26.149715728032454,70.697346794269,6.2811289725299675,97.36654900317444,mango
28.297987052971457,21.504109757417037,28.290161000646783,27.7032519980467,59.75843639319445,6.474995039601983,100.94522420576763,mango
26.744882783345297,32.55119297982168,23.51718158845031,28.067552547717014,65.14664385000509,6.508420196072113,107.27411550792986,mango
20.71291276824223,26.34055979712982,23.845033000322445,25.190399832522548,71.0850395734898,6.53465336794582,106.23636720383655,mango
31.70028307373149,17.65567385786801,30.091283214916352,25.239624101727564,66.26919523649312,6.294177686057751,94.77048283253501,mango
31.569432629842176,32.42486626958114,24.115097397395687,27.67094940438859,65.341947509975,7.105677393073499,75.13301761701668,mango
26.8856172063511,22.091494743424267,15.576143914115285,26.27893980514152,76.08829274546332,6.27038278335986,123.04763085831608,mango
30.993360985316833,24.94921278952191,25.481822473645167,23.567404186917777,60.70301682096412,6.817452668515498,111.00120510111162,mango
26.83670720721841,25.532630318732203,33.768015777185724,26.138960337622798,74.63246025791786,6.546726127772357,137.95428308058317,mango
18.875109553709247,25.738608830523443,23.42525286430612,27.278944671700078,72.33425757599677,6.632583361875281,130.13631438544448,mango
21.648894533630273,21.708662169905136,25.064420292549066,26.92269564321783,63.88484378705484,6.16447889601526,129.77775123255617,mango
23.18581399683256,30.70431248885073,25.050973460816234,28.29685786162809,68.34625785778209,6.211503840877202,116.05884820561607,mango
34.641664722335534,26.006449012401426,28.6051069582387,28.38654368918437,66.84229795018992,6.565267551203661,119.03070672550146,mango
28.816412732378065,19.591343771795707,25.98921155638582,26.631844238505366,62.65083893808975,6.95358753266,97.90308690694641,mango
18.026154698449993,28.182864901543418,19.318424573784444,23.144113844082874,70.44960613993979,6.555552787696871,117.7998738515848,mango
22.78786212610189,19.462375473563924,20.256851145529332,26.455622201137434,57.36558285249175,6.607468517465978,102.36944402243209,mango
25.925180236826527,25.620592512905723,26.547198217698107,27.998965054577997,62.936596455324526,6.56438924332184,113.89413411893288,mango
12.855548454533174,27.58610298343796,25.599768784881004,28.12809773048714,57.278938427316426,6.389479388693163,91.98976396666792,mango
28.723006881064375,19.37953383172602,21.285380872310718,28.068628256543963,61.22375280633651,6.17506327012383,124.96087058741301,mango
29.73855878295934,27.888284770163995,28.394838695761173,26.536841442123887,63.77244215218031,6.273171552513239,112.76753126731363,mango
22.36050836337076,23.267735176292092,27.3996017359316,29.36907849102876,67.38956152562056,7.1280105528348985,98.35899306145966,mango
15.810126803953708,27.858511558358217,21.912665789413076,26.452615516449274,54.381220939273256,6.18527641342896,85.21324762644261,mango
22.828483682898483,23.4217940244682,25.359841646192837,29.47944592871035,69.06143758938691,5.9322406273263315,120.03225468761214,mango
25.558773487207297,24.608694271855608,24.909201880251096,27.40910485617251,60.848679253918604,6.436177199866376,129.53499554421526,mango
21.48047107787233,20.88044809529962,24.753170608504597,24.738867086487303,54.663301271273966,6.379436488023814,133.90226109530474,mango
24.806979520615535,25.714308377792854,16.4794065673955,27.876250984881896,65.56019516785875,6.267279810186226,112.97083277813917,mango
25.8506080857898,20.76204828656826,26.32741490711964,29.394270845054308,63.6323511471589,6.196342029147012,107.06992884827149,mango
29.273065975322144,20.09472464281091,27.314233035136724,25.643971082959037,66.45237848827843,6.3024840537340525,100.64422024115424,mango
32.615474581175235,19.363653637866033,26.941464710182178,30.462648821842574,69.11313155883694,6.034116043336287,88.85392160289581,mango
21.241873116767994,25.631631646079498,25.903770776356208,24.456606891400615,59.7634552493182,6.215981129556993,107.01767766610426,mango
34.92347728645537,21.26725173750621,21.092168667456846,24.73371940971231,68.8132674274534,6.485530441275714,95.21226195519569,mango
23.18602208110834,21.833958796169195,26.18356512475698,32.36875321359267,68.30518643415343,6.467454019712423,99.02790445644878,mango
18.282999590575752,27.934758925612144,27.71741671346528,26.06779800661839,72.28000389765572,6.507387428609779,122.78355213401973,mango
26.480985010165057,24.291456480489448,21.18046155477005,26.70892681527466,70.05230401336908,6.3221527108352005,117.25573302745244,mango
19.586320589879982,28.12023334452143,26.251765345959846,24.595778482327,63.65591285887033,6.826004318261429,89.2259630792218,mango
19.64524880687533,24.722012180854026,33.533322921728775,25.654843831921003,67.97164399751297,6.591047392660473,100.27292164561852,mango
25.805666758924374,23.20866135162018,23.568780839533954,23.677456194453733,64.85338259080207,6.8146827273178925,110.9475252838648,mango
30.452538804112148,27.32130978378007,24.76183477467912,25.744148893986363,62.082417707831574,5.985321334122007,105.59319831337763,mango
25.729993792820768,31.86168439119693,27.113281293115506,25.270292039724048,56.363790346887164,6.4277067694784,123.39411337265786,mango
23.896918316528062,27.16793670002238,24.275498202991248,28.4340008694312,55.416451863766035,7.061463742051135,91.64402310430877,mango
28.968661648648887,23.91126402132418,24.536688398532398,26.5177961880597,66.53362751030896,6.660133590148313,127.46296494508063,mango
32.03974441298689,26.32728618710681,31.854696956673216,27.185945085644956,71.46464217351755,6.6500518855171515,100.93812358148146,mango
25.90617077189922,27.0126875100365,24.87120747438957,27.82571303599511,70.19217775596137,6.491819400301438,61.42585346673906,mango
33.39135075746685,23.809634279118686,21.70687911667081,24.751779408694365,62.98132458599813,6.303038259039056,97.83934384590259,mango
21.589368650777136,27.118971296239287,33.12145376401241,28.6411431960298,71.73558910852742,6.367906488993642,111.72697853158454,mango
27.132412021151435,22.36176842542892,23.29707971780353,28.70910391666615,71.54175653060065,6.5235935943303405,90.27990651715102,mango
23.52204008391171,19.234675461976515,25.300809639338908,27.510806222542836,63.37573747377334,6.584598927834121,116.87887044488335,mango
26.28431021453562,20.19387883081228,23.98694269794922,27.819685956532535,74.472270627836,6.404825987416456,119.08886330739381,mango
29.39075955961912,24.213489206509763,29.59363098994936,29.40434766286179,73.28230840436714,6.660451259144936,148.94226461934934,mango
21.923584436178295,33.49631034471576,28.07319795463373,29.680774666053438,63.079773472749736,6.7955661460373165,133.54507370046198,mango
19.56320678138064,24.346694872738322,16.43498924707525,26.643334046301685,60.10395083923948,6.423781309211643,158.2401154004769,mango
33.589017533985995,28.954320345857344,32.22295320639762,25.597862174118475,62.97261747977246,6.0624076611054925,72.89781317785749,grapes
18.2669431356907,30.668416712838177,30.689186873763962,24.198805055963533,60.748623707496385,5.721968351051155,69.05731787845234,grapes
29.430754764916365,34.67875976202315,36.4909233225426,22.60835890467488,66.15865880872896,5.875996599813598,76.17358993733765,grapes
21.09206058887402,43.09507056677377,23.237550387695975,27.430960479360493,65.53993081465299,6.19334860361142,84.01251148246556,grapes
29.288307475830347,31.93388707126914,32.40035822105041,27.734947945269234,59.676249727035064,6.741449978917892,74.04987610266993,grapes
22.833861140398714,31.248184584645333,29.1068517023669,20.08944333785901,62.50853318564727,5.907975464650536,58.7186566843196,grapes
28.7392259745218,34.081181591284576,27.456821821542288,23.349332129862912,67.13064483989508,6.025627423663448,62.639761575080435,grapes
25.62826737020222,34.78716097822172,25.44214310740475,23.42299061298548,68.47602962252533,6.200248390963778,67.58537450976436,grapes
28.383863973929884,30.88418691266459,26.204048647226696,23.49749007341264,73.98539681652281,6.057138069288372,67.1086589985094,grapes
32.72069000603324,33.79485857214514,38.938932949143975,22.977433752758508,58.92962762449219,5.941773308801843,67.38461526121132,grapes
20.961400118253586,45.928291128265435,31.274506271221,24.928499147343167,62.228724397178475,5.797815715339205,80.76836273503585,grapes
16.620791137051196,30.19996921428045,29.010765977569783,26.702094611268624,62.75289816218316,6.145653045045969,70.29115113357496,grapes
31.48129206468404,28.344163323505732,32.94385281489111,23.602202140514805,70.54930516351645,5.7132512628648895,70.25612723355981,grapes
24.48746644543658,30.789771020454268,24.878347948212145,22.839177276273716,65.77958677397,5.735080721493428,66.53422758820791,grapes
15.571013227582146,33.443270333968336,34.09434658650002,25.410360651940167,64.47846837783713,6.085278453754957,61.30326584626135,grapes
33.122193416457,43.6846025273584,30.659294522823895,29.181371672122985,60.918905770787944,5.562122265975867,62.54895058201176,grapes
23.902548674625045,44.71067951505245,28.875363490376163,22.280688374391957,59.60924684253538,6.399007739215148,80.47166835724488,grapes
22.572609068231948,27.121706712475948,25.485625821162863,27.442487674999086,69.13284730729683,6.022911481445407,89.62274831808611,grapes
34.79163136405758,34.84905367176255,29.929712957873335,22.835906635775846,63.29238027508919,5.479786258469957,54.35094305006737,grapes
16.386705655470493,39.55421542906167,23.754391108349747,27.89992459741231,60.61773265280357,6.608072467373888,66.16692939991252,grapes
17.169066145397615,40.39187137187497,35.6074625105329,22.187897999465978,63.0100864004153,5.682971422203657,68.73446970819396,grapes
25.539145737204272,33.5241911517152,22.724434418436587,22.838241369819954,69.22111258132425,5.926885160091429,66.56187341060209,grapes
20.346117274846176,32.43778424937001,35.63579242632784,21.720445486395786,69.32493858011138,6.0164693273162335,72.57051196277472,grapes
21.33821859492691,33.52253506259875,29.97711927931217,22.958666070781607,66.9885926242193,6.160103655643075,92.81341954800916,grapes
26.390950146811857,26.968580846820885,34.65207632335472,23.592258716727613,77.07155217762113,6.5148235583768574,64.69469247102856,grapes
28.609513919355877,32.50538837945887,30.010763305658774,25.35196962870791,71.67800123627906,6.313322040110184,70.78739113508469,grapes
37.41711950040608,33.466914292586225,23.57119747320281,21.17060140958135,73.84404638073406,5.973171478053619,71.67010372956797,grapes
22.287380600378317,33.0986495869434,26.85161655620282,24.94230162666018,64.4157204947774,6.15225188223119,73.56410304583358,grapes
22.870606331835518,28.87333137372829,23.81680161600257,30.05330318339013,73.86904066653986,6.469063898411925,62.9166285266376,grapes
25.0475486688156,31.57547627199068,24.751671619336438,22.822452959248597,72.95710978057747,6.2942608784233895,59.81449598296877,grapes
23.425919749212625,38.14631732213364,27.71611441925065,24.159172489665462,67.41108468238887,6.136825693145446,72.668526990748,grapes
21.73151413108745,32.685906732420975,25.4654005939175,20.877326812995456,64.31150754985863,6.285690865105517,55.50703486138356,grapes
26.364866220621288,38.29545109621026,22.653064924714617,23.45883779972756,74.87726120275025,6.19317935621508,50.36019993484598,grapes
28.291697312058055,31.859505464241018,32.76522772037104,22.619836466798454,64.6818053335282,5.8118600310029676,70.03315608875431,grapes
22.163599130444943,34.06113938547119,25.29757996675729,24.981319190827982,66.05171125186355,5.434213739063547,80.42562493212023,grapes
24.11856020172752,35.679402064190825,33.058246688116746,24.656484484719968,71.9912189507654,5.897346567228106,80.86150855538392,grapes
25.614623089036606,37.1320603829281,31.614516691191618,26.481460650619052,69.32847424135576,5.844969081891554,63.2666960380016,grapes
24.751229262025838,31.807573947467162,25.79123119469461,19.74389506140392,55.70442345302774,6.694892226389033,63.10674737888734,grapes
34.51730149910573,36.69324932485343,29.80096791345558,20.998789766357532,65.02801337345629,6.66226431843888,86.35518581217576,grapes
26.371193263487896,30.175592863198933,26.17133861900339,22.29481631321508,72.66892956417621,6.5711021526380655,72.05687476715964,grapes
23.48459782238423,41.504584085976134,26.085705836540182,24.10364665520073,67.77779599727678,5.69801978748826,63.322900675391274,grapes
21.431312104061984,40.95025279514996,37.657469108228355,24.22958506047312,63.390688477743275,5.790055623752346,70.01833629122845,grapes
22.24889124281605,34.59247298210807,31.652931292015694,23.189374114419262,63.86247162431542,5.9350909302246935,66.66558393537554,grapes
22.792760614918944,38.201225732334585,22.917055884094232,27.148559718002527,65.81317677921798,6.21350615159528,77.61331672306319,grapes
21.459704199847145,31.159694064047184,25.87092286138469,23.505863940342824,69.19522814930617,5.795683291172711,76.38328222187221,grapes
13.160393905694006,33.38061775170395,34.66854947044625,23.658057421934128,60.025138183003,5.770104872251841,38.20576308778375,grapes
19.940990147940397,39.440413764552844,27.669588932415074,23.07091127599755,51.009126877781554,5.429206772410604,82.4955163752974,grapes
28.086470403307807,29.55075606795439,27.47771043370712,23.941655314002432,57.823233607059464,5.29854964077024,68.32829093188593,grapes
27.863042810866204,37.485800742865806,33.500949542168584,20.89288547644035,65.34741145896163,5.906042022519808,69.08418280227949,grapes
23.941091831829315,32.22611764144843,17.92883818313758,26.323658041141346,66.97994099285053,5.4804985743622225,74.96788235642393,grapes
22.76347596499265,33.240316271045536,26.92634159404387,25.073860945304528,60.20105857090281,5.61610785986829,81.88332051136295,grapes
24.105592951166376,34.38055716203273,32.76985648110666,22.66482659830765,62.19108096411869,6.1070003444029926,53.81553517413046,grapes
26.105495233841072,31.826011871438258,33.421890369820595,25.09332665369982,67.48729014185018,5.437564473005905,68.91434835067489,grapes
19.113667197928613,34.84517160749649,20.738881292441043,20.918335463249516,72.13420165304113,6.129168611602296,66.28493360146349,grapes
20.456283386568888,30.44613354613421,30.800623020354102,23.312735380815308,74.27988309990366,5.935332697996378,70.6165651685676,grapes
18.057482659723142,33.48506325425601,30.707965620271946,23.254428577573627,62.08622879855461,6.114418368965363,85.90564445639039,grapes
25.724846851539137,39.805582390587176,32.48640951007513,26.1687067493357,61.34168045992018,5.92757537675546,67.87087750697103,grapes
27.73138618281988,38.32813385328983,30.500224764447566,25.75341315475173,61.620011138111764,6.3098821435146935,80.6659991429516,grapes
28.387481729623318,35.56351309062109,32.853293329619866,22.21199106952302,66.19017358616125,6.105178666888793,56.04008553690941,grapes
27.372921264697602,29.754961352136377,28.288326808362275,24.079521918552597,60.615581692203165,6.028893913517111,70.69884839958031,grapes
20.899091803205796,37.38549272706219,26.94337398677507,28.57594874946939,64.34312706001637,5.590047049253489,59.664411454755395,grapes
30.737902323491504,33.28156307118249,24.544944768680125,25.707425494255535,62.5065566733315,6.228696828891773,79.82344326938933,grapes
26.372317694042724,45.0628110618784,23.101030028267104,22.364099849456384,63.46429997237625,6.7914107350128425,88.87902593607322,grapes
31.44345433696958,31.664679448867176,27.28994104091828,22.342879929719093,60.299438671755425,6.522446612546591,67.44044520434365,grapes
24.442509176780288,38.25242450507841,23.3458881038641,24.10529164253828,58.418769627962476,5.896954777804589,63.84258271342827,grapes
21.810096269843715,35.947443588166735,30.884853609570044,23.56035882153203,67.22410605794694,5.695984910701258,77.15665162491399,grapes
23.96900488921197,32.96861303902083,26.820964753188075,23.51720507906664,76.22383554107553,5.977840180464094,57.98376287049389,grapes
29.59409533392523,33.01790056967463,31.13503601740988,22.788678899146845,72.68463989685903,5.793234085173912,84.67750877506413,grapes
19.75369707735607,33.769793179994984,35.59998314362713,24.336348449562678,78.6287956508338,5.905800842766694,72.69894995608708,grapes
34.525746360244085,28.641522489682472,23.448999867273848,22.408983645581184,69.88023613683995,5.436552085833822,76.2690150939012,grapes
27.633533472444466,43.46043897944822,34.18193970204949,24.72810047499555,73.15479761091777,6.188616379390203,65.16926442641437,grapes
19.276971114755693,32.60866446448906,29.83970450181153,24.35003681069921,52.18882641147945,5.923153882776602,70.30010858026917,grapes
27.737687224399203,41.83256370652667,30.74261414178108,22.180874247504562,54.09152369839117,6.240453835339333,60.87458272548716,grapes
29.334184885806735,40.86916463908279,23.823700936083306,25.107785117517924,72.75573446203606,6.356663763848099,47.98801591244022,grapes
20.73173977603148,29.623241875848223,32.0938910205882,24.826653246970995,48.81264873235625,5.894708932535256,78.40755821858163,grapes
25.73987995612061,35.61432106189942,28.540025253125158,21.882118117850645,64.89766505665709,6.0182327079322935,76.46017246349604,grapes
28.48249962147731,35.36061796048561,34.37963345833933,23.25015066372846,56.3358525807216,6.166968784296372,71.32698532108718,grapes
27.484657578399318,29.689304337211702,37.16318435444418,25.421004827327284,63.272018654005244,5.672591398912374,81.31011080953861,grapes
19.49115108968072,44.4977322641267,27.547180240402675,27.44101042921122,63.8931572895637,6.553261348087108,62.28388067832158,grapes
25.0941818927335,38.37994718671638,32.64830854678329,26.20152366731577,62.07516731119061,6.029682930497434,83.10808004797975,grapes
21.473722491405244,37.40467245669729,29.123359040889,24.41174821316521,65.5073012984867,5.724100897225263,67.2627214827143,grapes
25.72466126038353,34.56855920540906,36.29094379917696,26.019911113632723,66.73988299096098,5.732898836048174,61.347757535071494,grapes
34.86905517640206,30.758481168496786,30.455438472602097,24.72189742869736,63.13205809110016,5.649228682397924,61.75858529043189,grapes
22.267474988479858,32.02012994978933,35.31088157272372,23.98174801305474,61.85719339311433,6.037435315353522,77.0135370055966,grapes
23.2769014697121,38.788321439738844,24.915412902573763,26.34260726423283,64.94628596136667,5.983195676886895,62.723349593119046,grapes
18.860749347432932,27.999977869575357,26.948893324200856,25.175346441204706,59.23232946617203,5.458043134996492,60.45481423620324,grapes
23.075833412478424,33.548894864818116,29.484428367028944,26.065212692103756,72.49552662854893,6.701911876886262,52.938473174665035,grapes
20.720580398318326,37.93363765965097,28.1838751378999,25.721572939698465,66.24268058068897,6.55272147351288,80.9485191962932,grapes
30.305083132794906,33.270139243486476,29.61015661612691,23.389493084865286,55.96464713810056,6.515119239423436,77.82656674285373,grapes
23.27486437959531,40.47928853133189,27.47852941301138,20.323731063089447,71.04421851736168,5.552503918409401,67.94435761094817,grapes
26.0306152039188,36.6189544479028,33.393604224815185,25.161702852535026,68.29935515937215,5.723236876280228,73.0895573513104,grapes
17.47225014974947,41.560978333501886,24.389740704727103,23.30712032248731,57.0867545658393,5.744441799947022,70.14099836203654,grapes
22.35620950741999,39.80583428421161,30.907604063851185,23.074180541542813,64.19850842015572,6.426895159969577,79.54314427448689,grapes
19.306145529922944,32.14126280061366,31.899159274737485,24.70673317205408,58.697710751607424,6.262194306257318,60.645821528042845,grapes
31.51913386928171,37.22368645624841,25.472302197417115,22.941846597073177,61.72123631282825,6.055956852455815,67.85824257086885,grapes
19.272555433091085,29.144111585865183,32.19609333759144,24.572473729128326,65.6332253432302,6.094756150636162,63.50134895098713,grapes
25.919961788875717,45.66172337293392,34.698268482988574,23.423183098080326,61.85976951739256,4.998846210877952,81.22128860633933,grapes
28.933026768874065,32.71592252903873,24.27316926849149,21.68946511362055,67.66638717487653,5.96873074321812,77.26171618487645,grapes
25.432215691840916,39.060387094889236,31.478300561568986,25.657590760321362,52.46189953446837,5.567979050325889,66.17430746617991,grapes
30.39784392450121,42.89822484948451,29.34305687045249,22.77683987222364,53.270188734453185,6.302247317425607,64.222998960458,grapes
39.79167334679077,31.894503535855044,38.42110038744266,25.496734767174935,58.8304136040718,6.0812503260252555,78.0994955287799,grapes
23.873739037417085,38.51952738431965,33.26382863739464,25.19267700118826,64.90115979171496,5.588770968742856,69.19375355751005,grapes
25.880323318579215,27.120586341641136,30.676941263965375,23.806397470379714,57.220243575290276,5.883447763257885,66.72561335823985,grapes
34.65047266746709,35.92449705394494,34.144181005258396,23.764369391018704,53.7565008989895,6.235319647087568,63.08903933933082,grapes
23.321999350060448,30.577520753715024,30.29107145568544,26.130356723244905,70.59642865084776,6.555166327724807,88.14357430851817,grapes
14.770628848708881,29.986793644097645,22.76723368669379,25.26386082077918,60.841509297205086,5.828786883854624,67.72572696476172,grapes
26.91285344045376,28.761651598372882,24.96454614946365,24.002592413062214,72.1924756169268,5.991110908862121,61.68757308298866,grapes
14.25895659831182,39.00123745725317,27.05627340243808,21.70512616849656,54.708048641247316,5.496314716100312,59.907250685234544,grapes
23.805756319029246,29.92328484000524,30.742832150190548,23.507104520163796,78.33195373510716,5.403444909262569,71.69553401828001,grapes
25.870024945204786,30.671658903522776,30.381009589789844,25.539188732813432,65.578948895347,6.484562009686943,47.134280009998946,grapes
20.7888329359864,41.19523539836997,33.6481053330554,25.081023422532574,72.39929243911675,5.3292047424543805,78.35391195858962,grapes
30.32185081209711,32.23345930206191,40.5169484715649,24.392697928124115,51.843385744948755,6.133445199276814,62.441469685111315,grapes
30.82497636964759,37.30136494024345,27.608311710895237,27.00490383652579,70.63670783587587,5.710228004311264,68.4035266541111,grapes
27.584583953820403,33.470094296354986,28.66240238461098,24.07345005652897,58.60520849577566,5.218532131498061,72.5109160544864,grapes
15.055500253524071,30.829237446792174,22.91367056420571,20.703111104477394,67.55813104471575,5.922192142228974,67.2867952175847,grapes
18.420491081879952,32.24543382687804,31.50582063684075,23.895825469387,69.9360443662519,6.33778220424407,67.3516914882888,grapes
15.738753570397538,31.82209142392189,29.60924287650923,22.44702589599177,58.672254731997484,6.02441329947822,95.51818257869945,grapes
22.559059689818124,34.98821541953455,24.751856491076047,26.486802110083026,70.24845826010854,6.282006948813071,84.27785601869982,grapes
22.863293226525965,33.72984515664839,36.8395141275466,25.265456205889116,51.68466907193503,6.159187341472953,63.892170361919234,grapes
29.490859123283286,36.71439997156473,23.037828943908803,24.537660340990954,66.26376636350965,6.127211870262675,76.04305294508974,grapes
32.47982979910866,36.73833375638005,30.091593841897858,26.29593510837645,78.4564443415386,6.320274763958831,72.16516433148495,grapes
27.162652748844593,36.07538378947268,30.07407366109331,28.33034166301276,60.50567975410141,6.404217039884945,68.67850210164397,grapes
17.59790414930638,34.20906547693667,27.812896664984343,25.15515463683532,65.54780133595142,5.6422905977232105,85.445583091642,grapes
30.450670022378624,41.66143323480489,30.947858656272466,23.92853386343862,69.22136289571172,5.797883742677684,71.36562532455828,grapes
24.121610503393175,28.863655867802333,30.50982201935629,23.118066216513395,63.544687015890176,6.1273247309774845,83.36159790685957,grapes
20.756149547260108,33.5864554964567,26.93966921456076,22.339638824402016,61.432586338101366,5.931242401014682,76.1516523972138,grapes
26.60222882392419,30.561200603850352,35.17664129566861,25.888824612954075,59.59288609634178,6.428438812171846,73.4328533322609,grapes
24.217723485373767,36.503936186813114,29.896916817497914,25.090157308962812,66.123893138787,5.881900881704729,48.728819028805475,grapes
27.63591270315963,33.43064783077572,33.111786438580985,24.96335012455144,62.914014733063944,6.358045866877068,72.150837449284,grapes
25.818214236890437,34.419935115594804,36.73422284895919,22.573466541808685,63.06395277524567,5.566932699222002,77.63067631190731,grapes
22.089254968211634,33.02585055674945,27.932253471371276,24.125443832124777,57.49544249204512,5.214864156864209,74.8058923926241,grapes
14.432211468981448,38.587378692704995,36.23411099814059,23.671552392129932,72.79695768032293,5.991510253159873,86.79203217031764,grapes
22.718910739433944,25.067496400389288,29.680353023573993,27.41592638682148,68.2098098356425,5.819636870011754,73.45346227748968,grapes
29.855624192262763,34.64041095655922,40.50556034136952,22.965164086961025,71.0150643322685,6.26667803276863,62.65181204067039,grapes
22.877798663261636,39.276014319413335,30.579151550416967,24.676143453454547,55.18419587777386,6.229599529306736,73.01661686286697,grapes
24.680449886794232,36.51574582484812,28.363129171503,22.81619499223305,63.54868681016534,5.837528887588596,92.8955603909536,grapes
29.55935364421795,30.932430519318856,38.14518400904337,23.134286777127375,65.17673220478571,6.314096018225962,49.31512028907504,grapes
23.814870765295154,32.591997825937895,30.820320318176538,24.740099366530885,64.53644380800588,5.956723445637354,81.18387941267217,grapes
26.50742965167019,35.17398504221816,30.591482365840555,27.671777995060438,66.03604386190463,5.819943023262003,49.95550956958388,grapes
17.83031312982523,33.038491240665,29.56649262418341,22.888757080779524,67.10686386227485,5.801022184422092,60.39786266357798,grapes
28.063219176787065,40.75145688688765,25.57132960901381,24.487431727415622,53.56997205107709,5.483911654245494,63.81795880623969,grapes
30.674552161885966,31.729434675237005,26.735598100937803,24.0721745637889,65.2225016668991,5.725203984535866,90.85532645626401,grapes
23.673183134423134,35.47705692615594,28.392881849158233,24.879943124302358,72.4097453582247,6.5822822939341,61.99621040972926,grapes
30.50397588150606,37.308659442114276,33.89814643784031,23.816241454614406,63.877755360306914,6.327500125999897,80.02427131359102,grapes
32.82860281930943,35.83389973289206,29.57234148946097,19.08029284001159,55.33243677202799,5.8620119381858125,58.43888122191474,grapes
29.07065282716623,29.497911961368395,27.99478268659885,23.075947013723024,72.22845850039667,5.787116437843125,74.75032723950387,grapes
25.978530637613584,38.79381163887857,33.40086020846592,23.933119774260913,54.82223292435692,5.91889068967403,69.7904657324124,grapes
26.43004616576389,31.902268390072596,34.563604473634456,24.027238836629984,59.47701591312725,5.839620256440412,90.24969786665172,grapes
28.321889464732493,39.4035175333705,25.833652121146343,22.6223406156324,60.91146616471253,6.064537808156017,68.17298077360162,grapes
22.552527943714896,33.470907711485495,26.823859253299723,23.64032142619718,71.67929350300248,5.470401226957586,73.63803405316992,grapes
116.56111233855549,48.9008774086066,46.82674382512462,28.848462971901178,69.09466873878694,6.192057964521444,59.08163694594987,watermelon
77.55878835970864,49.088094411231225,42.4196296203981,26.976658973341664,81.69017774628423,6.848989392337868,70.98205748140369,watermelon
112.23058998370719,52.3937759006398,47.70131831674965,23.15044729213821,84.75895396249271,5.832814233751607,84.51909456988658,watermelon
106.44169155114702,44.14392328851584,51.87199017091372,31.26582212257066,84.21391548518262,6.020550430352943,62.52420203906084,watermelon
101.20249644779287,49.00691762618098,57.19842431385638,28.47917827284361,64.84655039082946,6.36053633939837,68.11954491089263,watermelon
100.4452976323368,51.49365808556395,57.19237403165961,28.95558592709204,70.50154355587622,6.1794858113086155,65.29052537499928,watermelon
79.81784837312082,49.343776954393455,61.068526565354574,23.575913212500506,74.8556292380396,6.180351649106614,73.02122245352535,watermelon
88.44730051127283,41.44933645520028,41.72841405923224,29.66186751666296,69.10388415382886,6.025153232921389,92.09864228543623,watermelon
91.18893211868253,52.05439758770556,56.38287005975304,29.031440373958485,67.01054185773792,5.950326643304476,73.17482175064585,watermelon
123.1482094885995,45.43093604815283,47.03832209533354,27.839148842802008,78.71794936409026,6.438088901505958,61.1132634192346,watermelon
93.61542235678714,51.293007198811814,57.573867875769686,26.523031835763145,74.86618859949708,5.840925047001207,89.56388173486854,watermelon
101.85115536570052,56.46652867734045,50.17938324840561,27.170534130486825,65.99814665488763,5.447233345607602,83.14500472427757,watermelon
100.93669857114904,51.23856873791971,42.50567748679754,25.193871644412752,81.37381200680991,6.809050319794503,63.47662285538821,watermelon
108.05779946035666,51.14014959608963,49.27682635953364,30.70391804035664,72.28079012386348,6.63424942295612,74.00494482894152,watermelon
99.79732813162217,58.232103038198474,51.74080699053817,26.807144940175437,83.2766530378922,6.6372417888201625,82.6206148721157,watermelon
53.34634790056403,52.641059754430465,51.272703158419816,26.930273491829027,78.65867780383607,6.291194905376585,77.11697788193541,watermelon
96.78445830694008,58.98908378105895,54.67366515063696,28.08505318102968,77.96223140224119,6.605048457622748,80.72772176282264,watermelon
98.64673535744454,55.94186228493977,51.04431344025227,30.833853583000657,81.5863668662818,5.981036738503407,94.47246223922778,watermelon
74.77552196812205,53.82412844401425,45.82251602332828,30.76436058734604,76.51683639177172,5.922171587219507,67.20180552169438,watermelon
91.4328224960129,48.16533812857953,48.02811430466297,25.49768826259789,76.62038286949574,6.336928457192356,59.538782891602345,watermelon
80.10077484347202,51.86573871289743,53.1915233067172,28.460433523922468,78.30704628956477,6.7504508715079465,80.46921281277827,watermelon
132.1579383569869,68.60388318099767,39.451384474131714,22.60572273752831,74.95565221291972,6.376481350458112,69.20320740543991,watermelon
108.44296535269312,48.37854754760975,45.83629541951526,25.91421828029791,73.79898978561478,6.4952293204210525,64.88922268500878,watermelon
96.53237556499954,53.421301064266125,48.80722161472886,29.23342110129078,69.48296260658964,5.80227268523708,73.19860485719259,watermelon
104.85146154717756,44.810243035499525,58.061572407964555,30.849873619540453,71.2328747229557,6.720555235455917,44.98761219399242,watermelon
112.9133472006163,44.8534233732295,55.85643609183284,25.077448028086668,74.58907479223923,5.916459541210356,67.75425267328815,watermelon
121.95908834716533,49.35237322043956,62.66180974355502,26.22837487781433,83.9505882228408,5.631007587720519,66.991654918529,watermelon
93.56668017609572,59.22623360478285,51.111492716216446,22.82383366070501,67.13922207165862,5.84556821271721,79.80752808817778,watermelon
109.66008980387531,48.197603402233284,46.708941238294564,28.432776481700106,68.22286144540824,6.360184142282623,73.91143896713744,watermelon
96.70492488319883,52.386067790274296,50.61256611844811,27.99483898951308,66.99538614911944,6.415075693185046,80.77931395977386,watermelon
103.85141704677334,53.607295105949,49.34048409554143,28.782665132526088,75.39148276787913,5.798220551140886,78.61226962627424,watermelon
80.39024502990674,51.6966784657303,47.694662899718125,26.103748500590576,76.03193249955723,5.951749133213702,75.37816314834224,watermelon
100.68155959146402,46.29623629152681,58.029077420277915,27.409565220598996,78.78480560054689,6.695806055323048,84.70187462584092,watermelon
106.95742544627426,48.184050793941175,41.42177727477673,27.41338140095949,81.56750589490431,6.32401018678765,33.83186747743708,watermelon
110.4407458579176,55.58899492865445,48.192666837642115,28.976723350507044,78.76779248636026,5.96007262270129,83.34866172028569,watermelon
84.79027692272663,49.656531973766384,49.05798612336749,25.34912369562244,76.82276320589379,6.65862911485057,83.10128965454457,watermelon
108.683970576903,39.824464958718224,41.98428619473729,27.332338239517536,74.79458975349876,6.02567206037559,90.00589357327574,watermelon
101.27032183805369,53.25447644714491,55.927363285690674,27.10991689934492,90.54637300747422,5.870869694147504,63.63624830611172,watermelon
88.68609138060992,59.37594971856382,54.81251524531188,25.911696174562813,69.81674175027132,6.684711675210911,73.79772101105803,watermelon
116.92501562339606,49.63910389531066,53.0692119346016,27.600455310488005,71.25533199375559,6.149549544416847,57.56481488486738,watermelon
105.92928188472692,54.56749247808116,55.94096720063192,28.33308978634201,74.23073918098186,6.743189725776945,79.36923912116022,watermelon
116.66255561988527,58.707720226822104,49.24640206815865,27.775758913786476,79.64739110098486,5.797800374362952,58.1667816900226,watermelon
84.40826024805908,49.35139946888066,48.00009764473041,24.128658743409524,75.89614936619206,6.166533379149193,82.41352178580843,watermelon
124.1557489495895,52.73870204248539,45.820216871802586,28.293448754694136,75.05581753992284,6.1159561611764754,60.953188227611975,watermelon
94.42935952933591,48.93325393235703,54.82457835299269,28.02205116081573,85.95345685757097,6.436018325846265,74.45509670790479,watermelon
96.32523561432912,43.775222108919735,46.580639348881135,25.600322674476146,59.63455909240916,5.84697887609904,86.82320249434272,watermelon
104.42320255550791,47.74085686792942,52.390878932840124,23.093190948541253,76.69258629877454,6.647122292101619,68.7282825555615,watermelon
78.73612568501719,47.51635679133982,57.67557196989872,27.51725931379534,66.4901394312386,7.0286702127143545,56.835010579426104,watermelon
97.08490502064143,43.77568399608678,43.78398791051839,26.095697768529686,78.81690095907646,6.6516860058268605,65.94523419365918,watermelon
87.8782773497809,52.871835899958846,53.04778147357513,27.480752671106902,76.6544388774404,6.160601743779711,71.03058397283675,watermelon
97.82018645651715,56.421462362222734,63.37075700423526,27.359306303414385,74.96056651217184,6.289551477991524,63.091821089675435,watermelon
109.17974045325785,52.647058454486775,47.47717875174386,28.804133638084956,75.11393861007232,5.860480176533969,73.69184667694108,watermelon
102.84391004079191,55.76250887666375,54.98928170044909,26.781547338742477,72.16747838151882,6.20061031252023,73.81474323652088,watermelon
105.80505253318059,51.80847324881671,49.45542833916939,28.993634040046448,70.95418863544035,7.067791208254188,78.01223899161447,watermelon
86.47017516195987,51.111375985618494,54.63610110819279,26.30126178896058,66.02913571453976,5.836327620440387,75.69197591562829,watermelon
78.94460232917955,41.30393256892387,53.221008481603555,26.55490156630634,70.82531766237122,6.026843748437114,54.55645496513465,watermelon
105.81344116545934,45.16073866989532,46.78548689249678,27.693570273174355,73.4602347872747,5.9533713416279825,49.11089654039875,watermelon
104.40911015041378,50.47395780565041,46.89567525389976,24.925201789066307,75.07657487192115,6.368165116184019,71.0264682539052,watermelon
119.65678624590583,54.22864701563017,49.35630146195575,28.47655751219313,75.29197367034647,6.215817464082929,83.61181987176573,watermelon
89.22330546231377,50.13985788832975,57.13826001589763,27.61798111634978,72.78568208778734,5.602844082119041,46.16135710696605,watermelon
124.91417427712898,51.85107092750487,46.49556116548243,27.69891377825968,69.3139551701799,6.084079552911307,60.12012587357387,watermelon
83.04071698522594,37.370090324972466,40.41405564662699,29.04257552787492,69.07870823273981,6.387212239131008,80.04479759337474,watermelon
100.1989562224895,48.20859672607357,50.798137523165984,26.16675926695177,82.22345557233979,6.856786855950572,85.22302421889503,watermelon
74.18124118271719,47.37783944683932,50.02495483268694,27.926115920845085,64.63611277378772,5.589794718870862,83.72129237106662,watermelon
93.29056817668265,41.075561969280606,43.378155153662235,27.78094928662443,70.06471388121902,6.284568974764418,59.72336269116171,watermelon
79.06959847139176,58.546280979327946,52.389139467733855,26.33249827752377,71.87182966991034,6.712715129176332,76.21106547805161,watermelon
113.7617563796291,46.4978439350648,50.30399924107747,27.804397831993064,71.69958534411695,6.166563761848726,63.872091431225876,watermelon
104.7887103700266,42.071635016896515,53.431820115482346,27.62142640348582,73.78014882895607,6.357331000978229,66.16812513080374,watermelon
91.95843110407256,53.26235692873207,53.52208403092623,25.98545952238193,71.44168624654165,6.13595928068384,64.20394064545282,watermelon
118.30142931858722,51.89885428516524,50.08760140128329,25.134550052621943,79.43393668221984,5.985938285019455,63.14615323364908,watermelon
109.27137595691903,52.32393632595139,34.97931434518665,26.68445847247138,75.75311772328573,6.081141345476595,71.68381848974295,watermelon
78.28374396509187,33.01387640395565,44.147190569778374,27.5644942435343,55.65026262887466,5.904758876466173,49.81100982340644,watermelon
97.08850992962383,61.747395547735096,48.69694403201539,26.784994309338263,80.03538564472939,6.207457295233701,67.74258641301194,watermelon
111.11975108974005,52.831322903070834,51.73175456939872,26.72243969486507,72.92361177163762,6.521009809831082,66.46714249126869,watermelon
114.77503455227216,43.7171218022643,58.602703727034665,27.944080166176835,69.18879046168796,6.378142522093308,63.171819567668564,watermelon
100.40113665216971,47.080237177128495,49.20252701520153,28.882861587619733,78.11106991288011,5.806122112880823,58.78498736258639,watermelon
103.249307323184,52.05912276137466,45.95333012367741,30.182630965964076,79.88096962361757,5.981048272115323,62.416319183932075,watermelon
97.26624143544103,48.00887353355504,57.53694496239066,28.969045945989773,75.21041708100834,6.437266946311225,78.64123987661776,watermelon
100.69912873919841,52.41571207621454,53.56512532455369,27.975211447297767,70.32717702914525,5.9628015849288785,66.96975605229647,watermelon
91.52002865143733,41.161396564186084,54.05571176569424,27.692816253738002,66.96380054224473,6.115679150895362,68.06499891884741,watermelon
102.18333314211927,43.50846530811405,41.876034584033526,28.039448992067822,65.79622792638827,6.118567777430868,66.57618954953861,watermelon
98.52058818127857,51.51630572706711,59.59142370686844,23.8010155988182,80.2594894963965,5.320744732854018,84.63396706258185,watermelon
75.48556791355412,64.61836782820875,47.66139302313707,29.58076612154607,81.50493614046519,6.0472288180434575,66.22263320903019,watermelon
89.95409244241269,54.724220998665736,47.45919137468919,25.36203294389853,78.22365607173691,5.885988245507988,66.54568593660397,watermelon
101.28527037846632,46.14542306443239,47.050707914480384,30.069966402278915,73.77458879828912,6.074130564075736,68.16118605027842,watermelon
105.4534598619888,43.79681790395682,52.56329240275032,27.511640380118482,64.26806769555529,6.8279894611930665,85.33854238801366,watermelon
90.39324480706195,43.2654407738163,51.368308982151454,24.148273424337425,83.18569772221353,6.036041192486663,87.02897274724258,watermelon
90.1071595553648,49.32678748659968,57.603275639464194,26.353521040722338,76.63255045905444,6.582430564473305,64.16150176624126,watermelon
84.8591309134277,41.24773642215453,53.500596496627246,27.777556773995236,81.36997903848655,6.104084348356094,54.9772587951943,watermelon
71.7669723246211,67.2077752061102,53.16153811122502,27.27358351216459,76.6718385618829,5.699031368118647,61.65384409488801,watermelon
120.91996153589491,53.95008371511331,45.418414054232386,24.546369343833522,71.9058353463326,6.089599273471992,91.51603337639038,watermelon
97.74079148840853,42.862689295201925,49.64838581833949,27.528676936756003,67.31672053447578,6.340757937058415,82.69361749885148,watermelon
101.66405539900916,45.21760908890192,46.8267773745791,23.682328046676275,74.1969885953848,6.30877298489047,60.58535785891248,watermelon
123.27640181233154,54.753676972706884,39.243335966309346,23.455474882984884,69.09585718377708,6.750614892365745,79.3546779607998,watermelon
119.48454634669945,50.061255719376526,48.743064032226336,24.504981027878753,77.09810354950078,6.131341141579043,67.53594199994045,watermelon
119.41661009263406,49.241926382812636,57.98588866428611,23.823850677714773,91.12867339717754,6.069355338385621,77.42543224437728,watermelon
110.39527494335815,47.01585961774739,54.91418054035432,28.742006353162477,70.72113299372539,5.954544921536337,70.4757216465898,watermelon
98.61407262777597,58.35878057509721,54.21600910967047,26.859152861073817,78.63646775224603,5.483671422771158,63.539234776866714,watermelon
103.45385209982665,56.6921930113547,51.19861600793476,29.916477999955312,80.20763914815159,6.029084701575029,68.52967821748543,watermelon
104.90106023486285,47.308186682861816,59.18774106749956,24.78254773141542,76.89663870254631,6.45740638476177,66.70880661065843,watermelon
93.53440800820901,49.543512221300006,54.87199107671105,26.000304004944294,68.58647287854424,6.602704671947559,74.19261296582367,watermelon
112.09428916587422,54.555990387604645,63.07933584969179,29.22994407121309,70.65552262875107,6.364593788531054,64.14636842904277,watermelon
94.550486033946,41.52499759630821,48.28332090880077,28.0900685770694,74.60386976919756,5.815221058862958,54.008297009082696,watermelon
125.3421512257668,51.950964518248995,45.05558498240068,27.923566919405754,88.13511646683652,6.417161825876064,40.7357873752004,watermelon
131.82750025584332,38.90452111825773,48.76392832773901,24.7331913999343,70.55998734016072,6.299543389743923,48.2542531576146,watermelon
98.91705297412493,56.88405453644816,44.94055805247469,24.21942988011569,74.16416938706554,6.081580478482018,63.75010946148807,watermelon
85.73984708658864,53.11510748711673,53.57158106865038,24.868706531087025,69.43647813237745,6.247772197902004,59.8677975900795,watermelon
102.14394379236145,58.80827917169638,49.641063912630116,24.572767265121517,77.35262098393049,6.137820844668135,68.4233511063412,watermelon
105.70387447454547,54.14622441666995,50.21301299283983,26.87863936658143,87.38124894284034,6.620193899617554,78.75223423968427,watermelon
101.57447135056236,43.965540584630155,56.764318315603965,27.288588293436042,71.5369859170612,6.114900841244307,59.855083054499445,watermelon
112.68794851583034,54.09822249873071,51.089794769170105,26.91442885274946,70.91598673650094,5.454474574684518,55.1642675850693,watermelon
91.08825592576852,44.64220170791688,51.736163747696395,28.62298748394664,74.22936468659378,6.693120927292503,61.779573944340385,watermelon
98.37355447902067,49.694076924334425,56.553117973006515,27.211774164164357,75.80141348734877,5.6208049097472275,60.55097955328707,watermelon
113.151427284371,37.5479464184169,58.057955914583765,27.999328977908462,70.51487202981747,5.9087828582574495,89.90753064840723,watermelon
116.93686967775305,49.28335537073902,50.807550376714275,25.707637278179455,75.80870386695663,5.9641337090007465,69.17529824617111,watermelon
121.7239525571769,49.426315720697445,43.71186871235824,24.26725590403005,75.76270654418688,5.933686695927523,72.58933299081663,watermelon
80.56596288245744,54.141500807455294,43.63901076924197,27.092594518554677,72.97018069536017,6.801436136797604,71.80063632101003,watermelon
123.34566337737513,53.36445440037452,58.55243553387487,26.582403587154158,77.07301829694194,6.626525256156635,79.5020794601325,watermelon
106.37191933821482,48.03239100327363,49.047341037159676,29.27532390320671,83.07546749239285,5.992498044752114,62.19053076927282,watermelon
89.1503945407574,54.97820369438094,44.423149867624886,28.635206812043496,78.27414205872608,6.009217854471977,86.4205227954383,watermelon
82.45289310278528,59.957195598551365,51.91331518547298,22.853067286682617,84.55127781492968,6.540274376476996,65.5037773241631,watermelon
88.42335321710324,40.58559953696969,64.49267697086235,25.15323625167631,67.41846862799444,6.293771693522553,52.802118599008296,watermelon
88.22141921866533,55.96981516496281,52.78526356891628,26.227260080521237,75.10984003758827,6.045135314429999,69.34902300162508,watermelon
90.85826340928418,46.51856408283544,46.335931174727406,25.54827829628849,81.26346597849889,6.469541087204568,60.210185681895034,watermelon
85.66727448948915,49.0563401412163,62.931725589737276,24.944589592606903,74.03265366177575,6.231052144801182,68.85925717252593,watermelon
94.50148150936613,56.93047983319133,52.72675173766073,28.69161064749015,78.53627969799798,6.512881912632095,86.63626124622766,watermelon
115.97252760146002,63.94882375757548,57.30404768844315,25.661106446944988,80.08387225083497,6.448652312644609,90.16309650493798,watermelon
88.39409779988453,53.347706488357616,45.91357793139825,28.025090208200268,73.71152001240168,6.367814081466811,55.191449046145046,watermelon
109.51871777867078,51.2363570911166,50.913157290631425,30.90045659969466,72.70509961039306,6.319792898670194,71.05284233991217,watermelon
102.37646992288879,63.33082342785667,50.382842554482494,25.865440401023474,86.22541677268333,6.092308932096364,53.145629454304924,watermelon
91.10987552285378,42.52047503574286,39.20020720211329,26.27396999126373,74.57870420835941,6.613184770295117,76.60871692665168,watermelon
107.006011697544,44.64073996881368,55.30959957178469,29.78246567279747,77.36742534927696,6.347881137704274,56.72073085315022,watermelon
112.65322969126393,60.68498329256852,51.93771439428102,25.81128544326503,74.02803086407295,6.052852749745594,66.21527864181691,watermelon
107.7757967643287,51.67678467002205,56.02361963582821,27.741805089556443,69.81547215613091,6.024757791652713,64.0901687357275,watermelon
97.76235908057858,60.76828214848753,61.72939754988577,28.67320240089317,75.71258278100171,5.723421723173462,72.31008721016588,watermelon
90.51991244275536,59.78313137939552,40.363365861257066,27.768968666660236,69.75456373409779,6.196669685080785,76.9937159982661,watermelon
112.26362426538518,49.63585879441051,54.56729930108917,25.675059802775795,76.47323030863932,6.550772595053253,73.48704452046987,watermelon
93.64787564352032,48.32574579461941,56.09393637528763,24.816310766143687,69.33410919595528,6.410556065934108,65.38899225731113,watermelon
82.56330164380373,58.10491200225147,43.40239827272055,26.601139973360723,71.28287613787741,6.095810780060923,60.711495694660925,watermelon
108.57135085232154,50.66494114584147,55.90192157126535,25.781663576916557,87.79813061969526,5.533372925073619,53.35608346681592,watermelon
121.03701817259714,52.84425000467831,52.04831649833645,27.86255061463602,78.4272436209027,6.304918702151883,59.85800283793639,watermelon
109.81829086087349,53.96406926922939,58.57058688043898,30.52848215380233,76.98285647785957,5.770357843828736,88.61149077762244,watermelon
87.78220077996471,52.027785162034284,48.45959644147487,26.138749299630415,79.5858007291891,6.285560859743788,75.38903565831538,watermelon
90.21176451803956,48.95555020775204,45.3827901209558,26.60185682404507,74.28742665079554,6.845506460621679,67.27642059807822,watermelon
74.49282010563225,58.37054922392472,52.69555624415614,26.737979130893223,72.37670779883344,5.8685760203800905,90.34950501940817,watermelon
100.62213866392044,39.57349313911115,51.96644019971145,29.41234340406968,75.93860801012099,5.884442284731641,59.5937199967411,watermelon
88.99217286736918,59.129947982281706,49.57001566857905,23.64255117064274,77.30480355506678,6.2493628749507435,65.28659759772502,watermelon
87.75511892693427,43.61663060136274,56.519802892798026,27.495025711610197,77.8718619879707,6.285665583353042,73.44073140157413,watermelon
94.37926403886111,48.76502387311534,56.98947083255025,29.829180335638224,67.66744807344149,6.127109408412276,78.81249626943348,watermelon
122.58495678658876,60.6917574879845,45.225453110321,29.55009223641165,75.3518178126421,6.5655458236065085,78.27692614862352,watermelon
13.680179787176185,17.1998958265087,24.022786364677156,19.959689489944335,53.52210143616028,5.949917630879419,137.81782843533003,apple
21.043741839069554,11.311264341159657,18.6966400124944,20.309006498255545,51.64818526568398,6.500936994628462,92.18876286493533,apple
26.747108484259776,15.063637139865138,15.602585974038757,15.080582303224634,61.17480964620035,6.695332043453274,128.95035712754472,apple
24.318240006323023,18.443593585186846,20.77775228021413,19.491571565484367,52.49715040830845,6.6473297083668195,151.1943382789878,apple
19.485484143420145,20.90590962366689,21.492609893809647,20.761381937033324,69.43065680394383,7.078437375676451,156.47392333227904,apple
16.01193170816571,23.768730008625162,19.671132823520175,19.545017640492986,42.04450951952057,6.614201788593838,104.6871132855755,apple
22.041269142734954,10.353739467049234,27.190799351179216,21.103147925753458,68.67922945449746,6.1419415889776205,154.04711083827453,apple
10.986437914835866,15.832301905897177,17.473507520232197,19.104086929499285,51.901021492547024,6.1798493351270345,101.38084425029952,apple
17.787865965342654,15.464113589147484,24.654777426504076,20.590700793242107,61.99924120776632,5.982638094815015,116.8818236429611,apple
23.555024595682124,16.372763023165433,16.55529954136329,21.868137784331804,51.812360908285115,6.227922753512198,134.13027050931515,apple
20.03084682667118,12.90835065988556,17.77252589901158,17.860406400386605,52.62551052364681,6.8850033024206025,129.5853211810281,apple
24.792970403886727,17.064274150698807,17.551015172112724,16.701717450431513,49.43887381177723,6.265067466115868,110.96407118203138,apple
24.9050996342986,18.88235386739881,28.847518561106583,18.47255765761523,64.58468983638649,7.056943521982445,120.6450545367713,apple
22.367776984701173,19.96293299656484,19.764301509350958,19.727216445570715,51.23597547329529,5.67398651846794,126.32134280915898,apple
16.45065336273287,10.69860550553269,21.688766600577257,17.097375518357804,59.83647934768371,6.669259760341182,117.49637728067653,apple
19.683448735777706,10.239115623383032,23.001354413461502,20.37472848210253,56.571099727537266,6.675661632885595,112.95471098953017,apple
12.40470862539533,18.829273499650522,22.754873654449632,18.92928239345813,57.45466119478024,6.940290703551282,146.35064005782388,apple
17.177205817840022,9.044955818262995,14.731139441612985,19.376547974089778,63.77390279972295,6.245044105750521,113.81885275607459,apple
16.91544450940841,12.87307681484533,19.955092623653492,17.43989965089649,61.50615973796171,6.449312622696624,171.48377327610004,apple
14.132145007249925,21.359464687299635,25.565381591945947,19.176631982308702,52.629636318928796,6.177545764354536,107.94084827675835,apple
19.99697025112571,15.082783936985445,13.590578932235342,24.587010646651727,53.442898857021625,6.522964297026016,113.25804812349796,apple
18.66495230454083,13.568487555023166,19.988278296698958,19.97082017914377,59.829198091246425,6.579526977984572,138.20530663249068,apple
19.95094589097283,15.925010220423564,19.034777269266915,22.006223468675298,56.935734577095545,6.4446738009204845,121.47668497716273,apple
19.453803293765016,15.121775694708127,19.77455559512432,18.88231668957728,59.58940333160957,6.789826597391859,158.447315710639,apple
16.981851446776194,17.665754900608423,12.363450734869271,21.658086130043774,46.26050730995689,6.1554841137497,131.2292249190466,apple
16.89250482288844,11.96658595998836,18.060735910006617,21.45925198383705,49.40265762149354,6.481045797522112,117.90019466488744,apple
24.09945385664507,18.39168701633137,12.658872810255549,22.09021883752863,51.33546456124713,6.582702269508836,107.3954611178132,apple
21.855673013548916,25.205395814484408,20.508662245140133,19.080304564707287,53.607032591946755,5.985839514966693,152.16806161558358,apple
21.564415537983052,10.804408374808613,15.934726839484988,20.030564758297654,60.59197236003092,6.09715353194206,145.87642516000946,apple
19.541832240215484,11.279026459971613,18.129238293708088,23.49710775425942,46.67071998072798,6.243837465418848,142.86094221190476,apple
21.082285217268176,11.835036726967791,23.859172945459292,22.02459146633836,56.98834401110849,6.28566119434577,116.40678837810579,apple
21.423380326491994,9.752283755146482,25.31113952453245,23.400418177351675,53.58427090095837,6.6246365723507825,147.23378830342486,apple
29.777804192838445,21.227925341962795,13.05784994656483,19.368892623344962,58.00412950889931,6.327023946084324,158.42687646950685,apple
28.14687586401316,11.73627943496508,19.350399920377104,18.500891727620726,53.82922933536298,6.421098677733315,142.8923359015036,apple
15.557676681330827,4.533001580176945,13.58182767106072,17.94339677458654,51.06585046601757,6.565511040215324,104.75386427133388,apple
13.944497048700342,11.28221032939156,15.537383995360875,18.89101251140871,51.416275624629606,6.741169885940834,106.44632402994458,apple
18.212016858351145,12.819909280332924,23.23553990415027,19.691441447964593,61.30418034039516,6.096670438398317,124.07437609184713,apple
17.12054491485034,10.095815608457585,19.72995583605977,23.465855516470448,49.882547182443204,6.455390756356782,100.39565713263967,apple
12.703861140479955,11.850990682628396,18.200067953483277,19.1888339181377,53.64384990952464,5.923083575753821,113.26350853424427,apple
22.508792367018376,9.56701970842185,18.579417220619717,20.585687519876135,50.30639846785798,6.619533538656297,96.47888226153067,apple
24.442247864661027,16.463202932374784,20.222661614037868,22.24963605261168,53.02390564458031,6.283750360638331,150.73520532682338,apple
29.203829011173973,12.226249175528949,19.545027051568738,22.090085086522908,54.531129989135366,6.708105978058295,139.63256745290718,apple
17.18847712221728,16.677098653601035,19.97522922196025,17.566262813212475,49.0620841214296,6.271654076461271,142.40974720254883,apple
24.80679081156664,17.999651673286472,21.760442813062472,20.82565261431288,56.66536269732898,6.642658969397572,133.9130484437038,apple
12.977889171363095,11.839011416223046,15.88431350207183,22.214290015308016,64.92460062150168,5.740833227855739,154.34027397259365,apple
20.433606867657648,19.05087927663481,22.025868618339587,22.880790107199843,56.25845460014498,6.022790939415479,123.01859592925231,apple
22.57828023053403,14.136155593862565,22.63092688861068,19.86860522271911,51.42694408531078,6.119907565840961,117.6534615774998,apple
21.022858248501638,7.162432782976198,16.879694357139908,16.006615910451202,51.29755087613176,6.919060157000528,102.76031784258433,apple
23.515798729306645,26.39530050924928,25.8141525250294,20.267026760782425,60.1506067347789,6.020611019147123,95.49847524855211,apple
20.14349054539697,16.594442253873645,24.37761713699696,18.86247571719737,56.160372906169876,6.555689044793541,122.53636052044125,apple
19.637625619329995,11.581181989441758,21.118829633539853,20.390099960390156,52.35992940426379,6.733020993108249,144.27184228310554,apple
23.386881479877314,10.830226719757103,20.398583067447966,18.177136874273096,55.579328477799,6.18236215604303,148.94681257540225,apple
23.91665734509921,19.611957221369558,24.206888360781985,19.45880057685267,52.44634153883545,7.109603340045053,121.90400655926722,apple
13.227096787640004,19.0298669346633,20.575102673054882,23.011888247957963,56.45781806788509,6.492999479428651,153.61476516452544,apple
12.307668274815065,12.658550781587971,16.450548112579167,15.609840442853432,60.23905856809962,6.304903555105971,141.97565078087328,apple
21.94543245617302,17.42856986651074,18.17840207663741,18.471503712029904,55.538565251318325,6.821708864157859,124.05533739717984,apple
16.49031838683854,10.203927634406565,20.816652061295308,18.891864930142926,54.569556475661564,6.4164274262129695,116.66691922466478,apple
21.469017803797563,17.21801633657643,27.861115778603136,21.515935429369023,64.56209397684484,6.213489870009393,94.9822855488683,apple
19.927848721399208,18.432108976596396,22.80464687263772,22.42276314465315,39.780727846088766,6.938541913209472,131.28992424555577,apple
12.279933274374937,17.894115386915225,20.677930307331852,20.7624585971561,60.99465490189217,6.65059637895075,97.38452940369339,apple
19.284868651085453,8.529419316596432,22.59624752223557,22.795940483168078,47.55128822468605,6.264987683813656,108.45557522895933,apple
17.730473640308315,16.64969263279547,18.227723511595364,21.30506034539805,61.39227862045585,6.885615741465247,104.03410446181911,apple
26.929644722363616,20.864289139504955,26.210719724948675,19.684370360564607,50.488945160138336,6.1555155829819705,104.34162712672214,apple
20.058452033324343,18.391407425961702,25.226233763949377,19.0288857672753,54.767870397518266,6.463534356309494,113.08849531502864,apple
23.678747648803096,16.451392986492902,20.567292700478426,20.71661087839185,58.692707487744904,6.711902956695636,109.27831332271518,apple
24.48164274371473,16.021464470722236,18.26153522007894,20.46845938289234,57.06686486035032,6.878624283507444,105.38458196590287,apple
26.624921768270966,15.09266542523931,17.975386997005607,18.92648380028573,48.991793449944524,5.89067979068514,137.70124775673506,apple
29.90443200210982,8.52953860465674,16.198288336278566,21.503166378290665,54.726178547971465,6.792046734796302,123.09274019095932,apple
17.09686250366811,14.096631557307475,10.471642310976147,17.71303130870307,60.689676245312214,6.917164945462596,151.36561353298092,apple
22.204346732240165,5.97572450285492,17.459973883251433,22.649311353097264,64.73832543210132,6.976926710052535,120.57026628556626,apple
13.467120667127173,14.837473640166074,20.05922807292105,23.131129640182905,56.366747800733265,6.50583841260827,126.37803402768985,apple
21.999294148813433,17.505760344246273,17.101850263928018,17.88475921074886,63.22335112842819,5.925635546947511,155.70776486008947,apple
10.446606513731501,12.661835468675916,23.887415882333787,20.000683778156546,47.101139177428955,6.649249853944099,126.25633140875902,apple
18.91975855779011,12.504310836868369,19.861576001877598,18.83615677609529,69.60719601309495,6.415993996864129,117.99205711589168,apple
17.291819272561057,22.107803371352773,13.443732488417734,20.718864843798837,53.56426016874157,6.001809963375296,109.64231885256658,apple
21.584769969529162,11.542427121375649,21.038255712880172,23.458306457372704,56.02360406330401,5.991270632516427,109.12257009037081,apple
18.57297130627369,13.591059524021365,20.60805538046367,20.624885884156132,65.38316773071315,6.498698117219237,103.39635412107668,apple
25.769030651242836,20.052098307124094,20.929772376023877,19.507211209582078,58.73527841529437,6.426122065212165,86.45545758542217,apple
22.817371414862336,18.569005907898312,25.764348921517318,18.53848311409487,56.35699189516764,6.586729845248544,126.60092299444652,apple
20.574280191431075,15.148544061507865,20.846997606331268,21.481362067990705,62.321725147505894,6.235283652757227,121.76934959772159,apple
17.886959400561715,12.737310571199766,13.535874338775894,20.048444911705925,57.87592221727173,6.445715086835395,124.83203944255465,apple
22.092184639545657,20.644478780654527,18.320941881907856,17.65677577133222,54.45735911803832,7.159246442179481,103.23311452946773,apple
23.25067847790142,19.631652917140457,10.537863122422959,20.82044504721697,58.62046382243857,6.406432679517051,112.8792769795678,apple
17.0466882373801,13.685726016497515,18.791615873248894,19.018445914486467,52.93314848390533,6.91677713834632,102.22946039534122,apple
11.254707883642048,19.827140428937263,19.23192896263767,19.223535415034927,54.33269725760399,6.573246845272695,115.17403949153064,apple
22.529655638236516,11.150949704764415,18.792695288603255,15.570607489430495,62.03342280918265,6.438369306204129,137.56445172007173,apple
22.38287292133125,17.199255121485287,19.968897885702614,20.77645478547835,49.232293524328334,6.090087505319594,123.10426374677647,apple
16.60111809802117,20.701856692997705,21.500577717228442,18.567037219758923,53.37075736896652,6.546552303695835,123.7249445722078,apple
21.358730164671325,15.274618177849232,14.43737300611968,15.698190864992178,52.75834573064805,6.696172446784425,118.2055806019329,apple
26.182820567026127,14.812453202804406,25.428784257007916,22.30380687852861,61.3077211910468,6.0787709280275495,125.32138752449754,apple
26.11386743741157,16.089378899032152,22.217439619995872,17.22422538976876,66.5127395836484,6.223018959102104,87.60452859218381,apple
18.244371310874666,5.2100645939157335,15.659499420835333,25.11702366620889,52.71975533498068,6.000274491207073,125.4743353731147,apple
15.510981274840123,18.45807679869572,16.44182088245584,20.54146742027032,48.117645778765244,7.409659850676694,134.44294475051214,apple
19.272471012587662,13.82816699747486,17.785600067002544,18.478173040384966,50.269619642912886,7.087415097661683,114.63848829272678,apple
9.352905466807895,10.336129116480421,23.71089847999655,19.495351886817325,54.19551039918177,6.909435057996682,110.42812645301932,apple
23.16208861065452,12.32846740084963,22.303506547009334,19.217729498460685,53.55070495086586,6.787046780128947,139.02546514404688,apple
19.172860072977077,13.113505320020858,26.396590337926618,21.17866162299594,52.65314914805269,6.271420472848586,144.21682825516513,apple
20.577000430265798,14.345788019495656,20.459900702250376,20.675593749273983,54.65986511541537,6.921290403395048,148.61259642897477,apple
22.659440596009,20.49887596198251,20.03398707255289,21.38066201000923,61.02673791323165,6.856663398005813,142.17498402009394,apple
23.155945970408425,22.828512462552343,17.841216858938036,19.68955842487958,53.71293714009919,6.371176499332667,87.71052418596994,apple
26.87432402854124,10.89583816381489,20.67925963498439,17.156277644650228,58.72429438431843,6.225111387420931,103.70071392295517,apple
20.97171732240853,12.197061678069485,17.70336361565451,20.343579230399243,59.7999367218065,6.213559829244901,106.41514111265938,apple
20.117418333411376,17.15701032103233,25.8510207674425,17.857340803412598,53.09219739237771,6.911525108776339,161.99552255260096,apple
15.03454500345623,12.0447523207734,21.524400378439438,18.844513715613825,50.444609472940286,6.585564712229117,154.05162413262082,apple
13.45258852450307,20.993336431118053,17.700923125668446,20.691583842516398,64.54510432661117,6.613863257305739,119.42204284626521,apple
23.590878113473696,14.307335190670239,22.085404198378455,19.59063800324436,60.16691738193423,6.012018907607424,105.99646954824357,apple
12.955357875660269,14.774282283214642,13.881847124760919,18.61633684986636,48.35494837258715,7.017886680338588,106.42474339670302,apple
13.567271485383289,15.993354135063077,26.747284618246642,19.76786584150863,54.767684161137616,6.951765111377466,141.46680009155835,apple
22.127074923059464,12.670637086399227,21.82383162514645,17.278431809294627,51.257946703644414,7.0010119278343375,149.41236283889603,apple
22.187423496676878,7.282585114493367,15.1671138880674,18.64105514277186,53.969805811967696,6.062356097322913,120.38161768283315,apple
28.83647619077678,16.60334350743469,20.875306515844144,17.964889161963022,45.16609127972496,6.070131251059936,93.51145347423106,apple
20.375176311207547,16.53554321762944,16.138840188722614,20.295838679818296,63.8139628973937,7.185194069821533,139.44519407654784,apple
19.125797480208284,17.952416975505024,25.407239934711846,15.985543724418882,63.8924142267785,6.3093946127924285,114.96944459492205,apple
18.22536013707041,16.28033655510302,15.554982985204933,19.430371930618097,58.15166323898735,6.576499937245898,132.14027214427756,apple
18.380156438093852,17.774839809850633,24.22566448801142,21.99287862432542,57.56566139705882,6.828612413053287,141.33238595215118,apple
33.38253953342073,19.872268280194834,19.645023453458876,18.17664142530626,53.43315847144534,6.383875300540007,134.58917314486,apple
16.498718774053504,19.768708686081617,14.441747976418817,16.734949727367166,54.18930395244791,6.205104332781571,101.40811523779445,apple
16.814650224975786,11.954056683684309,20.040537324936878,18.759058423371478,51.765193850499564,6.498296998622547,144.0170294512892,apple
27.353727327443952,15.591070249936259,20.902172475082082,19.633625965408317,57.88749172035447,6.636576776204449,149.85964405790773,apple
10.556476854222854,14.06200902515117,21.356759476510575,19.94743208491578,49.36496180742333,6.045221662265833,140.11854548804115,apple
16.215370748017925,7.9803980339775915,23.42629144003959,20.91796580089213,54.30475541525059,6.17990694253364,122.87297293680324,apple
26.077938002596028,8.541202855884801,13.744089533041624,18.74446935417518,54.84013787924077,6.326297835740677,137.05281078438162,apple
25.444169722241735,16.11507509842987,22.241729375024416,20.544199104047344,55.05704854549191,6.047254455064857,105.72515548245073,apple
13.245407615140365,14.405980820155664,20.92911212501749,17.101475230437245,55.43557028261205,6.193674285108927,104.9525123086839,apple
16.873252917196456,10.518094006619815,22.426636471837146,19.663991163902146,59.89128434192553,6.344776276762806,117.39338633968089,apple
29.366913204067277,8.507758113278644,25.137924973678796,23.309048075291653,59.594904977568994,6.384335335720142,151.75441384512015,apple
18.391193200550006,12.176857657157115,18.446926623233345,18.859612521762923,49.32026125048251,6.8885027419381375,110.49784338834155,apple
19.851765055393134,9.224912442404783,20.123242726996768,17.688147911554523,47.9170850624486,6.461749231466371,144.81822997214255,apple
22.20206843869898,17.036481544531036,19.48033128008397,19.328719469698964,59.74684383096542,6.302887993187719,140.6456403958943,apple
26.179734694670298,11.634452868096892,17.22221801746717,18.90860898717079,46.19822424547952,6.33570904392815,149.4021825728657,apple
14.772122288323262,20.300784434615792,18.266222168187692,24.228071274205504,50.909121608107434,6.449606317562244,107.9340675276425,apple
16.561496132070868,20.352716667433565,21.89814674055592,22.0576355583549,47.106464194059804,6.729189958605271,106.78543781149116,apple
13.313407434835737,15.955064555414223,20.914153333645654,20.1066915725983,59.30535047576599,6.805748211171787,152.5574251098819,apple
14.048285008470824,21.0080649818009,27.529245958782305,19.26753996709593,44.98904990156094,6.015775380425809,116.3402866074929,apple
30.07070795153711,15.068320000812715,17.53126353299275,18.629195483285407,47.06366604996525,6.806101610388136,123.27371103651717,apple
30.49914754881216,17.512837585705803,23.31974526422908,19.515790338514645,48.45381797095907,6.194246656884787,99.32661980207972,apple
24.551973599090456,13.460339251016455,23.810002158368263,20.271828804615126,53.24308986537732,6.090639007761007,130.6556137430502,apple
18.906834917766027,18.608735711821684,17.138357296497606,21.232215546994073,64.84509049733522,6.595394570130902,139.72421473891026,apple
22.8594512308879,22.59236593807009,21.486241686775315,21.39991770347102,54.78234382890426,6.228964012511034,102.34670589347809,apple
26.334620328183377,10.966562514629839,22.98345799913373,20.832033260767524,60.50671206937439,6.319850792095873,110.1738141034398,apple
21.89185919049879,13.830633307169947,15.075886653574887,23.877051084680694,50.25155100422473,6.152228550805245,120.45995434663666,apple
26.26429284578957,6.333059827505535,24.679534458301795,18.177052997087394,56.58715144064953,6.26339756339667,162.34844101253762,apple
20.623100433211757,12.167633798635055,18.79563471264924,20.179274149803376,56.0660596465732,6.6535668692324625,124.97366360595659,apple
13.114187916956421,13.638929316393357,22.426633499363433,18.660234387242,59.03668767819026,6.511101346535233,120.91737206062831,apple
25.970719462697964,8.047474222462874,17.298716406941402,22.46485741935755,65.98029497892121,7.300097369635095,125.9441661938432,apple
22.289486898077715,18.269711308942668,25.100301088633138,20.62618386934952,60.5568935406764,6.6609208301555825,134.79169891078206,apple
15.4081538154996,13.683145122495104,17.908923207688723,17.622209092842958,45.090368654734505,6.351730375492748,120.05220637932013,apple
20.52518538013921,17.22295136336056,20.75248897442329,19.48617764493885,49.50924210533875,6.806974184125426,123.09083342582373,apple
17.831051024965454,14.254182870346924,17.069022610581168,18.938652153177788,51.62525012025887,6.399431903699836,137.29540544033918,apple
22.03556034270304,21.186949629123134,24.846916368448035,23.91284354646915,58.35495087802498,6.6900868278307355,115.86095416930371,apple
131.8946145239352,36.85063873579317,32.94181348296842,31.052646784495508,57.50491043220397,6.653598126358459,69.43602352599966,cotton
136.2240137682024,46.06215993169934,42.54005347563129,30.492729418952397,65.04402245498673,7.281961138289118,88.95398280191489,cotton
107.03205754141882,40.33411220197187,39.26799027416767,27.49915188312468,55.05716463260476,6.635402590555211,63.37096425271337,cotton
83.63413516047768,38.34873452260814,36.37171046371726,26.276925974728893,46.38142429780687,6.202204993416433,77.91629761792757,cotton
110.86818326261626,41.85924964601599,46.6847711126827,29.03273488051035,71.15836576461191,6.888194341376957,67.77367079519945,cotton
126.32325157468121,44.776755296154235,37.9073897053673,26.41874669993942,68.18243875529866,5.981429894874312,66.94394500320448,cotton
110.39870859479856,42.1624682230274,41.05078010346719,30.064741759104265,59.46877967381949,6.158584460056372,86.28694362499597,cotton
108.4991965808587,37.10318120562678,31.087528771591607,28.581692002827175,74.24774283089701,6.139748879294867,92.26044334064136,cotton
119.1446604337447,31.526009735631852,35.705311092984985,26.087065334392456,63.10083328915624,6.646830000956347,102.18707404689718,cotton
99.3915005531738,37.673068494784054,35.699291906028584,25.464041077021406,65.57268611965739,6.500517996915397,58.234371835005575,cotton
120.2613676024147,34.214099234026534,40.056773051847884,30.53899298641218,67.77840776645563,6.562130983042482,73.65481091115936,cotton
120.96289417216475,42.703620266787915,42.22799844548037,27.80156247237291,66.30425794363349,6.039203362985272,71.18795870266715,cotton
130.1888604366622,44.041758166596196,40.44927323602894,30.957931468730305,68.0481164987682,6.418405368747927,65.36296696351332,cotton
140.71775880041636,43.69752379434197,48.631894830066486,32.33369491100783,57.27835815930344,6.050483189555485,45.64160104917119,cotton
133.2244147732285,43.151116899940476,40.46933920060406,25.5477335379132,64.46579786525137,6.564646923252697,89.39270800255004,cotton
123.93101156830012,43.186246215957595,39.404171824412565,30.362963787850504,68.79038046466066,6.084573425254711,96.6706444118749,cotton
137.64822992709796,42.23427873785412,41.34744498393983,31.31722313775665,55.20012280236756,6.934428583420877,74.2855196171078,cotton
135.77055522830955,40.5778040664114,34.03395508764046,27.006960379928618,71.13037443899579,6.426427241538044,72.54217502338274,cotton
110.9543223677517,43.082787626722194,48.40304814467182,23.718233258727437,81.80410668405972,6.571311180141646,86.96268962358593,cotton
113.71783084107736,39.98312740068723,40.924062458229315,25.90180801532593,60.16591137045482,6.914598639311938,61.37183785568934,cotton
126.35096308771499,38.221518835027915,35.38860568251724,31.943863703938803,59.272984632431374,6.104464300092935,77.75632755775356,cotton
108.93275566892974,40.03062715357383,40.745916623926675,28.469316131269853,64.25665491653862,6.254243403917721,87.72083651215196,cotton
118.39162416234032,37.621036902136105,47.1039697556681,27.7573760792171,71.55191960897955,6.929393456488286,95.45207402510951,cotton
129.95267243679984,39.99695921499633,39.69259988487508,27.51175976303342,51.99862597992124,6.751582382011752,82.93358679662094,cotton
131.88754943340425,39.43839255293457,43.19116077737692,25.244985874277113,57.98440634443058,5.633325940097516,78.38780965002049,cotton
108.87563153598816,35.66376699918199,41.60633141423348,27.148985611604743,56.40145395917803,7.390668370463234,79.5558725541431,cotton
104.40245203772598,36.78478978752136,39.16891374875582,27.6495080754856,72.81298563827525,6.472199514828727,102.26249806241903,cotton
113.77310960622567,42.04689299324748,44.90550493277359,30.390304609423357,72.87123330457288,6.404795890691953,79.93412887670097,cotton
84.29631504148307,39.05915181471731,45.23802005406391,29.793672959711767,64.4810772739395,7.0946988050254856,75.39193658786232,cotton
109.68758653411345,37.75282367091343,34.61216788078664,29.244790063407073,66.73089086965166,6.713492806230568,75.02754617682547,cotton
119.16374909751475,29.543590127637245,41.80588264629303,28.197682910119298,58.39683403103921,6.463369863769691,76.90580837515799,cotton
145.40609186410788,34.906590552986536,41.59084565856017,25.81846329464328,61.65275933557838,6.5968866337922805,77.46364410964266,cotton
119.91373167052478,41.59706611951346,37.63029005824692,29.76829306963088,63.16712154057437,6.4658555884566,84.33573529505426,cotton
123.26880289677362,43.092294037805694,41.52142912712659,28.93806132311235,63.04776491500915,6.125930115670068,62.86833316696568,cotton
95.9417738739509,48.46108824510053,29.378687627708196,30.387446997954203,60.074785932215164,6.9152543402419315,53.5695196650146,cotton
116.61464781288073,46.97931713452129,43.423405904682795,27.325469078618415,53.34213619082911,6.037129017247174,96.66976515871255,cotton
114.98532670194635,39.65524430361549,41.360968502572625,25.39432217382489,67.44374107904108,6.353134581765848,83.52443342690648,cotton
111.6760667442667,32.44904291170644,37.94861184730232,29.281555234216004,67.36436053446222,6.510825803567155,90.77758223612412,cotton
117.06824621936313,40.270126307273046,37.69711897747012,29.91323595350691,66.7491712863306,6.30506466143932,62.13164304166635,cotton
135.9114423585359,36.42848775431373,40.345908891949826,32.70519936628914,69.80905725039986,7.0639023560894465,73.54250224950621,cotton
135.42206011421098,40.128011166169074,41.75688121968919,32.04168342607912,63.328125055101765,6.5067390587867875,69.16142418190445,cotton
132.7939472050763,37.308990888224145,44.90900999593062,24.700173516510297,68.29182843100165,6.274707342877931,88.76621167196252,cotton
119.80474791089911,37.430373208632204,38.14451383899522,26.29922339988272,70.02672653192515,6.132976927701105,76.79505633520643,cotton
124.97144994771563,47.74477372215289,39.95536671571929,27.51497882692312,66.64180919069616,5.77428752451395,65.61625159171138,cotton
114.5947224161503,36.57774807648327,32.31600021163162,29.71555730233517,66.55854037734393,6.549092836548878,71.67210618614752,cotton
121.14325869115677,42.46935740531708,38.72849894126425,28.88914447848073,60.22363710904931,6.5341198595464,93.7099793951132,cotton
137.74108373149497,46.37242626375838,41.370728394078,28.06322790971549,62.307266503043515,5.867380335218904,63.861203643194095,cotton
117.58000840370026,39.480215444183536,46.77867053827116,30.62959825875125,60.88108315108049,6.786414000281156,74.27517362511307,cotton
129.82967533925472,43.86888509491238,45.96204549830914,27.014713290434607,71.08582212308555,5.844515087357555,95.55458817846633,cotton
119.63975919141336,39.98210560966865,30.22030477268583,27.222668225505238,73.1328763976813,6.350654337904015,88.5615531317025,cotton
120.49759383908317,45.10081187007855,40.9192046329798,26.136376937803796,65.33870407909366,7.060425916295424,85.97174093643441,cotton
118.32317317497123,50.82757033183987,45.56423537229386,29.63346783079692,66.90405479146625,6.755595842162887,89.15278487819408,cotton
88.56745902404921,41.895693821581354,39.228131875188836,27.00044745372685,63.827376319734576,5.95545295961223,58.34467879955385,cotton
137.94963481125836,42.218357534602845,28.417541789381062,26.84723091719652,70.28331040037918,6.401994969197779,94.94005944558033,cotton
135.11642590958354,33.48778619530857,39.312044325525605,27.103821150382593,56.664570233887396,5.991003986300655,70.32774144509926,cotton
110.77067410301801,41.359502930768144,45.012224671429216,29.027289911624738,69.50223344168495,6.406683762485372,87.23600235935467,cotton
117.86340026510024,37.88093256038664,49.106084554699,23.339048086905002,53.76017421615583,6.6339449139467614,76.8202118176106,cotton
99.30742535759632,34.93786743441391,35.56285217506345,29.78467307426183,72.27446258638663,7.073846897830716,60.93186533348795,cotton
100.31342113183395,33.10899292239749,46.186513627696044,28.834448908839057,65.48119529881834,6.5803700428466065,79.31866067433508,cotton
103.85555451734633,42.46322939096754,39.10653517286231,25.599356973041413,68.44571267214835,6.350974327304594,82.72980184209652,cotton
118.20030007730844,44.27861810667908,41.05678227629892,26.23259965028639,66.9320193412312,6.624141053565571,86.13599568846647,cotton
134.91658926813955,37.043282631149566,43.20609120246655,24.55036552431839,64.28009110827016,6.403869040317325,97.37414264216335,cotton
117.74876982273861,42.91834613522373,31.543462610211726,27.296484070622835,59.92184079539852,7.366428893153434,71.99843891454371,cotton
121.05521864632492,40.60756385092082,32.37050420350406,26.94792917891377,67.42859907589553,6.53000279633445,52.39506833590476,cotton
111.83532319913375,44.89994397494509,42.823470051102085,30.436066703650408,59.08611597546025,6.94832533734767,79.46712742052982,cotton
142.92800401352073,40.01586128360211,30.172117634971297,29.698509142614288,62.33891793215214,6.368319636021031,62.56284282716277,cotton
143.35967278568702,37.49871436574633,47.5601717195801,27.137513676814294,59.43352878710433,6.961835210910435,79.11998301199725,cotton
119.08456309408575,33.848195486641025,37.80340789745797,28.857391647262,57.20492003744688,6.311319307039864,74.95464275111051,cotton
120.95674758788157,47.101886299063665,38.560224961681676,26.618998675174876,81.47822379214803,6.348385126266799,77.71210206596965,cotton
114.84701228364914,38.67150831467379,40.373223342476614,29.84159295518655,67.42392633964043,6.876983447178247,92.5283440952892,cotton
123.00315032086861,41.80629745630612,45.32193604608939,25.777580143995035,79.9892672134298,6.320595204315338,75.78842094117229,cotton
102.54862596469778,34.32567612181889,44.67536353067074,32.540386555284506,61.59655933514991,6.621560784844632,82.64199914854596,cotton
134.4035216988013,50.64982942968351,47.30067240631161,27.522681438038504,68.1726058142578,6.719820244959779,79.75891242598857,cotton
104.21851967764708,36.165874150897494,45.51113272446023,30.5026159916441,63.75459581096488,6.591369387921031,94.36716585595573,cotton
95.4585282427205,37.85750833197349,49.685782631116695,28.598615432406636,58.224703491779394,6.5410488027508,92.25722710721931,cotton
83.32992570246842,40.84617192251724,38.21241013795606,24.716003747126106,65.49156353078186,6.452231918883843,79.71091697362833,cotton
114.98504706847541,35.09757975062013,33.016946398728415,26.61862011945075,70.15551268445638,6.581574602804361,79.16992004664091,cotton
105.02733865337055,38.20520832229979,43.53835628011462,29.009567524970983,62.13680678136371,5.586009246986269,71.90182843806102,cotton
113.04919894640682,35.645891499026746,38.01675624092942,29.633100256390435,64.77622128226092,6.846393616766729,61.89953497225515,cotton
115.6070775654488,30.692693867944,37.95242785678313,25.908685089404653,72.6875170005703,6.643399202045227,92.17795394711617,cotton
113.81739131606982,35.10535313384011,34.9524976262155,28.530878561541716,75.86096896516054,6.6443338022071705,75.502787248549,cotton
117.28169968617719,39.849758407591374,49.727884288855165,30.467217131669766,66.55975402490219,6.538406188732138,83.59224068443851,cotton
127.1175696376763,38.01664982571714,35.948421052592145,30.06444052110973,65.13189638343191,6.832054777535239,99.75390498531732,cotton
127.49685217103367,41.72103270193634,55.361166306481906,28.414040256559637,58.45671915292191,6.401571168739804,98.6202165409465,cotton
101.36399015596733,36.388193900065694,45.31084866864888,27.456758714973933,64.33852527814103,6.87568048704572,71.39814589215247,cotton
98.85212469808232,33.33334733985983,42.79254612836618,28.51826418766159,60.84460092032402,6.094422932717503,76.7531224982136,cotton
136.0778489220068,35.98807382161957,36.8191166946277,25.618956865307243,62.79552266538697,6.618327646750803,105.38202988451708,cotton
123.1360537846071,39.74234509486231,44.14209570872863,29.39243110366049,61.5340351137999,7.305721025700527,79.70739977247257,cotton
123.40380461312346,42.64647321897343,41.660187364542175,31.05079533774918,61.46054756522018,6.774183787098447,81.97482134461974,cotton
134.15121400957713,38.96806984015227,38.31800629046502,29.464146974852024,67.14795954253988,6.212896994186156,96.1473474369711,cotton
130.54813500156183,39.643819885618946,37.752490663690644,28.72826179374717,68.9629113441607,5.94207372411021,84.50817107027399,cotton
129.3967877147549,28.708246720154698,40.94171036197739,29.389218268791158,68.48526988558727,6.780856924173289,76.06920089578102,cotton
105.02534734067343,31.3612272075261,45.24267155472668,29.406130987588686,72.01093358497081,6.246200524404549,89.64603707150437,cotton
98.36139429182211,35.826430918192905,40.60469063923762,29.32641525965284,75.07407468738214,6.415977577110558,69.61100333853122,cotton
106.79305615922742,36.69833946388339,50.66092862308057,29.513747162268917,71.67519110217475,6.416355044487037,79.98021581121505,cotton
130.06940888580274,37.57216597225149,38.60172214457595,26.65059136747232,62.31504380145731,6.517142514376163,70.13947848603249,cotton
124.11809729946316,41.36599237864536,39.13960651429032,26.34508028887316,65.62977829371117,6.323283402966873,80.55913000527241,cotton
135.81303553060945,33.985887437900644,50.4327344170882,27.854952816424518,67.47103564343553,6.236537468415357,93.70653859449978,cotton
118.19097883991036,38.10823211296397,37.23752789787724,27.46301594842161,67.51008393771745,6.560483741720701,79.52168320267673,cotton
109.75553158152259,36.307967325160114,37.78780344361729,28.920551424321427,68.97355925462242,6.778965468914307,79.9823972775343,cotton
125.52329194921667,39.19143661656202,31.636969643543832,27.568146420921202,62.74804024785349,6.1363341784498315,73.19126989096635,cotton
121.94531636579008,34.560415428711636,36.58822973720412,31.095804031105438,55.38376204471816,6.435886244137514,66.00428761083099,cotton
109.17643011130403,39.05086129783305,35.25963461138191,29.147861230732858,73.10690371863447,6.794587347635956,92.29535741265042,cotton
100.13180622198507,38.833259095268154,42.24362112329647,29.742381828229075,75.52011795565895,6.874163857070131,90.75786348408661,cotton
157.92377635976678,40.46228359171502,38.61251949644047,28.354715807320897,59.50968346587919,6.523671825018733,59.277773674670215,cotton
112.3749258734236,39.44639736608516,44.55824939609461,30.22218108877272,59.21829761149351,7.226611701887257,81.78048174127403,cotton
123.45664751084308,32.23507127205603,37.023724527423724,30.099647623064957,66.0186707762786,6.537735154188506,82.72606604690577,cotton
99.2178580067609,39.536278943672855,46.75998570542858,30.173415244130986,64.2488033473064,7.047284036026545,64.89081791877928,cotton
106.00755362606986,48.945387410355075,42.77427096788091,27.422225315795373,64.66808860378852,6.217679110405486,83.31911122168934,cotton
122.84239362688518,40.09544660734091,34.43317016698674,28.52951222213782,61.822931405467806,6.154907958828784,95.20090989844834,cotton
151.24398755282772,49.324576618334255,43.120589266058964,27.468829841841618,64.57786650437228,6.641960792211796,74.95702697046573,cotton
138.9908648657625,30.228508027223015,38.58051734086032,29.60214298413464,59.92904211632107,6.415947888087758,87.12372099491843,cotton
141.86307514134427,33.789096245602025,33.433242458776675,26.10793962432032,55.77478489695104,5.986767540605985,68.32806562766359,cotton
137.76230709474228,38.502031273269964,40.150600509551715,26.089071486491644,68.8012224503875,7.15651740974147,69.34844139152695,cotton
144.83637654347618,41.74923703920566,40.08094479658581,28.80024766465048,67.34315899380209,7.149986546672135,86.2426487818607,cotton
127.79194326442997,37.976800864179786,44.02757025502914,26.08630605275403,65.65402393747756,7.5091492445232895,49.949720964244506,cotton
123.3573167472305,41.303790020218706,38.905172596061426,27.59096147786514,65.5484586389689,6.411798853587414,82.66375674585206,cotton
112.97840583623666,49.70748552998598,38.790334032172716,29.139222815249433,60.9857834009407,6.826600060640401,88.80161344821602,cotton
126.03734740606325,35.06879029015111,36.3884654052951,31.37234597149236,60.419157753735924,6.7243157595743765,68.66394403782436,cotton
134.52071859266547,36.705292684012555,35.376698139808,26.575315046606196,61.67718442003386,6.641635674223477,80.8326044736534,cotton
104.22975244925524,39.86585433376566,34.51119324500274,29.28711473000196,69.96141739323444,6.491618431507724,83.25984083591314,cotton
145.2305871935675,39.24350563651783,35.46756183975573,29.15839047187558,58.20407740540793,6.42630086285447,72.8121194469978,cotton
109.89379440179226,38.79957954090635,44.31947836582759,30.211337576648372,70.55723517854402,6.617723931194945,76.90740126334813,cotton
86.04732006624062,41.76477276773092,29.059207721157343,24.153265447053975,64.02999406527832,6.592602035620674,74.58698115404887,cotton
142.11164853975313,42.21808795608883,38.80284204738276,30.77261989036359,74.39068008538455,6.679395542716134,70.69690808291004,cotton
112.07610579328706,33.055654177631986,39.79639897695753,25.899917117110935,63.02555138482089,6.5912101060693065,56.19549629595273,cotton
101.80212573329419,37.56712933679044,39.74786863012877,27.012218400523786,63.37689241168174,6.252834481356055,62.60720189829648,cotton
112.29958880555954,38.976791080334536,38.51012750269001,28.223591837592906,67.51336742285119,6.7386041794138345,72.39738997386331,cotton
97.3085260235551,46.103662555497316,41.85014039493322,26.090675297652123,66.66623033895453,6.8737981566438435,100.75011830287269,cotton
123.60878797667132,45.08641905927933,34.19391005288932,27.928194496806647,62.989924104462084,6.619899448096473,99.33432722523466,cotton
123.59840727762132,35.49908445151899,33.93549481655737,31.29156012550788,68.0827604743114,6.65682847144127,75.87522333730196,cotton
123.85720969921694,35.26259245059131,41.85855210737753,25.650259726851946,62.844269329833445,6.274987397969208,40.9115882880011,cotton
115.00653177791894,35.685441162577945,38.99012855732424,28.00344560096371,75.6075916578895,6.606648149005128,84.00935159580246,cotton
127.13683922715713,44.1846808587574,42.18054137850169,28.56342604884824,69.26748151137886,5.650677952709113,105.06861899934592,cotton
142.89210976387295,41.042251608924595,33.21756903803792,30.42070086498589,60.836741005611735,6.686844355801227,64.6051327785744,cotton
152.06025934521296,33.07735954187862,40.3311331375192,23.755625570977013,64.75266528682207,6.351150178201603,93.6462007268716,cotton
113.87453618507713,45.46539319766239,35.08422127557438,27.436076793910512,63.42852741247697,6.673455889471521,84.42049311688467,cotton
130.40004223089642,41.28078689579075,43.17431116774296,26.204272142613725,67.3327920012874,7.0628720746059885,59.84008679134884,cotton
127.04171455155256,43.248542934102964,47.01369461186408,29.45209386658042,65.60189565295225,6.650525618428514,71.17954598526391,cotton
114.41325975804845,33.58862636943043,47.13774166885227,28.90031463790169,59.50332523805232,6.594974936931904,93.91217251993199,cotton
134.29620948654312,35.547334656801276,24.957573683778172,28.79077216979276,59.6787822089706,6.717814627093175,91.4032446600349,cotton
136.0363168007527,48.37475433269695,45.93451320677106,31.499097657568043,73.27436205941198,7.013176150907759,79.50958232842673,cotton
101.43369939025376,51.91489722151558,40.302174089036896,30.45741612794847,61.69835101385467,6.837372854890973,50.660440099520414,cotton
114.08961516958627,39.52762679971701,42.22052208786489,30.144049353202217,58.43514247021811,6.730988866122072,94.7200037196409,cotton
153.7811267916613,43.39181432242016,37.79437128889013,25.45647068578348,75.97521378719138,6.75806967745753,79.73629242103712,cotton
96.67461656320582,35.53031703568935,43.030337386114894,28.7076660482518,53.32201064620128,6.72141439477564,61.17876262136048,cotton
139.49773058787252,41.0010683915438,37.77557704600336,29.980308678221345,67.12099573067471,6.963724662976756,80.96570736067481,cotton
121.99899887624228,38.63079792353004,41.26224228528238,31.395901759578507,61.983414979633736,6.726784302265722,69.43467700390458,cotton
90.23905750543034,40.99580195377653,41.77794603265323,27.77989746111503,56.02409017536658,6.606505376124567,83.19576360967335,cotton
107.20155891226695,33.503240456929504,38.788537947011356,29.305858493555537,67.49992839075195,6.1917070507580725,81.64310102026408,cotton
88.51641349256545,34.37120459551929,40.30314576660733,29.679281960341747,72.3504070682366,6.904434201867328,217.5036706234626,jute
77.8668269583595,38.353558628721856,44.958853211293885,26.627739249940962,65.88123979582944,6.4654218918586475,187.34810416510726,jute
87.10480499439169,35.772980009190775,38.70495462653148,28.953814528304598,79.64000827151997,5.964941702113681,207.48799775253485,jute
77.94453418517844,45.237850130470626,33.301807859840565,26.75802650482183,83.05841614206341,6.469499298474655,143.94608718907395,jute
57.08668825430226,47.311672621616125,41.19058336912636,29.333602105582276,85.57201459616269,6.708896389141852,166.56489442738948,jute
84.70176248613564,46.876177342579474,40.398452455714036,30.80340208879838,71.00346868119887,5.937581986058143,200.9369743811341,jute
72.14006780939957,49.80801721805814,46.41923858191813,30.175143013516085,85.3066178333075,6.177445731715397,131.4422829964512,jute
94.35482882421461,32.80207261114212,47.6074513010921,28.339229520458712,79.5424840770794,6.654716689517359,187.21388705553886,jute
78.05686026956403,46.843298727612705,46.67872413087776,27.311318603641883,76.40003367979817,6.957083915541502,121.90779002135599,jute
84.2613690273087,43.54996051940282,36.023911193065544,28.947570974875294,79.84168483210024,6.309004957317809,200.2846126661714,jute
69.57742948450161,44.17212801550662,30.484738173667573,27.571408893462394,80.26306373728096,6.311106481596984,185.22765278208655,jute
79.23612675806923,45.062539011066626,42.68872474625649,27.905388465748704,81.75116722136123,6.3347417402085355,167.07765681313793,jute
82.38287206612054,39.167874461885745,45.33497358607838,27.186900379087504,82.25579964695079,6.009060623136554,199.7597946415849,jute
74.4207335007263,34.99526280497577,47.90169284374034,28.395243044865182,85.86257431335065,6.659073664017561,172.5547916075276,jute
77.31580152265987,43.73972889019202,45.436091402743806,26.86363250414831,92.43525718820482,6.430938507601216,138.40727832163822,jute
63.47338168645783,31.89867823417923,38.01370339565202,26.535963957774435,84.09559782607936,6.48998718766118,197.13848965914735,jute
80.43097119317915,40.06490284540896,37.227928604759455,29.845176920795627,70.81109422053203,6.605458601749858,170.23167537908262,jute
87.5048441360432,39.90001887445192,40.04148978695631,26.466720755380578,88.35953842479199,6.500842059771101,226.70334430485366,jute
82.61357198362434,40.10444723582717,39.3024305926987,28.128493799370357,76.46963976255677,6.551009839663663,175.21359662033024,jute
83.12237791294582,41.680145566056424,41.929575424882785,27.189809492346583,89.41366095409624,6.64789908566387,243.40714006943236,jute
80.47857352223238,44.60278380378484,36.514963799801535,29.80157851062261,75.77429637935319,6.659557306284634,168.05878595894168,jute
84.33927485232208,38.872978063016845,36.211586109178164,26.456815420404432,89.24948074484988,6.6635466939768015,141.1676867156728,jute
90.51567393190457,35.72073193442906,43.56812458267913,28.10633029519181,83.69786279750812,7.148616208158863,153.2481757213221,jute
85.86362984851355,46.04602533967545,36.911959832200615,25.50849283897001,78.2768747673654,6.613656562537724,137.97499780852502,jute
85.29345911223983,33.239743639620514,46.207987963875745,28.027533656180246,91.47883923281363,6.734074316213254,167.00003815807395,jute
72.33269950191043,41.14667707877374,39.8547971753062,29.372278069754554,74.42828710187091,7.207315700161343,208.4628947200186,jute
78.04617314953141,48.62954030866057,36.24098514372509,27.411179579830456,72.34117369058208,7.146299239705494,131.75609615662432,jute
66.17175971588328,36.95337708610622,46.347153638445576,28.90968977215777,80.73230376937464,6.856624173908553,171.97038972633234,jute
84.05531628097276,47.928285163149354,38.816229408619776,25.467254758456587,82.82223028596195,6.759096007622043,177.89925310006356,jute
89.63246061157791,39.03395614607914,40.61222084600076,27.74914976512722,81.72416622822468,7.064645070251097,184.70085156250872,jute
77.08253950475503,42.534312167156855,44.84248403329661,28.54847088303759,84.31284542697787,5.975682449770088,109.57154380794141,jute
92.24253957075798,42.10651574178944,39.896428400246705,28.38862605556031,91.56385961399548,6.994735908046244,200.2582900360514,jute
71.48743392480662,36.367404145744594,28.545257529435005,28.26702694776984,86.65176318476699,6.916562316167029,192.73004987101535,jute
78.52095816101779,37.29146818283131,36.03824897876433,26.6731503016696,74.13304247662131,7.114583922753005,140.812746732028,jute
78.10828854186346,30.706151615531805,41.42346333423071,26.99523258048574,77.85925787816277,6.173525856889481,175.06462318417493,jute
74.77317545586331,39.343034131039985,49.395664009206364,27.34435443178514,83.1972032478442,6.337437328511827,154.4085678710375,jute
79.77960595089299,52.01884482329068,38.62034706450899,27.722875606729644,75.02960890945675,5.5356547865593875,154.26692753679401,jute
102.8548114625961,42.85787341467888,47.87643616505657,26.30455553013605,65.85901337746003,6.111951848788144,185.42189997740942,jute
82.28109306498993,39.9499657764245,37.45480474030567,28.879431373606486,76.99191995599423,6.607735904556945,180.12736433210586,jute
76.46237654372275,35.769778955010096,37.94881558372979,30.747243565395493,86.67468717959707,6.8571360559486925,154.3553276971611,jute
66.19818297951787,45.26317223564138,44.34288285015973,27.274497953365106,77.77676067449923,5.987619371017739,197.7692616649357,jute
91.38689710367274,36.74035634324227,36.33952191644981,29.482123850017608,76.1488132226391,7.122671072749734,172.13739135602512,jute
76.28900761408016,40.2165184058243,38.14416767505271,29.252424772695363,85.31486083745231,6.880837202462791,179.84364319321915,jute
75.61899681623972,39.95649276434688,37.95665540046269,29.93319302636592,86.01364234279161,6.467966926599977,150.68003238475416,jute
94.79206100675664,40.656083850612646,39.37519619105568,30.099305439437916,76.9403071197316,6.388375584534663,168.94257760513617,jute
67.36093595223832,41.51552975404455,36.34074522554344,25.858556535377755,75.77338712359001,6.294525428843619,152.97849531958488,jute
82.37325610515173,39.25315315606857,40.230439063398954,31.707576152924627,79.06663291340482,6.711731667782728,193.86717698256945,jute
79.39657640610297,41.314235831416184,40.099351313259646,27.405116791422955,76.48089926391118,6.327026041647062,175.44420914868076,jute
61.06972501903046,47.18114939087356,50.37211848639582,27.340700519849428,83.99281506350603,6.8783701845176735,140.22741933607045,jute
88.91146827473047,37.95308898671572,50.99547630312085,26.623480860002612,85.44909333902996,6.437555474373953,232.66318485367424,jute
75.08143791642651,45.59242617917147,43.008053835769346,27.808619923328322,81.37404440626864,6.266545618806098,107.11602185110547,jute
90.31416424123151,37.65357227034743,45.61408068967374,27.70339553583133,87.20154068612072,6.780662382038316,110.30175151242098,jute
85.90299791598078,38.350357669050474,45.59205369888725,28.1824149902736,83.61781422779364,6.4047150215021125,151.04408745717046,jute
75.84428519388295,31.360517144651446,37.1663500741761,24.071681800921134,71.37355517745314,6.540767596529173,189.01878466197897,jute
79.69478259031793,37.60580561277567,35.452440821253155,26.36561401527058,75.06666175263352,6.478009240257541,135.05979093042873,jute
86.73264875077498,37.27825061403668,41.80603312135523,28.774443991262384,81.967225291586,6.779694376359329,120.75071935008063,jute
75.2685760284427,45.2947680005876,42.444301783917865,30.696926531102925,90.2262828798021,6.604857247057723,168.38556125427382,jute
70.7989883545569,37.71611888543082,38.04041483925104,25.81350161523657,74.48997351355372,6.6405518056327155,219.53679155123365,jute
88.95926497501048,38.45238372030245,44.8673384684834,27.693301733677764,79.75577389437895,6.463907046023409,169.75157137780806,jute
86.25023477827779,40.670416394926825,36.50357057163045,25.446295781799297,81.83542388769001,6.650027925489146,166.7802680866844,jute
69.13274602163605,46.00463256200864,44.98530212573009,23.025246998053003,88.03749753988117,6.426858470933445,179.98716085071248,jute
90.92694137650523,47.93218617581945,44.81375336821854,27.48206099790112,71.74615588218201,5.7908188616053415,198.05167214939323,jute
92.88349131914697,36.08970466797737,38.7050561692541,25.88546822322909,76.49659955906598,6.876236414362188,180.73229473478312,jute
77.79988821060158,52.75609609844979,33.11477968476371,28.09582216299157,73.70613028896683,6.444897094802015,178.90175759214517,jute
88.10811890849688,38.74632690322709,38.23864913057516,26.441829804372983,73.52028388219294,6.7213084307320905,182.38502723302508,jute
84.17761924462448,39.666193587841214,39.07418579252755,29.3512006764617,86.13071882094209,6.9951802051645355,184.7806017267666,jute
92.98557530869202,38.002803329342015,39.03591142652161,29.390201507363923,85.06052922956144,6.398342357579787,147.5357213044826,jute
78.04194361287226,36.71263148187023,48.27761671594564,28.520081287039503,75.40446453567941,6.134253163767245,154.56927656315543,jute
74.63527771072319,39.19983810977347,45.34982315622826,25.06696621729399,93.7372234690793,6.1698449171099705,138.01249705876677,jute
96.20772632310532,46.342026879217386,39.12472577076983,27.762664630249052,82.43941471461208,6.547849350060246,140.96741211515007,jute
56.17311504640398,35.9453143248476,48.717541174580546,30.71082700545331,78.42897821304615,6.164712522116715,182.30068201789624,jute
84.21421947648345,42.883453692611475,27.87026232237953,33.31551236765033,86.7948480082618,6.430747703691117,156.1399622082776,jute
89.47813466316421,42.3778941521658,40.442307942565655,27.916669267281623,79.32368237465231,6.640651793001056,194.06702483752946,jute
83.29584199118746,41.39642511194521,46.68572863941367,23.805785761163087,75.21270632864942,6.509296240093358,155.84097594810743,jute
76.19808763285816,46.18116055787221,39.28493932500292,23.34157794457205,77.45994962399433,6.520339610946856,176.04185022697857,jute
85.33795943692557,42.277065158826275,39.33363472707527,24.613920483509133,77.35316449017462,6.282028205182371,167.51602517948578,jute
86.63521793847572,41.93969319790601,43.95522742596009,26.231833592794413,89.0501646097084,6.735493479408852,177.94616039835137,jute
85.79212721002851,36.75635000977105,29.87797976338998,25.786607261860443,84.48474174345301,6.528075613891137,171.40809509220583,jute
71.86073532053382,30.612036035600628,46.839258979910994,26.584210516376785,77.42277210861685,6.264923806517845,207.93121503769902,jute
88.46096779884209,35.357250571787425,45.589806232208964,26.709859162157464,76.33674687207663,6.397235664620857,154.43844717398395,jute
67.31957981361161,43.72542863444123,38.94061667664895,28.234419067290542,81.72327998677727,6.691989388973634,121.29284635806397,jute
71.67910160617264,42.732950825928874,33.88081266814736,27.746130167624464,71.65577251988856,6.505755394223143,217.2622478408215,jute
87.4361611071836,31.116443452284475,44.072182740717686,30.644476453459166,96.78209606097043,6.666276508114041,139.18397699800943,jute
84.17290858903452,47.66096127203903,39.10197673719854,29.086217845765116,74.96238200673388,6.6303236385943976,109.64853772678416,jute
70.87678033436751,39.97062089304709,38.255887693233106,24.398765011448507,77.00206281149026,6.6153792669637985,172.73652583835676,jute
80.58500067076034,43.513450254811545,38.35281903648042,29.71835576610383,74.06437360339153,7.174800893570832,204.2172640504744,jute
76.58242130708267,38.611270219690816,40.99233083973633,28.197341859743954,86.56728965140074,6.030793063194721,186.48286882910773,jute
59.68146317635794,39.14895766798968,46.9787800181798,24.164781935563003,70.40457328381002,6.577278284841792,211.42001555953078,jute
83.1237963304191,30.857834094968553,31.920983617377885,27.19549286585884,72.92454548422539,6.54784020286698,180.14487172325715,jute
75.29832789768598,48.7108206109543,42.8342425836846,29.423181757588353,85.52349054962973,6.447474253317546,169.89575965234212,jute
77.1428476464438,43.269290812001174,36.87824714861505,30.450065884069137,75.52478417796564,6.57506627530396,168.98662868379384,jute
75.67238418188934,50.42726489182534,37.89253916122018,26.390557638015146,76.01519840926466,6.514364215491123,172.34070785725427,jute
69.25516994523868,37.96302465113125,42.92649540536301,29.053973698843908,80.14400367779288,6.520648176728623,165.52387936616148,jute
75.17655966120432,35.58604945656495,32.528082619653034,25.595106651786928,85.42431720404308,6.351454070055988,165.9170095530314,jute
76.4913420827394,45.97459679599712,35.54376366144958,27.554106676779988,79.58920319857901,6.523774388783169,181.41419818680683,jute
80.54878342657348,43.80650505592441,39.859564825777944,30.488752786851396,80.26687963380108,5.903786591089906,191.75564690127297,jute
83.7641293304939,40.15621615245724,38.75405768501851,22.770761867080427,68.31893562640595,7.076631727174118,159.6305566686411,jute
89.2699561045012,32.30544028844578,34.975080182232325,28.35728189376343,79.3849937858082,6.688183510196283,174.64214514434255,jute
78.00634914553656,36.73578962476053,34.268787251536,29.805402579464996,89.40385463677929,6.136453965839536,146.0179235723176,jute
76.66137783274792,41.63408807134313,39.12727260180799,27.99904013049544,79.70450631433181,6.459879100492769,238.34331684020907,jute
74.95804878468505,47.871745085557826,46.94494272486815,28.008187013169298,68.44320898130285,6.510870121627037,161.4892626183669,jute
80.19287063782855,34.89775939653816,43.63003815544025,28.96997005422213,87.02014581240165,6.366237449265413,147.1900910712722,jute
83.37614159811953,48.42915674631396,40.33307024614496,27.9045941722242,78.59045932470801,6.323785427936483,192.2797433883681,jute
78.9817590335469,41.93690997534078,42.43603291492973,27.695033678277817,83.34713191632645,6.201447993533968,151.00672939589566,jute
79.59083257657034,39.91090566274601,37.49285043174578,27.48200059282935,85.44930458500424,6.91562915595372,212.07187415698786,jute
67.37790403465102,34.41760684619956,38.6097021114801,27.160573082014754,78.56949197685806,6.306576234436108,167.00902119481898,jute
84.63981269535203,33.61781225539824,51.24811442841809,27.0419870867686,86.30508436537235,6.296998286762422,190.07667680377517,jute
80.96087429915433,44.1126802906638,39.04649479444599,30.103127134179356,71.04766491507773,6.832280840569308,178.11639358274252,jute
70.22406369561975,49.36991617622613,48.873749087524374,22.85225851035309,81.06070632407494,6.746981894155757,186.59475121834265,jute
94.54908423947296,46.27663699607015,41.27289931032247,31.554207224823273,85.62107913624546,6.377004926687727,160.50087563575576,jute
91.93607842854664,36.19381971265388,38.03325625859931,26.520856217090305,82.1339203596569,6.432289572963446,140.42951396739636,jute
91.15596548471133,38.05888648583145,49.69568929023756,27.60798001451968,87.60324490641295,6.7208015299632775,209.52022712573643,jute
85.47525436413855,41.12881040316067,45.24752364091128,31.971944229184103,78.38121836837075,6.778224445703755,174.8623207841086,jute
84.85816659673313,40.20236107636736,29.642834148590065,26.599626564523646,85.9973304368512,6.232177681856,199.174844130628,jute
81.76264797814731,39.0808454518998,44.34791384936017,28.362063087128522,82.5232824271882,6.855565070973145,180.33133088920025,jute
64.21120608330537,38.18501980896487,31.338868370656645,28.314729652417267,85.37719903575781,6.829595784746565,187.83873585478236,jute
89.29208124213727,32.43230397631619,39.48367877538742,24.17016802238357,77.85002232316467,7.065688107576465,203.6974760368107,jute
86.35793990215444,39.128222902716914,35.23074503466121,27.374055367568857,86.66405499093383,6.643455021240732,133.37561678390526,jute
81.00426461231201,30.81602467808153,43.86008239890884,25.61398450386657,72.6612716008824,6.786275731956271,189.68366822607965,jute
82.23103003917643,50.52019814632504,43.047999214028586,25.710086140145265,83.11522320490965,6.399872929811245,208.2524190747963,jute
82.69738118557211,41.82363177664215,33.07663163106259,27.122703239005904,79.66240487440845,6.141525290676308,169.18558598229282,jute
84.18322345840716,39.97912192314874,33.22192148039664,26.453566333606112,77.19185126576076,6.567729733060914,177.2452297497286,jute
76.04851460372628,37.83681547156792,40.3226684223256,28.925953509973127,81.67184313624911,6.99807426385175,204.74626319459963,jute
94.36815196360786,46.56941272865467,47.50215768035547,24.693714379057532,83.88455766746281,6.9264121935023635,211.72446719873625,jute
72.60109939506606,43.155426519670904,40.36097471176201,30.694120466015224,71.6762502536333,6.230748646501997,127.47086209473844,jute
81.38831635551759,50.86643329249433,39.7871602310402,27.202066645048507,83.30143262373923,6.4592983302474485,184.60818300253212,jute
83.76523202554701,35.94132806995107,39.54857578456159,28.483865852980493,85.57145669937857,6.954475579667996,183.80519675304834,jute
83.41554282794664,43.6008873530302,37.14510297485772,25.728441896021675,79.25121285407361,6.0537438051560635,185.6811452571226,jute
90.07118754721533,36.5917905047759,42.0887161114493,25.741737898116014,73.90054698803044,7.219446365315883,148.6913801795474,jute
67.7185345463567,41.0306339058655,41.288903096611676,28.33446428237988,92.00736832105945,6.228004564681879,159.8160330031851,jute
95.44453277414583,44.507794074427764,43.840390421256316,25.820262608985363,86.75532932247351,6.781113987063362,179.97535328813333,jute
74.38469302175848,40.51213866106454,47.91273706471971,24.81206449479264,75.20120559161919,6.280269147725267,164.2159446547442,jute
79.84892780939813,44.60114093536915,42.21478774920382,27.121682101006858,81.66196085048207,6.718396836127113,130.85521891147314,jute
90.28720824084417,36.03321787414527,37.871150218348056,27.68087064340717,79.54756503197649,6.670425654382669,178.72298285948065,jute
77.22241004420843,47.338039213006155,43.398714553648645,27.604234650271238,84.1551190451562,6.253134677552376,232.08775822268797,jute
69.55868286960187,40.543209559808325,38.625153862634846,26.351171249145903,77.27445946211144,6.229901499650524,206.19398287621314,jute
68.43485317200431,44.72110671368233,43.11298112666071,26.238217736641307,83.19564370276312,6.444735343806199,146.09858361412952,jute
69.5318369151593,43.14611927905452,42.89713755368811,27.484022828638437,77.65090076395695,6.433348963229142,166.4542296244443,jute
63.22933630230207,40.29401560123014,42.507783333805605,27.135217597556412,90.61489503211521,6.148403249309507,157.64602743153984,jute
81.27698235856323,41.17008068892367,30.874198599873893,28.205395999751204,81.4899010373336,5.758212469658418,171.9363816917708,jute
72.23800138938878,37.82404833129381,33.577116233546256,27.832377357347145,90.57065828342135,6.592758250959599,118.31616732870427,jute
82.74172195839486,39.06573379744463,34.7151398331803,27.707247662782056,85.27858836876413,6.266027281337402,131.85201371618786,jute
60.68794650038845,36.80471155079045,39.25358334755291,25.96798887272504,75.90030744402571,6.698764834494854,187.14918371133052,jute
81.91609666649785,43.91914136485171,36.84972470658247,24.810881529882863,76.86599795463577,6.29304402991138,121.15365177876555,jute
74.76254106034908,45.30328266487468,43.84409646696574,28.05036771391216,80.78970825942187,7.007114484149711,147.17059275971602,jute
70.73765962915648,45.39661731370496,40.1325035048258,25.657643385911644,83.31154776053882,6.346536563409205,153.01495574384072,jute
71.69262259647593,41.54343693292488,40.98791438382718,30.0334935333119,78.25946452039098,6.392497692920731,212.79038017633155,jute
89.46220921546487,40.695511858061145,32.50713893160971,25.376290435433535,73.67543121567358,6.512758121914779,161.65604574328447,jute
95.38788697128608,32.45710137388476,34.425569358818976,27.489257569759705,83.12861629858502,5.594502319186455,129.44548332191235,jute
77.4694045458501,46.50900943112784,49.06125224904145,26.17100501967395,78.9761181354775,6.207096984950375,191.62166799701072,jute
118.34235501392718,25.0240829495202,29.883997549378336,22.32293658972955,80.04918202585893,6.483275346551752,150.38758963968115,coffee
78.21485164782696,18.559962986730127,28.883896986046643,20.357403677461004,81.39222399198991,6.177101632139389,204.63742275563945,coffee
84.01147651788264,22.922085725155057,33.867344604703504,25.039241861870618,73.95919020293525,5.6272756617401205,162.33272205481157,coffee
101.0821319181555,17.762264701485176,35.166548054133024,23.19849683501588,68.63779553528578,5.921580219923307,171.52656035789693,coffee
104.10353382473255,21.336890348559784,35.975956057426714,21.77041885659575,77.45774990989595,6.540768913303641,112.78360271285717,coffee
99.35566663356677,24.915684460948135,34.85606500373624,25.320232745692707,84.11263581057017,5.635641906930703,192.95625001430045,coffee
85.59925946457047,15.4383479225065,31.551496524654983,23.0139710085656,81.24018019423855,6.1507684777480796,202.67463374501318,coffee
105.20469502679691,17.525862783366165,32.70595183274454,22.336491599835774,85.47893314625625,6.022619771849239,169.61305158776676,coffee
78.63215227462383,10.99701761927405,23.99430307034627,27.491541711396934,73.11107106291746,6.256308430696126,144.59421282614306,coffee
97.11963880936912,19.82111897972296,36.57511371124598,25.16901106158285,82.3101988419221,6.453844451238918,144.80327526972204,coffee
112.8201157234172,23.605210380634926,33.55959745297413,23.689966594176983,77.37611062533543,5.695561724190704,140.62762324080308,coffee
88.9958421872981,21.467391047304304,29.086654746919713,24.86280039536004,82.92729211791682,5.629085380999084,133.8455552293785,coffee
97.25607540192024,16.899517105544874,26.47835144189486,27.39137401814974,70.79987136873552,6.708072549547303,166.93303320061813,coffee
111.83485939621511,23.473331269320926,32.467836709064144,27.32366359828637,73.50549986913931,5.945267567777557,139.53167409998207,coffee
79.6470456276114,17.355035525767104,37.49019111289528,23.65306660516457,91.90109428000136,6.730039507205121,231.88312872870597,coffee
122.86591622917967,29.432527461335226,31.300670164222897,24.456656467373346,81.7690361672921,6.0000217716136275,163.59191524402104,coffee
109.02619078184102,18.136728578813845,24.489503048765158,24.727237595145052,75.8431709940511,5.793754275885031,156.57392247245988,coffee
95.5342813655935,24.44016997006677,29.333033841906627,26.320899275753433,81.23609749365292,5.969014849322515,163.79729167088306,coffee
84.50044163175119,21.352308757882785,33.396757185259844,25.98170085369245,71.88695548773279,5.468356929214958,147.1163553980599,coffee
116.61594829591454,20.883901574320983,26.90121904100719,21.09412106613924,75.8960641732783,5.736957105020423,182.45482524748616,coffee
112.15053099264453,15.800392511236254,33.0126642463264,25.301513797350857,72.92191511142241,5.970663455410234,168.179679715778,coffee
101.9588250246083,13.157835692765774,30.524729818066476,25.27252978286335,89.47756501320514,5.765923079948498,146.9091242433066,coffee
97.49359880952868,21.16486368526756,30.38807107049142,25.20861597593418,73.24888074670915,6.1388987912537925,142.1868308745843,coffee
98.27999317533306,26.832054509024825,24.407028764935966,23.441065063121258,72.35212536613625,6.05357379109312,185.15758996936043,coffee
102.03586142613123,19.53313658665735,35.31360931620821,24.66100486954429,84.91739633787087,6.2503400853957976,90.97023030023773,coffee
99.07997433254862,15.68770212447459,26.682732423372553,26.949172214650588,77.75116672806445,6.662398868532103,126.21547791349947,coffee
86.99595063667158,23.04940264380788,28.634513920965965,24.6146546732021,79.3261590417815,5.950098316711897,152.69833435043017,coffee
102.15392032489284,22.566553150111613,36.457688603889906,23.594974929314365,77.63817022618474,5.817138455239304,195.27481252077996,coffee
108.28389876536582,12.403866294247319,22.227517188814474,22.33988424100383,81.38087266432625,5.988285451273458,172.35468524424834,coffee
97.89467869380064,25.589675085515772,33.08844551509606,24.155153214231373,86.87203658320463,5.422882821489672,157.95820689603462,coffee
101.65014767353583,22.40814599981004,23.139335988685517,23.479186186251038,82.40276477810644,6.1670067442390675,188.46711619490083,coffee
109.13806398888094,19.756615802511835,32.69989499579502,23.597272728890736,80.88064371657711,6.278180822551577,158.91278096348697,coffee
104.34387615438204,23.84523507726805,32.84865944295621,26.466943711762738,93.97068978771746,6.24602472067493,148.9289787662859,coffee
106.1418765738376,21.875273665961668,32.454042774041525,26.990032494474743,69.89533094609597,6.5298432969654066,204.4100048333947,coffee
106.81684795924258,22.368540324892532,29.033420770962003,24.01264797963341,84.18771295488891,6.221743337469613,177.2970335200813,coffee
107.5200228592394,23.59355989656948,33.14659467994259,21.951302669479738,84.99360826104729,6.650505315745679,159.36095795307034,coffee
117.99375937578972,16.330818800353637,29.88094952155826,22.717683696380284,88.2753275145428,6.574166794043098,157.6192931178985,coffee
114.05273827194222,26.602506511613335,29.868324568153323,24.259503223593967,84.4016922177619,5.705111706467901,162.64234228514945,coffee
125.71344527442326,17.99994591899881,33.415304962826056,25.047608892274024,79.01740454778229,6.077579282518287,202.06287818894629,coffee
106.64316575895161,22.839274493045053,36.40344918500703,23.421179126003665,73.71851054097293,6.618921587056597,163.27652278284233,coffee
110.72321020178816,16.95068325752256,31.55410522098466,21.806134430276284,80.38243903836856,5.7732268851876025,138.93629596209877,coffee
96.36252796760891,10.826437428127175,25.360390248889868,25.564828312520657,82.08599833728636,5.624034568563087,173.14896566716158,coffee
89.46144313417737,22.887855481653673,29.537443706152697,23.349753699215345,79.45361825763527,6.895834959832998,141.7887635314636,coffee
102.71870399519655,23.125474837969485,26.15034860364426,20.811484325188136,76.39341114222697,6.265812120388103,151.79191715852122,coffee
97.2267288236677,23.64307860516832,26.77462768202056,23.822489377707768,70.91695375209909,6.112251671254029,165.50816978964184,coffee
109.54643557800661,15.418975473314456,29.23244967691033,21.443059279083627,78.52335988306521,6.518625826404429,152.3019338566244,coffee
83.60896210906117,17.280482940100736,23.556192666331157,21.40845424238556,84.0259216849724,5.493800866923264,167.49588616851707,coffee
100.30891211059088,17.873887003626663,30.909399920231106,22.124676981305488,85.04506640496228,5.755580895499684,150.72719467343472,coffee
93.93578793523471,22.757894257631065,32.1777756540356,18.7565976681524,81.52545761766908,5.389392508861047,151.80827890746008,coffee
98.7019117390396,18.591767081872653,32.00327688839567,25.440153132159065,75.35920524308426,5.716571049125938,159.13673071233958,coffee
81.47521503320613,18.092088099249285,35.39231133354943,20.98739886957857,77.95929584411955,5.792694715474459,208.1264291533062,coffee
93.54566551996416,18.080756458566015,25.87694028879308,24.018643607134504,81.62100233014212,5.689963053333142,183.72934721732716,coffee
103.25276301146211,23.40759707506073,28.687457888640324,24.486368661782667,78.72142103075551,6.510188542321902,162.7903392969055,coffee
100.10504737977999,18.167032003916344,27.936145478111346,24.475444149647654,84.91752475623629,5.760404665731469,163.03790265222707,coffee
102.21003389222938,21.433454065502442,23.170014392557125,22.150534600578023,71.80493287926859,6.011509549328111,138.37663912263253,coffee
94.04510657887903,15.222877904356615,28.38705385132879,21.751792797562462,84.54745065219771,6.167729789428452,163.60550275538446,coffee
96.37669684383317,11.8492529347891,28.167173498020617,22.477086912625253,81.48364530359314,6.21689750908153,167.79118389983407,coffee
115.15645970951905,17.72674306245964,27.560896474717424,26.075756457805156,80.99729836722881,5.913550440810225,204.31650747747477,coffee
106.93276656859219,19.237823304263667,27.2562207454108,26.653025343167737,81.24198212533801,6.008580921838449,176.23063425892215,coffee
110.5610542822477,22.199479937963588,33.535902302527774,24.902748717805363,83.32934350058136,5.743926750804798,203.4484931588214,coffee
85.19588009211157,21.237510457989895,24.65293176728557,23.80374252232809,76.57223817279149,6.047514554970395,168.2021843525835,coffee
88.52399556406489,19.882342180193696,35.57469688982513,21.375469804997078,74.8756773850276,6.301264126770367,161.86131551791408,coffee
101.81385915789477,24.08920939476931,26.82372519280683,22.961329539804808,76.14414880119897,5.878128933432553,192.1485300387443,coffee
79.58703885370585,15.223124756359708,24.53726773082728,26.803387901371934,76.31360039180142,5.885664223870251,121.24877972989754,coffee
96.85136756600897,23.46608688336787,31.01182819309185,23.78427189740275,70.61068684728956,5.88521676944221,163.52595433422115,coffee
88.09810171560034,22.619564631911523,33.54027418658028,22.94270258269181,84.35499316263022,5.961591140880588,187.5313115578915,coffee
124.40980792069696,15.625338072267013,33.077937614186666,26.609929132325455,74.175917957889,5.798707766123469,145.9269496424991,coffee
98.40662513756654,18.574537975117515,29.20686164777967,25.675976656556337,68.62512966868306,5.659137302425519,176.0782738290368,coffee
106.63331378345049,15.765831223866439,32.238807801214676,26.653733913639552,79.70584091320694,5.64721364227764,180.99890215154193,coffee
120.67654517165047,16.455438786241743,30.157008295800136,26.18031126977404,80.69215228977912,5.38844628344717,170.64202525085915,coffee
88.25429636412521,14.917109604023945,23.089008036056818,26.38081458633136,74.99173208589545,6.116667663086755,173.89490633390568,coffee
101.9418278777824,21.186283119895887,31.524192349597985,24.276195373290786,75.43904291410385,5.702731993246944,157.48044293977776,coffee
98.4860314234118,21.7172789297063,34.40660026866064,24.68781072113898,75.13469768529703,5.236595464844284,141.54550705889622,coffee
83.86611566168169,17.078511190556803,30.969107955460846,24.168781015677354,91.14906570162925,6.169078543228765,205.82001479955284,coffee
108.58167284787912,24.342826973220138,28.564390913516167,21.850981433341417,77.30624065519473,5.9958456642627,144.9241867838795,coffee
87.98629090634978,21.66735076968304,25.978411335210993,20.933016103762938,73.26748331661443,5.917975579107863,136.21794141365143,coffee
97.26292116017788,22.40177722111684,32.297772187453404,22.678348181821377,72.1763504777663,5.798531787197778,175.7354754348052,coffee
110.67035474853482,21.41155968413341,34.80574420398168,27.458404239238746,77.10063243122283,6.5202971388952715,153.74681150099815,coffee
112.23818436712077,22.83428987469105,22.091766322989503,22.06754573014642,72.67227250213786,5.376283538930939,181.10355960149573,coffee
124.8252622614408,18.969309981203786,33.416626661465514,26.96925063538149,81.24999020109655,5.991140427279736,154.1034897341898,coffee
106.45070658645969,23.498776200130322,31.847219624156722,24.854926151633734,79.69278259275227,5.442465916224529,181.54519333015833,coffee
84.58449856462182,22.477542568343285,33.02294659997182,21.719135791018548,76.35319525636908,6.742516092986411,158.09242629113484,coffee
85.35743589478578,23.203516958852163,26.909299177707275,20.15895195509181,83.1186172882788,5.679183764475905,167.70852021333852,coffee
90.24771954277163,22.82881677707874,30.733993298423744,18.82158282208204,82.29207524422753,5.8985940350493635,194.00122341257932,coffee
104.74249418819022,23.02463137501206,27.1578367959163,22.419864498364074,79.8461040136366,5.873784355622153,192.11221725304196,coffee
98.16017129532007,15.100713000065086,26.689676345245356,25.930102169228007,78.99645593442244,5.922750881217584,185.4445016612271,coffee
89.0228417336135,11.059294806290678,26.58853341457343,24.484178177092684,78.50293087797147,5.4538496329704484,184.38542875243724,coffee
101.96196335301339,21.556058778853966,31.67844103913348,21.40295150830021,81.81727349857694,6.317608824120702,187.3674455288957,coffee
108.65515990015543,22.0525186343681,23.050314940918344,23.97013069444506,74.26055390338132,6.448758758681225,187.1291078170492,coffee
88.59365427135768,19.816087265175938,30.994037774028428,25.80158251497807,69.94629050079529,5.2266321901568285,160.9155642601797,coffee
69.62299813149482,20.63428963924826,32.36883109433097,26.472159816655548,76.26459049246404,6.056413576147305,175.63623615184778,coffee
85.8913598990277,23.661391191006395,31.0973693009106,22.78910733858838,80.84828343335357,5.951232930187091,178.72177480594877,coffee
95.67447891823682,20.908361973515436,27.51627352738675,22.124314322616534,81.0291967514591,5.6861313165435,179.21392699477175,coffee
107.10679038612548,16.939542174624453,30.85512172749273,22.460600199331967,70.37412316518994,5.790971191393537,158.79239609745494,coffee
106.2569046989624,20.597919721881357,33.63069846011292,22.037667657166853,77.73980967252704,6.575528345618213,113.65407872918021,coffee
94.57654832888807,15.714024208949406,29.218406382983684,23.131105025127766,83.61293262854049,6.089432230793327,128.66517827415328,coffee
92.94205512185096,19.999531803497256,32.95752353615606,28.865912569359853,84.2167747337325,5.6456250278076805,157.7477138704193,coffee
102.17171434040571,17.922436518625915,31.881031223738177,19.457245823199028,83.318897727968,5.833264402149335,157.3670744393074,coffee
117.588675268318,14.953931297564312,31.09087711441532,25.587843158012895,81.0220187497178,5.435032693067939,192.40951905523184,coffee
97.46375139512372,17.889836599687886,28.75806847122832,23.235707217988832,72.85892196350134,6.057732705127061,145.666407810064,coffee
108.05065926579795,22.070381974460723,36.502677647055236,23.57673371325464,75.1805014937311,5.48559018269655,212.6402412657955,coffee
107.9452959581936,17.230320315280835,36.77262035706855,26.712324767772063,71.89233498526917,5.7362837937206095,156.82420371615112,coffee
87.15897884797646,19.613682148356585,32.84784778575915,21.253478283355413,81.75800328784362,6.408974291401447,169.60528574249253,coffee
99.0926037426389,17.327592961694975,33.3233674883974,21.64615977590393,81.45675086657073,6.00893050656866,187.014664629033,coffee
93.00701486717333,18.00905675242753,25.032540517474306,24.874568549200816,77.4571049418065,5.698274107955552,141.59640959974524,coffee
106.44526595755491,15.588158001107745,25.943336140081268,25.792722851034767,79.00327654502317,6.3344057800945075,151.37546043258004,coffee
99.98648920724041,20.625197087744866,35.54914506858729,26.61174565242054,86.91942222915401,5.7799133955226125,136.31609033480277,coffee
109.12949755673088,25.507038809203266,34.65127492847495,24.02609851466684,84.3668512692449,6.260885678579795,163.5746269931057,coffee
102.30848349684399,20.39278134721122,26.84761386688439,22.627895124888095,75.79105783094217,5.4402671281261235,163.42863825636184,coffee
99.51311952594929,23.04785654273481,35.04286913191645,26.64858872969306,88.51079274985851,5.735021640448847,125.63297732830807,coffee
111.1689229367852,25.528533752803604,36.2239697888417,24.969992419384752,68.01977631437823,6.127963312201757,173.33058082982583,coffee
115.02490025510308,25.718514775932935,33.63853361354134,22.82544220340829,73.82529611268404,6.186886403135707,140.98203734978642,coffee
117.70164528210844,13.181764250592314,32.26754644957867,24.639069949484977,78.75939999481302,5.676209303993341,110.5173687413665,coffee
93.6228557671278,17.944467275064053,34.44694663539382,22.43428872343975,82.71662368138276,5.5477160687953715,171.52595665800612,coffee
73.14759577378399,28.38118471172278,29.43572989280859,18.410998551201985,75.69350314664074,5.693518218419947,144.26036483520878,coffee
95.62430325041389,17.34953138669763,26.73435169172715,21.682634096002314,84.93073654359853,6.4203974653326865,153.8902282423291,coffee
99.7883601996127,15.494676559229688,30.2840827933457,24.459927524307638,78.68360834171706,6.138626242219307,167.4090107692246,coffee
87.35032733091305,24.77219005491583,29.1694149606817,27.35114320383397,82.52252353651535,6.689826595630142,188.2064600633547,coffee
102.72627553769034,17.107572533521505,27.193730100922018,25.066068569965044,80.8587565027455,5.79384081740312,179.993438742641,coffee
100.46525596427239,23.356039261202906,26.09811973319377,25.998943336016335,83.00597341608368,6.419149382561666,183.4583320171921,coffee
98.98055919150504,19.33850183742674,37.132123970363764,23.41886306123608,84.49060219302706,5.86651455273359,115.31480607669641,coffee
85.27193082632856,21.623683539447935,32.80452679842042,24.818426818440322,86.87569700836102,6.136941054331945,141.39436704798197,coffee
107.13162617768516,20.678431843719853,27.697767980201842,24.94503860293372,80.47622099610467,5.788249807189429,155.73122143448848,coffee
116.96280562650568,25.523551264278588,30.752576557082165,24.11453431577457,71.40172407641695,6.6017777896781995,184.87220529683123,coffee
109.02341884845193,10.901077131637443,30.163690602623184,23.745742583361825,84.09689262980359,5.842139215258971,154.43895480511554,coffee
107.43295526745644,16.905686531645284,27.703829266362717,24.386653279521923,88.03091422009744,6.282964408028172,185.80969765437996,coffee
100.75980167458349,25.9803120951319,23.035270301994764,28.044478436802695,92.91055385108021,6.159815722337911,179.9743032984523,coffee
99.54400163193665,19.161726547706653,27.55651849854265,23.901975967471152,83.33560085363422,6.146959346507198,207.67847372058972,coffee
101.20329454963063,14.044685754619877,36.57724248489367,21.55809144348046,76.64365444696746,6.095110099472816,170.0122019743174,coffee
82.65474017283337,17.01411105450552,24.076870154909862,25.243426126645122,87.10027930821731,5.5723566845137205,183.89583887314876,coffee
111.16934493189595,17.363716840353987,22.06968385652869,21.85748796161054,76.42845447854725,6.539584796383218,157.1607381996107,coffee
87.91806428811635,20.59139421980776,24.81860931653767,25.0286801004127,74.13401564436941,5.708616690933298,169.0118091623654,coffee
121.00280419362663,28.791150240943587,25.84053797688183,22.80678734656936,83.09319371022416,6.409076271908047,108.06199144989465,coffee
101.04804182687559,18.05142809374442,22.303915203878756,21.32566444001526,76.59335324215432,6.02058525699386,184.19446864633946,coffee
104.25217738098478,23.790157748670612,30.10689734338905,22.590108106126003,78.89750027677655,6.243431071614224,184.7814920638428,coffee
98.22550378667384,16.283538950467847,31.342632637948945,24.95596192768444,87.39631451631871,5.762432994464138,143.9728658976235,coffee
109.0739223704749,18.370265715963566,28.201263269283583,26.508279740280486,71.77396636231296,6.719671098921429,145.29675008541216,coffee
110.40074083360855,19.564801352298502,31.085449139488542,23.474427000476474,85.13945991219785,5.878436644093152,146.24928467571758,coffee
121.7601019104399,20.11753078805477,27.29721775592184,21.019426820176204,91.19346818621588,5.806826118240662,209.48411772402756,coffee
104.78625221695458,20.571540801209807,30.679375249311992,28.43190187855339,66.84668858347483,6.0750195318276266,153.63511341927864,coffee
97.44287937900324,20.597247408567615,28.934983402015494,24.37626133437661,79.85853522706968,5.540254637635373,169.1527849074611,coffee
108.59265342039497,17.831737529967665,37.47158431289628,26.671143491328188,85.06371379502703,6.291137260409805,160.72232686263732,coffee
113.69646525681304,26.283018448248406,33.232096051247794,22.85943331637527,79.7619113702804,6.200784511541632,180.10587769710747,coffee
99.0702734254774,17.732765811571713,36.33682794951133,21.855360570962084,74.35200946620249,5.535505266674505,137.35478032901622,coffee
114.96813852542805,25.123331026052814,29.70381786213932,24.99262879111356,79.9369725342565,5.582808110916465,213.2345681841864,coffee
116.49687958083973,21.417677621318834,26.57644031043092,23.55013124566044,75.84544669148019,6.034153784324964,167.43815619038435,coffee
95.90649407427566,14.182348988371992,38.52823594286353,24.475053493662703,82.73955200116656,5.852156714873755,122.51173323209888,coffee
99.00039362922595,18.707111964052398,32.838137522878306,25.81215514675234,84.59017687825623,6.345895317571002,203.28797937943835,coffee
104.67822087442667,24.396863283239338,31.975442295342912,20.199929200044167,79.07287830387375,5.696300972583676,165.55439993690464,coffee
90.50787808823635,22.422723560121348,33.92411239255838,26.40714009204032,89.71556936914561,5.413391570575188,131.22399916127637,coffee
