area,rainfall,temperature,humidity,N,P,K,yield
8.729479927305253,105.94232483808779,31.018424372708036,66.46660071687027,128.52394799013652,93.52656163176313,75.32675313585041,4.32656137504605
2.828575922676674,143.85515374494273,38.42834540966335,73.76811306776582,51.85510442586077,82.84311371346955,75.5600279424334,3.1025644602151305
8.988423134631734,48.63382604123176,34.12663972155022,83.50403087730864,27.416867483588653,21.69325674303116,40.17536051406457,3.1064969737939196
8.843732196335612,191.34569757988712,24.56125101025887,67.36163041608742,72.0290276512697,73.50120613961815,57.046680380397575,3.433845188340769
6.464187516567472,269.73055541338795,39.24120538189315,44.91562828861308,35.38048918904303,81.05517569860893,62.71973245826496,3.8907306608143295
6.237960295464018,61.81097431746569,34.770779308082425,74.23242535521962,62.29110563375803,58.701486178701046,43.92804575066506,3.4598837184052518
9.532851451005437,65.63958420161524,15.69879515181554,76.12933275303794,89.63499165551947,34.84615404287038,60.4358992162487,4.01244141729175
7.682143466957013,158.13305016356944,17.91466034800237,57.76717150254996,100.20857453269184,31.102567723288935,31.961476545984848,4.163941438338489
6.991176826215452,105.93212809561611,20.45027905111959,68.92477146494798,40.56532621642767,97.67313736060544,88.73962191573997,3.3968116065382548
4.639537144175542,104.77080608172578,17.08758957517165,61.65024086349028,41.8214554660716,49.31141183912983,96.43028762896712,3.2593353042118225
5.097985234500395,202.44093621153831,27.135680480424544,53.314967969711574,131.23544037565864,56.69425069450758,39.40596557452204,4.744880829461825
4.19475043415085,140.7692219153581,23.517951054804158,71.9828864328457,142.28428558729388,63.8349158984981,40.815782878612715,5.065645570885704
9.490049693419333,258.0548409001192,39.32313659328396,48.60988193801486,99.94245097621088,19.056826293178126,29.458911071195093,4.787972171427404
6.562132525336077,145.8046526007676,26.818402431279324,53.010894025811275,87.95524830765066,17.316585602715605,87.83013945961119,4.414503879272036
7.913454083375889,196.12438004308925,20.30387150439335,57.31288126911729,102.13025568651406,27.832321717071977,24.70256153232458,4.255784691148925
0.8533974832842306,137.43067229445052,39.268271106029445,68.8041139502765,28.00686635675192,15.879616017638345,81.89729645714206,2.2529805336985262
8.598049870347507,99.12634423582585,27.847044785601696,81.87122478437223,135.58546579006173,90.86250588133026,84.90957745104271,3.8390444568668314
4.4675638257235155,157.2596687433234,16.826494283416505,68.8204144783638,39.20339368374116,23.32218436890233,38.4597069898778,3.188459793308871
7.503023560753552,224.52971504456167,17.02186552546311,74.9344746608337,103.7552853453198,30.391225472448113,79.91124346086937,4.848350429618396
0.8802404907973687,287.2584679823767,31.88231704858445,51.09615128653702,41.0758932319207,58.35793235238124,50.767479301723384,3.6725522601011145
8.991795241216666,41.385042994511444,27.36989722568788,67.30782814504929,108.81081466637534,90.6583803314342,41.3607346929285,4.118208130938073
6.7685331011923475,173.59327587386426,30.605770361222397,40.71184731885634,115.48073401254346,14.41280950602517,90.40405791359126,3.8633157967666296
4.8462575132776085,201.71082248020193,36.24150020480538,60.47996004374384,113.74643569476159,29.437701187224462,50.81752843185052,3.907123266771534
3.383801940596104,53.144542219490276,32.034590274405176,72.9433359882983,70.01779343468529,74.56153739039041,14.970672064852295,3.70451818087212
3.454729353262819,253.87617645903637,36.544746450636964,44.88473868905284,94.98455300813097,56.72618307202012,67.10692608150919,4.6650294705395865
3.382282182525794,104.50703963767337,33.56721224887875,84.6153393600371,93.71840976062595,63.50665209534256,69.22020929108648,3.440833857147605
1.7447456010789462,266.22622540861073,31.859993824847656,57.945597731198774,110.84379953437877,11.52584244749848,67.118543734293,3.9923834388897363
4.906190611276231,179.20387967255832,18.367468533891323,71.91280261112607,79.86012115719461,88.01247096560184,42.428695579985195,4.539762196905197
4.808120364273652,71.06131047412697,27.070690321873457,60.8441973947281,81.02111947778843,62.08666559415719,71.07533392312894,3.9645544634949945
4.41339826325564,229.58964035915443,25.827317316679352,75.27419927040788,105.81718511156794,85.09310544018608,36.19848877146275,5.0158267023306955
7.179395256103877,72.45169570741459,28.51738370754672,67.13667827772608,33.8211271421088,96.73703893529012,51.79259583470344,3.323034178365576
4.488241195444966,224.50217848904043,24.778571504123565,41.74148489460535,101.34717632694436,75.89453448471495,29.50360479786647,3.953139334768907
1.3455353099193958,248.2135192351366,30.510931212014043,85.8592959455015,30.752335368378972,12.790943898548594,65.1927192528384,3.56581628018353
8.594566411980036,185.39286918457796,24.81139686090592,71.30333546881181,111.47690225822612,74.03765192216733,82.94506881589083,5.436462027337452
4.538458218899026,103.19496041814857,28.9404471498963,60.963979186834266,64.4478361049569,60.71236069204196,18.789990665852564,2.996277725548723
6.725213715716334,148.0811961842609,24.871882747071254,72.21326744063333,127.54157999874562,19.318563433368865,12.431110868367636,4.218830230465873
9.334015369557719,172.56552284217167,37.54418383307439,49.34927766052278,22.377662730101118,34.33843566694845,78.50209632087834,4.228276297414805
7.790443477225146,209.76089692516217,24.335392017495415,77.29284886404426,74.47328418920146,25.195686241166065,39.05918342583987,4.110817651122513
5.618589276192936,201.15989533206366,33.27331269331828,57.617397469127454,33.41044190432505,93.23572495380817,39.14429307305773,3.8125821202699943
5.677711443170013,138.11456892789204,30.343379235976453,79.27687080886105,131.6408472753422,81.57549932265289,60.82655779787834,3.783240394633324
8.570544852368364,234.70491921432944,24.63808819854585,50.07292521059112,27.534721477637454,73.07685105153126,53.806380823188896,4.499605424707734
8.32450678436266,238.28241853258618,35.190776711188306,78.46539829199867,77.9273391873597,78.69885753218614,20.94040271781995,4.0983250991498625
2.1972009552105263,218.00942375240885,38.189179235216784,84.86804718182529,24.735172023039333,64.11214547848829,78.43916182587536,2.8109911619943952
6.45176027442515,103.48177013585878,34.01210829864711,88.94514266044779,121.67974354511372,86.9739928992542,25.864432934770864,3.479700500451527
8.724298755133558,156.73699741295889,38.714701147110986,77.71904929378212,49.485540608508884,30.574733362754326,84.34254014351306,3.737371550371416
8.131420556586097,146.84439057869076,25.907667296618158,73.72072718116846,93.16828753955384,32.54541114881028,78.79128782898434,3.5313906245663813
1.6848021549667815,250.53390370511366,37.84350141619471,63.596808240508004,33.8201176709235,63.25746899350147,25.050394461040447,2.989484300173087
4.63908181219843,248.20859485231003,36.905574273866364,40.815385837206065,59.22482325834281,82.91218591927635,78.23923034868587,4.438749855301618
5.4232144937893265,263.84184424896057,34.059682883255974,65.79196454079363,25.917604197386986,85.22096100478497,69.48455759746784,4.231387713598035
2.949190768251949,92.41746097084274,35.880017378845736,65.978916153028,87.11634741250614,97.86278175439934,98.36381105387528,3.236284688941343
6.955244162728942,232.08273308659335,33.253340990257016,38.56036234849166,10.483434990573956,78.6056387131037,74.06460042083346,3.7242795741443957
5.024151679332627,265.00778634244,27.807711557206254,72.9844420651221,149.03000878543617,30.9468656166146,45.11957078381308,5.8890321171716735
3.3263327322031735,74.95250008710778,28.810478778548504,43.19183409529551,68.27904078137928,30.7585495105149,65.80518787929145,3.6747174870642456
3.7002129935240733,40.783006368723264,25.442169441601262,67.81365574590433,98.12260759038696,50.10298704588193,69.56850018597599,3.4050501762877174
8.638349372563138,58.48730808309911,31.607317212226675,60.99482772939332,50.14934063342828,68.513569355409,77.1085299867737,3.723578955024805
8.728898152100424,193.67464170950402,23.11974694459019,83.12798442759292,45.45474265944817,56.169281560441114,52.176326183384326,4.106854279788674
8.217568745421957,143.84492502300793,33.49148693652489,47.77344422608428,128.4588909184045,16.072566782781877,84.49249877808998,3.366863468047189
9.181753801237898,82.66386826053031,27.627884014137333,44.416386603626556,116.14560429274091,53.37107329642261,35.82475966955215,2.985196676114209
9.546911832473858,172.64196437434367,23.829697882646272,65.31441125912461,100.06088388601181,83.5388814408082,96.70062752089147,4.293567012514779
5.172365152409135,242.09107885415318,18.680697955131894,60.31336125449938,115.32268710964588,31.628333122279713,37.93875733454626,3.8022949945573674
1.4186844123218376,261.07077378818445,21.388147724946474,43.87136573215491,34.54384141693943,67.15293607156748,13.379154094611675,3.810789859009187
8.100674569442994,232.9646653547839,31.005009073293156,68.75417000457884,140.77291460602936,34.27475687739419,28.012142705806365,4.637955756112771
6.51760331986297,269.08807659658976,24.246232638875078,84.81995471938637,73.66436861800624,60.010211329642416,93.46963793458795,4.988963908445859
4.114913307181215,193.13005765396625,15.829228154795524,75.71396112901428,131.61963349625412,73.08810029225668,81.1046242184269,4.728419987598969
9.767564949926928,256.00989381145433,23.24345074280054,46.52563661422053,113.04796897747536,28.65000267712509,49.54337901116201,5.136214136116475
3.717509425684546,142.64051493788634,24.158942474486523,48.11233845191545,50.0289756680867,76.55924173697582,91.4639766052247,3.283520313241333
9.122522797327969,260.16922676757554,20.857522019255047,65.66586778788555,89.70436588060385,70.8866640351493,32.196974534311714,5.046440415772705
6.1295522565570995,271.86956098059477,22.157875718440337,72.26344268947084,145.33041175813938,38.14839637309642,31.020241945668527,4.687410091152204
0.8480988487209047,215.3301763939706,32.62318570572131,88.84474875369897,15.192339339244405,90.5477224672516,21.606247253777855,3.596939350204923
8.673183526761406,146.38250225533034,33.65666134700872,40.76508852220625,69.70744219704835,80.24627342856759,49.81890684910191,4.38403984991871
7.741013764925359,106.05195649949013,38.97247414979823,65.04897087141269,96.87554356809261,56.901950491229805,56.271304564996335,4.037948043913396
6.603631690129225,117.79845769584281,17.95220663675996,89.3055892165523,57.58544846162793,17.441613317472374,23.062706720021914,3.119734739080308
6.33857783073123,65.73587755982956,22.79312510921947,41.09932327587566,54.50825367013177,49.65593665320993,20.31449462947946,3.289119080445133
2.5789371802310783,42.7336874204137,16.926113149520884,88.49127574871974,114.81682830842038,39.6865474310563,45.140669698517705,2.3876117102792116
2.537618227393775,141.89287244649032,30.33259334754295,60.41978649517119,138.28576523227676,33.62008689985878,30.93569838869972,3.169925939826393
0.7771380697695316,41.52054510067243,15.409707332595143,74.45643132452471,85.26796649374621,67.92162051782445,61.683759900335424,3.007818582440752
1.9643058990100648,267.75876720852136,20.13390853358579,58.38993181773938,142.74936313554727,92.95571395886265,57.190167126028136,5.5444336855926295
3.696572010816777,205.48868436011526,29.674501117773794,81.25742621272566,24.179017650781454,23.189883505252002,24.623515440650426,2.9208268317631934
5.636886515247385,257.79015648136266,23.968466183879805,84.96848392360238,41.845851978361374,76.74735195237223,11.194930871311811,4.2507408127249375
1.7426812962283593,149.9924984022873,28.60940647726831,44.16658512464075,22.279672249665605,65.95433921778792,68.03106968225669,3.376483487411635
5.796935712596996,90.46729479234448,31.005937711605892,76.09832966852352,70.97479990345795,70.03290320800058,79.55969482712847,3.3618912729028008
3.001541151512055,108.3752838124392,35.9735016964586,36.1406740895238,97.7400607042992,86.06670088404394,53.94454371196891,3.3183947468483237
2.912630686952438,260.7779425685185,24.821880532925398,50.227307827060436,38.06606887755196,43.79084746077913,61.79508484627242,4.335088674482832
9.505469970360604,62.91117223257401,21.9724228659655,65.37883806333916,72.79541546758949,62.15989200469263,96.55402869074757,3.741563126703395
9.927273166465438,218.53177523072856,28.47012833779494,68.17627738605557,105.815243302374,34.91412474050102,79.09334983151793,4.849545978650376
8.208666667708812,90.93636549394887,16.74203269186072,55.089654772859134,99.52821853453996,35.57904603437091,40.04288834330907,3.118394028817743
1.0167238169673158,125.35586764445007,16.047855569042582,49.87410017075981,98.0994727568857,56.195421676921484,86.52715064762195,3.3832339218644334
7.42200125016542,30.8226233021319,26.305930875247462,44.44075877092809,94.84451717970694,10.657013486428431,59.36430147685248,3.0701447369064856
2.1950444520840175,159.353967719118,20.45196875083068,48.184196672318585,148.12544496575117,32.330376322894374,56.97409953276415,3.9233640597121564
5.9076024803484595,64.65526062787758,15.1804143803342,42.162488849305554,109.94901039452975,23.646589867212832,72.26847305958027,3.074186800455649
8.990279477486338,262.1048002096589,31.984261512659586,49.36413294168855,137.07422006091653,20.788113507720933,48.65364810730671,4.918202537827817
4.111858501569394,56.38653813176535,35.40388841863573,80.17036289281026,143.24222983596746,44.61658142046134,89.26952825555772,3.31473464945319
9.323996008138712,97.59950508602563,18.69696426139868,50.813725195987665,130.35503533537195,19.392562824779432,25.05559872303082,3.805986031539469
7.2295360647234705,33.99556958888121,29.097556855034945,84.92289192278935,23.32353277925776,23.886035338605794,47.97219629749429,2.53648730137702
3.35961222689784,298.0768921202312,39.59962382053197,48.48760141887486,84.0942327325263,70.18440964434797,15.837727096602446,3.9162929678714162
1.4017133893546796,203.18818654773668,21.71889208496851,62.05801403092821,63.411747392862985,68.62079113853332,73.48548603369478,2.996480948612699
8.245837205299393,203.76574167103738,33.27036830300101,44.21634453047305,23.58958406360462,95.05164069862873,34.32657031131937,4.262856628843985
4.851564380683455,170.09242910836738,19.05256444033633,35.94020750753435,88.98925472838481,92.82459147160364,48.2882205271179,4.32477456465763
1.1905881375196907,264.37498478581057,38.30232453958074,69.4047130097297,39.79543390857109,88.65463128002092,89.77259855555965,3.6296950378223163
1.4796623927829942,68.93078290798289,15.010839629643126,53.5771193177478,91.44321024096978,72.18589252520678,26.76569848395821,3.265498223750464
9.686133128007059,244.07000124583328,22.36825450573524,53.97912956278878,124.43444447463943,33.993042570595875,10.202637550207152,4.307533927452768
2.8085185677078783,247.9233385070336,39.41081296058344,57.42636692531245,65.13732929307189,26.034196681895885,62.03078203094842,3.7179816787673556
9.682616189645104,39.7546566545721,31.767255950040713,77.7767789385341,142.9760001223936,95.44760391671825,49.379071633074446,3.811811814630491
6.971016007130087,65.82277628726342,20.296139984958508,56.98578712285532,117.3055935588832,96.36660909907303,14.946465441157693,3.6446237373517194
3.3546654673723575,177.7302032356068,34.78413954541102,39.75237143412313,122.59949197818634,55.399107853892765,36.662110647703614,4.283388360766186
4.145414805313049,54.351710519667506,37.45213948900832,50.33144795889412,25.720794397049147,59.35723103337302,31.51954200075849,2.3520431198793728
7.881865219026012,106.23888107936413,27.181779268432642,66.68710669421787,141.86223167660359,10.483559181111131,33.45563187293686,3.9767767280570467
4.63644229979126,138.9917396973044,18.90059133019114,89.6417797679544,14.834083078308675,23.372703669118437,81.06961449163177,3.4336776866516545
1.2101323878107197,72.44874086799095,21.464825555820248,42.87308437754469,128.14532854425002,59.13948686534229,37.42748238224719,3.3378915490506342
2.683234230912026,220.11960578651173,38.57785293239351,52.78983781821521,14.151092808772498,26.36138039894951,54.066385292919406,2.973886092411298
8.673277243473631,163.66655935910225,19.02756992614168,61.70763110377014,32.744040871245204,53.085640769987336,33.89680759151224,3.736486990472567
7.1136543012924545,202.75043902477586,22.797670923798293,86.95539945444253,54.14831321481184,81.54242230812815,95.5486156951041,4.760153877463566
5.259653056160278,158.0608728276057,18.63844186552824,40.96320691241822,113.28647945071685,82.07001655101789,79.67924365472506,4.680821262816951
2.8322088518483586,141.37078714441387,17.640147779263323,78.66020737710765,135.91885824319417,87.54924808856808,48.095435188808096,3.5432229969376934
5.008610843354971,162.94504444179637,28.050626464751467,74.76250722249364,103.3098268773982,31.214086703338726,75.42850369864372,3.629522970301643
7.994066048886388,272.8689873689068,24.91773228236137,51.85408338049343,111.88759714566733,48.87075509883175,38.33426958356897,5.425253990452094
1.2746603728506325,136.9304836390939,16.15421092060745,77.55645124549714,50.568195602492594,66.41608773117417,17.400689940384133,2.910768464978376
9.950294277984607,203.4109011397065,18.629871917661397,66.6180621788738,146.55271123539242,62.29774648317903,48.7469983364318,3.9314497916135744
8.667744166659887,255.1698793779557,15.941459489686508,44.42481230490668,67.08279051948494,99.91658628901565,60.81268194369022,4.210493854719887
3.5206749370581782,197.69366556178082,15.614748740950654,50.715684228940304,137.8079325073632,34.865327458731485,41.44192022701269,4.007537920888826
8.770478781881058,91.03738278177515,19.461752345178194,53.058716611358875,119.09559847595446,16.420550536732623,46.138454937990986,3.595104436547028
6.976288034081315,62.92911427700614,33.5912323087677,52.76661714785264,61.41731774075793,44.907581015412426,74.29859414585496,3.549241624947759
6.830367057443626,189.53682500502063,15.369249205227707,76.05009596475733,58.03893622172543,56.621221973328915,90.59026438535473,3.599896541093952
1.8272428049701843,226.39672872543716,22.611935621503967,71.3162160441652,105.12734068828827,44.85152962321286,90.46954386594562,4.842360203574124
9.10599908669882,237.55903055283582,29.119701775945803,80.09203358348866,141.6659820051892,38.742774922401125,61.81226324261713,5.19845002225029
4.778247070753064,217.32659331683755,33.592589210898595,63.0937712044171,104.12822476963339,33.1533474090853,66.65413215601234,3.773300836359855
8.130663704228258,30.932640711424437,31.94729747397636,54.27924112717659,130.03978388686815,48.473592449525896,57.95301388130687,3.4809708129139896
3.3454760084143897,238.93687960867283,39.710611045015476,38.72631969497682,145.27959429299247,72.0281898456671,43.41121468944536,4.720594622445451
3.42603482322373,193.24812614614845,21.890681560539452,78.69158294914698,56.20036805128985,23.39791032884856,76.43437264335324,3.815533424753753
9.664547209828166,296.8089732565065,15.003468200064866,39.11229467524851,85.38881350610984,87.89805305895526,20.01207553597019,4.914314957928176
5.218269284302614,236.438565689842,15.955481896968468,51.58055183816285,95.27513927311941,67.7010014801497,90.46127538012172,4.236675535626419
1.0689617771385211,146.15593340808786,17.437967760500626,71.78860075856713,40.40473179450471,19.663345290179574,35.53475222115813,3.164760740348026
8.439213146804477,212.56048897533833,39.3809422146001,77.02936728238754,121.65682740176068,12.116763034341444,29.693993629340273,4.115864365893399
2.658685212322517,196.30264842749025,29.2512073575437,38.768202616399364,46.646134622390186,14.622136960735737,34.659478661033425,4.5445418777970685
8.848160651685738,121.09623911155458,34.9842133480732,68.41897261692719,108.96245001428508,18.13315603667039,83.05452411648807,3.3926779967183367
9.206178840751333,174.05286899755382,39.62697540002051,42.54264009194793,83.33538893062894,67.91851698953063,34.200506029419515,5.106982937734383
1.1912771257610297,85.1828644601674,36.10669712222693,76.64819804183108,127.13394709342478,94.67708588121197,64.85847256140511,3.155448786461598
6.033077661956656,53.71414643535956,25.19039690913538,75.1419060485739,81.617708622562,21.99730997181948,40.884199116679596,3.8895464904367203
9.82447900298004,227.9165997245023,36.897035888030516,76.14316629804028,92.13342234158493,35.58991150994798,69.07633432412527,4.85085260706391
9.343736339135718,133.714747449056,25.8437729126604,38.506666507184455,35.350126750018234,87.92656849362028,63.24638872261746,3.3420983312057153
5.489811217546883,234.04259702976606,17.849201111834866,65.76839041803773,123.14614650497916,55.51060774892671,99.79898703593578,5.106048382873334
6.964685355057738,161.85099464417297,28.703283774391814,48.246728826588644,66.29741131037042,48.441941725915264,37.9860391067868,3.6142511418259256
6.240489334011209,248.64313118161778,37.89368351969671,62.269436603853826,91.16422701043048,52.59080149629477,41.482663631906235,4.528831719546854
2.430906789277178,229.69438184886684,34.61345749073517,89.41762319866507,128.44822725827237,19.10083768146435,27.88907959414456,4.23200941280298
6.703476957954927,236.31536182485996,25.048179208693547,39.97601038191767,77.11448115471319,29.76306438959647,51.75173549291693,4.162571713799195
3.6648412432577255,145.91950174319567,36.371657104266255,67.67286125662562,48.42505019995783,96.58150478305268,85.36241906567453,3.476501768611421
3.7107333273603373,289.5184001316046,26.60456236984963,44.07497426557029,47.15703949683555,67.90823293070603,28.989823206430092,4.498142733563943
4.489887528934956,139.4187369990717,32.11436817294922,63.052800671737224,89.28564097792686,35.765670735716455,96.52688449483117,3.4781961934905885
8.595680391708331,244.14881472850473,23.32837921904438,63.64950801131812,50.768567787153025,95.22798894246895,11.184155451516792,4.082329212038267
2.7642853447381217,162.18897745830472,19.86785016903114,60.09241232997664,57.396989420445934,45.774574052397206,82.46338571322147,4.043733539929776
2.8825208340816184,93.47312917212491,22.83676009466692,70.17885332186091,42.872722715346136,22.677756712130563,72.24631676176253,3.2986598352145435
0.5697291792622456,199.80676291006637,36.879090786732945,88.58061206114826,72.4801569563747,96.87848102663399,91.47281265990486,3.1269691021833337
1.9725652547298942,156.6595435367264,39.74427461965753,79.28702861504698,75.25150679446115,69.93384066418139,56.96312603316955,3.023087953805101
9.797453230346896,101.29886282220602,21.597920761159795,87.71880112710585,83.62887164036505,77.75339236914712,71.28679297657499,2.956662031831283
4.62176448231152,133.283553519189,19.134085321572975,45.41991324948949,92.99964401414705,12.026064675491845,14.448165583046748,3.8297052128556857
2.354064576984695,73.18308116891647,16.77706822561513,89.62761492235295,92.30669953910082,35.48308913075317,45.491967530082604,3.341041105825172
9.673977202190954,296.5022619808085,33.84548890597151,51.78400737208331,61.41526470044061,95.08849056153697,79.36296010507631,4.422137723464275
0.7576197463509537,203.65960461056346,28.200006386549497,36.87911197999881,136.0950681960396,23.997295440852533,19.808351771777225,4.202136006669446
5.099580673080601,76.85710871139183,28.90250502343219,58.99298520698592,81.63191364070312,88.6129929902516,80.41576626630797,4.597645072937376
8.143720288461402,236.43885076692032,16.13015966107434,48.54083657524388,126.4962581800878,79.34211600536693,37.74459869205696,4.067575617208589
7.8418394438295635,192.50719431971976,17.02642478728786,76.91662972781924,88.03301670817024,44.06657682305991,41.769019716334206,3.8810693911697265
2.2975640222102847,225.0888255101042,37.86557474108907,39.781771731156795,61.885847567520806,89.80507296402783,68.26373721436283,3.146760749140128
7.224001897088765,187.81132082156853,29.418270611596796,65.14017638257216,113.41072496193388,93.04362267008463,17.034757526747217,5.00713145868246
6.411741782135575,46.32614923432925,20.480167030847618,50.916816989016276,34.77441154559337,88.018012557094,66.21634909474265,3.012225335953368
6.915124053418033,84.87472760415932,20.18653241320265,46.37032370209912,145.75524481905006,46.67320874292013,92.23515325648478,3.896498040900839
3.0279957484634985,237.56096954455057,21.022579653657033,83.16012745477533,90.12235851080926,62.842154751921015,18.438785000319413,4.339615632660983
8.201976686301965,233.67458966810426,16.593947273809672,63.35278811252535,24.583193694120077,37.551610034474066,32.769756557360296,3.5983703598687677
5.81275633843298,233.54633945507868,16.244081290664262,52.899451518747505,68.99015708676146,21.695785808319073,11.231333992649837,3.7180195234420608
7.38824145130068,34.107973705277885,32.999633740653124,76.03648428352214,109.75535495769275,91.19007211591911,56.61909974268721,3.774132444167774
9.425948343920462,247.39071366682472,21.59392036120509,81.92547689489751,19.535360448111163,98.30407947872375,75.7864179920721,4.125467070194288
8.62722409246002,148.5646125912601,24.611624881716374,59.31483116599554,46.593264686942454,15.27274797050358,93.37583888131567,3.588096657963538
7.932205970005931,217.2885918627091,28.434073129674985,45.01682248447202,139.4123832416776,71.89637804620666,43.12266447023082,4.82118137252156
3.251663119596996,103.46151313399767,23.001602360747004,89.68857677448003,59.86841735808388,95.4323788665119,23.387612247163837,3.4061790387642104
1.0137895702521162,237.77273194136845,26.969660331204302,54.74369314586366,32.28276797215621,64.71259438502582,12.617610912354571,3.8815687585824694
5.9591223983994555,295.21607757884414,36.62526635487991,46.30274026071938,23.773577419487438,14.23861176705566,39.25055937283687,4.169847205372619
0.8278740055842169,98.45546268881621,21.102487036371404,40.68199967858703,96.66877157047593,11.342244041912117,56.100503123977106,2.3156962817753017
7.284802855077766,241.73336291255745,34.78149182805946,41.811966487775585,88.13863834161282,55.36921597824378,91.06960626232237,5.135155559500443
7.499805877314572,193.3366223178076,21.598716368316573,86.86734799446114,100.68382816920801,94.59505073894375,29.480637855720833,4.496694059029542
5.847656981767275,103.73587056993222,19.67369019594035,87.06632225187379,144.12514617139945,35.09790373227708,80.31692112916744,3.9203229712283414
2.0974431691427573,109.47640183427454,16.81646873501919,62.93631486371149,18.416556910281404,41.52936155631173,53.28278634032755,2.3472949086775863
8.819353628399577,227.5421713921174,32.10503803102667,73.06743996498105,37.67394254536356,81.63946852176737,88.07815143376216,5.28105585766539
6.161251704045334,106.77341422096119,25.290845195103888,80.7952849168457,42.73540537908743,82.14955327152539,87.67586346900661,4.742627058923137
5.391473525704043,42.90426314061216,34.260672847984964,65.66000199206701,69.79244171995492,94.92751253238893,87.19251333535806,4.213514888307947
5.89212171564952,265.96928095955394,18.316778275826632,71.68396818778751,26.94368758759965,85.48046994904831,46.12107024735881,4.3197356288777
1.2874273247294934,189.01629850116228,30.083763831503703,88.18356643443585,67.3817891232831,63.45289540377614,41.15885087336572,3.7836918189692366
7.534152020019801,234.7878808845962,15.324676118126321,44.48949375467528,124.26724802114319,94.48791402084898,28.65597707838743,5.368231644009853
1.0773680469459181,192.870409425673,20.84574961697722,42.633094206380264,32.91209583841936,65.29762671768724,30.558612267549428,3.127875587763074
5.994687505901129,169.44350763374672,30.2411800749111,76.41674717779114,138.32126529274524,64.14212504696101,65.46063389333615,4.856040571541615
2.107942327169317,237.89524292044675,16.400966920513007,73.68306323496833,137.57547810901144,11.395228665284014,96.57470605408886,4.600341069436505
2.4731684201801722,38.68220893882045,24.43071871155515,45.22737188110955,81.81821228342837,50.99114898943134,64.53629704545486,3.8955636991405935
2.7159153817244737,114.20935162366727,29.04157050066676,51.632814835082655,130.42205812974052,13.865605997677,47.10857344123603,4.344944617695594
0.6359035656403573,199.41655589679036,33.18966409906522,72.68902852862638,109.61011408468636,90.88926080662159,31.817980549128137,3.9466965727696435
8.972468895579933,284.8731676006412,32.641401374210275,62.19009130317296,59.943383692152636,10.942355160212536,68.67725439000111,5.216905408659319
8.140235079153644,136.28569524209527,18.704514997763056,84.14113265191628,88.64520977459388,37.6301712008027,28.985084974542776,3.769828779982694
0.7972212528311058,293.32854442102376,16.879258830003753,81.04350843931138,26.326317773352333,99.55599617665811,18.403845860498958,3.5893223398792995
1.0413678359949348,233.92610274982374,24.408959994995016,61.79158712802628,79.40673217783406,81.55585279411355,18.418599055366933,3.952628780260557
7.937330051028598,160.92204129679132,21.02015101275456,71.6775455566039,126.19706745079557,78.19021462984547,86.54134341721532,4.745850165249345
0.56463123191216,145.87276959537638,22.64228487042214,70.39035836497973,91.93359967695302,74.15926538709802,44.40300553239907,3.2576714714557364
4.955489680227408,64.94948011275744,23.562116221588354,40.06432594758523,63.484285913363166,14.611646968175984,94.63060909220572,2.890929697914914
1.5193239157959262,196.10241796624894,24.929445182519036,58.407552507284876,102.89834973111624,35.937969241930446,54.70676016294682,3.385229085706036
6.120506156676303,44.135490231459514,27.965010409960136,59.19346975371974,146.7597621209977,81.86080641877543,72.23554754456734,3.686001885836455
9.984233969901869,145.85006786299206,15.232593343189343,84.35519875821659,19.44741410033758,90.5996749920142,84.42565431829433,3.7353464676280685
2.1342043976440754,94.18136593596444,22.4500591112246,83.69043978468221,56.251005138059796,41.5050362844357,88.70402556978709,3.645130892362712
9.588496549914256,288.1972461106443,21.60917849673934,38.16995085096783,31.831496601982955,33.34746153647026,24.62945280036249,4.6275961088314865
8.722046167391477,128.08126801057102,20.905575813954485,81.48429393448919,143.9726524461787,31.23058011938881,29.500607566918497,4.426893169909223
9.865622197365921,162.09850650045374,34.71547994698325,68.64253601975098,86.42626146957818,59.32574983893885,23.508251129344753,3.3925850869001186
7.778792019223927,131.38313741180406,21.2824499163077,35.89242819525819,28.15367877129743,36.23381557591445,50.09955314768792,2.859045427797657
8.641445388804687,67.04664656403423,18.774116026391496,55.99087913312814,95.70380818786224,11.920311298539684,23.9531088628066,3.2270247172346203
6.148677575965595,125.1971524101601,36.29565015342526,83.84497505905293,80.0588265961352,45.167489769593125,68.57788375128021,4.05929551564524
8.739198771157868,240.32968657971517,24.573537410812143,54.70284794591169,18.304865700477414,59.83601495547651,42.65442400054036,3.8743510750633785
1.5593664308544197,197.72283248093143,19.600849929212146,72.20455934912852,131.03205294395502,67.08187548013598,96.76643680532662,3.9000399375586183
7.545715891500042,148.10205078971757,33.780196391483955,66.11148738227577,109.28747673304682,40.865924163692995,83.49284676052704,4.86164858292619
6.472874076510996,251.5540808217846,31.429358211799645,67.44230551527755,10.733431345956742,38.25028399732904,75.18521004743184,3.695896618099395
1.0685415860097152,31.12016210526907,38.63249417546611,61.44401796870257,144.3541152711671,35.548907555803694,71.9841410676757,2.5794073072860955
3.2701085278121864,253.1822160845814,36.944889489227116,61.528802616232745,32.29753908085791,66.09928439324172,13.564469635061936,3.8684893695861295
2.5530146035389385,46.07460730711551,32.35788404864492,84.64549949836459,10.036680991348454,35.52628128820869,17.53170357850858,2.225816390435777
4.349166782589079,264.973415405979,19.0247781380944,57.75988986937324,69.81801764373523,92.51675347459503,48.88998894571799,4.27917287388188
2.3843567444754483,285.84445265256,27.07953096095283,45.52767493300624,29.709545154512156,35.35186423658638,92.3230118046549,4.124170248334472
3.110881619443858,251.17576476760283,17.96971725525784,58.085184514109706,89.8207100579869,81.18423815963085,18.462536374817113,3.911598781558398
3.3122862848070374,35.29031805198351,28.734957015558308,75.3101991022177,53.60014612703908,38.77579411932664,47.81255258150896,2.620151304384706
6.19820350368304,172.0761504147344,37.91958892366058,61.13831853455815,35.924932117596526,67.1266574999893,81.45234219422757,3.656142961252101
1.781300720666298,253.77499634289092,15.095573676427914,75.26531765327738,147.94829628466218,72.91141529844403,38.781352020656286,3.7519097692989125
2.790461729860026,177.15441776560098,36.90036990661638,48.18811161356136,56.58206226378417,25.693601487341226,93.64441499246345,3.8920603142119194
3.512906579310939,127.18291063234253,28.482951856471708,67.05186490573283,68.06265706144896,44.19694379045545,94.12298490694216,3.096615460163652
4.766145413622691,157.08776521808124,18.781237997287832,82.53790726731228,51.19361942822653,21.482380702610197,15.127658698015987,2.918407584676593
0.8618420118848393,51.78735593874436,36.39664354196338,64.11147433316376,127.17817735745108,55.95900785796646,65.47627335185149,3.620784442987265
9.992508794691231,164.0046841083844,28.422408690627776,70.02505838062103,37.54977088292841,91.84785565509647,23.10148936517435,4.255626677304293
3.353724024244242,37.518643533856874,26.20414255290003,72.33437989506281,27.872053913147823,63.661225218789546,49.69096521652796,2.8868527005995213
3.2297761769883198,203.9111709142347,27.492954229768458,75.68237605792264,133.40408630060784,73.14941156864397,90.80239907482665,4.020352749835131
5.771270572616282,135.4221083317662,18.684289392466635,54.26592911374683,35.67036730651521,35.474845304977364,16.603035140711363,2.909191588121904
8.613305703560103,81.66260474107698,17.818454376469177,69.47656894134089,130.11132117817598,52.140300118440365,94.36245253829536,4.009666799375089
4.839688996577574,34.6933832962734,31.538911567844625,57.88926615206026,90.94488656188693,76.67008933311664,99.50141995797419,3.382821052879437
2.863972407977586,278.97213384194447,37.01029672613097,56.50273336917039,125.27203901609671,21.817133556526187,70.32210830651672,5.104734914396534
5.875817280355866,180.20613731264956,32.36146777775559,61.13608641387787,19.822129810339792,20.953755735370617,42.06444913207456,4.309837749726193
5.087954225244433,204.67741412513197,36.019629748505054,57.42979548713322,144.90692733103765,30.19911435766734,32.59113947990153,4.688871139623726
4.51921085671181,240.42658292035705,36.11929100491189,36.42277343858301,51.966779140746155,31.311960828279734,48.93469201681955,3.53330602004185
9.84688803245012,199.17941398854933,15.801014344842526,75.80972919857464,18.207772579462585,96.61581405235472,26.18439547409401,4.396765463275662
9.961527512451367,141.53808904853332,34.27387247513063,67.1386246435001,117.084011075501,24.27475870529019,11.805084768320768,3.7671306069420076
5.838466370347142,199.44881481890232,34.30231426313746,42.56688703960187,34.98352357334106,19.463932492784444,15.646476350635934,2.221434532031859
1.1460373071822036,98.17947652305655,23.749424150129276,49.371938724876294,59.15566246370513,22.39142604726576,69.72090417989585,2.385995877813531
5.885717014587485,181.5649411405015,25.246225250165885,68.60690554958073,93.2518765536906,28.261993945599315,11.867996381454125,3.064795883760901
9.54848540963741,85.5085713515066,33.63725000314167,63.49092692396063,19.606294972397293,43.184765049554024,37.13155786593626,2.8759203214939895
9.294079041599511,277.7041573874531,39.6638685217614,74.78817320811139,38.270697681274044,27.74380648710309,70.87504495466726,4.161486556040551
2.5472580695975653,167.58327328740796,39.69562903599925,61.907756774769766,78.47011262311219,17.90201607061254,25.730009752621633,2.6175736346307135
2.306135079287702,93.13687582311111,26.846071535313293,81.45497872803415,69.06641585305184,22.295642253874515,39.904931486788755,2.764539513210063
1.9464306226099142,202.70078198433606,34.73876851134978,39.26002617300845,88.06027447480143,81.07012212835181,12.82974411068233,3.1168950763167
8.287951319417301,54.386292942585854,26.651537315766806,68.72535723592893,112.00859973454821,56.80679921986355,20.118024741790695,3.708931491831552
5.155523041399999,147.18513502488233,36.648978710134244,55.43527799595725,59.4189181476304,77.12929869560784,30.33327051652479,3.156370230182333
3.7114424212628343,263.81044711461215,31.243191525464905,51.87635458023004,66.61679722215234,25.902947139121615,21.35592049676464,4.540625679749222
3.5856681039771536,237.32179579632157,38.41600977311192,86.9003029289789,48.13339064472457,37.46554148142711,52.48539483947963,3.8138997768926637
3.1164258080666847,219.92867198549487,39.93100403375438,82.50941245335828,57.557580759585676,98.40749044046083,21.425272819231445,4.5320060171722325
8.884887854086877,157.06290251386784,23.254691508571895,45.1043816025237,17.14408422164275,17.710136172023546,37.46638294700489,3.14197159025547
4.391958981097499,150.65736183191666,39.48309533280308,38.1590358299759,91.21737856951457,49.48033454420496,75.12114832250914,4.583527711361594
2.8181684885978684,33.05359944444148,32.312824170767655,82.69901982016063,34.18902155684464,36.619355683937684,68.84674655478713,2.5608904851327576
7.248845657620145,192.0102456449504,20.952155005725814,44.31133374143227,110.28014328996075,10.660102386278144,44.46991740773272,3.930741098227275
6.536818290472084,185.79224944867104,15.077798747995686,86.0537521981837,15.90708527331559,59.720668368740476,93.79792515926846,4.683770256141324
7.295972768643905,31.4253356580363,32.09596230884175,50.2525919486,18.382631466984705,59.50047716016051,80.85002940830074,1.9629733948940213
8.308583088033718,67.00175556565097,20.559492014008292,57.64096290280853,49.85652055737924,38.841456734156054,64.64589018911076,2.9721218047653126
1.4617202884047342,33.35776208712195,20.784465526164897,37.474115758003634,71.37659431350752,52.503270331198706,49.31008318840508,1.8695881000507364
0.5188930437763748,98.35831540888088,28.80420162130015,64.56422552601165,107.10516929691406,45.27527822002713,15.403256117712623,2.390652155861432
0.9803792909834645,31.040342934666782,15.773148042338393,45.38047849409383,106.905676754972,51.778513319515696,47.15674590938314,1.7956231019130264
7.214535961913713,142.68969972188103,25.409231379755116,58.70917936090583,146.27307184459943,86.3243709562676,59.07396253930243,4.980935563498058
9.377717132372277,158.6261427598921,34.9843368037684,85.56731405145833,59.23022812664462,74.25759764850447,99.19157628965026,3.422999241970489
3.6455011291554853,148.01204837814504,15.681505970219709,48.891501245854464,18.309135340637972,35.222016147217275,95.64456762316561,3.000669504550346
7.921344580747213,83.8350855212527,30.5985394761627,69.92053824789329,130.57701475031047,31.558689589766352,20.09904219729879,4.286036857273438
7.427252853252359,171.3609920635205,18.9594914570444,46.10943100599926,112.28927352077397,75.26958874704407,98.13395274254775,4.657124344822575
9.79158500321624,249.80554784563608,36.570984359601326,68.5415710127645,19.537069709881614,30.206331589117703,77.91558668708105,4.255509040930174
4.972534274152168,108.62811765188144,24.767173222526786,50.90348275897351,21.667381448574723,91.68272774816215,71.37420910096503,3.932291102929949
2.077693189225492,114.39536726728888,35.303058225437496,72.48599673637942,76.72903644812934,84.95348444828205,91.32048697857414,4.284194056900999
7.769698305583552,176.5629774833988,33.09550660047147,77.38424046276856,57.83029306442841,32.72671428049028,39.25499297162,3.245673933415874
8.278779208203673,93.11368596763577,36.94587814894983,83.43718906825583,93.49208656824514,82.1350227637657,45.93725411469069,3.9158472995684326
7.2193507191966955,121.20230842431593,27.921497372094414,85.52273158645411,40.682528020758134,27.221276406476555,88.38522563754634,3.400315502386017
8.700225896157901,152.158050531044,27.15282512945425,48.27160475479475,144.30747744606626,12.237491151626955,19.35921706569232,4.244493108692911
4.026234541539093,134.30164861462114,15.93576330914072,42.09465768755234,81.6989069685053,96.50085450008797,73.82438624978619,3.032810853539735
7.057992530623714,250.92272202105036,28.345352192746265,37.66844535957821,115.10063688742639,78.5215597953039,82.88399714433743,4.727412334959697
3.006562072049089,259.2282613579973,28.049409186934952,74.61968269681847,27.60982667886764,54.012107530940526,89.65566577394851,3.9778517207768274
4.741181386428457,138.77718822670542,30.159869563817004,45.2790781997868,96.36950582855805,85.8888476785159,29.725551219032734,4.539325961967703
2.803675606978373,150.90236846414538,18.275540968283423,79.0091594535524,131.12517066293572,16.823920574798166,71.13218420870018,3.435643566932635
1.9680698901573785,288.3614140744712,28.49919774237353,88.06499848016499,13.218688528169514,76.57141941784039,17.714616902905405,2.831792017488322
0.8415558560188929,165.83362821874476,26.35080761850159,43.138049722889576,85.5980673505647,96.06931607252478,87.48660984237644,3.867550091238658
6.878530452827173,298.118653869804,29.89939978116424,50.583193788057386,44.5466273417403,83.67316174280457,53.36194358608302,4.082782559034609
8.815094338635456,235.95674862566213,31.51375207682389,63.82355863585718,76.97443167027664,48.85081395924458,66.17484855382179,4.487124377126808
3.48698462595705,101.34269963352901,24.035585220791575,58.68020720565308,124.23931813723479,41.167983396165596,86.62378662558903,4.23223829431694
4.577736142753408,91.85501963448417,27.60132661041832,58.426789857037505,106.60989789834066,90.3174321910037,55.54213655343369,3.8790900442634433
0.5336960088744485,72.94741176331104,24.877445482514194,46.940807573311005,115.62987817198587,36.23563450321839,55.77926714128584,2.9642127587080505
4.422120339048764,247.65934607486105,34.13724833633344,83.90682637894511,39.6355992740705,94.3703363460712,51.81905100517058,4.070325227296574
3.1725600932798015,112.85275138744737,34.91059246110983,72.48741192419317,126.55279008447823,38.7864546228217,64.06238112581505,4.18049758340448
5.954900286183713,212.4639777587188,22.323534927249806,43.462755914586694,95.95889625628405,21.251333095488928,74.55909203267908,3.7592087254978597
9.130913237085089,175.83676037639688,21.48864845602869,35.24414717142382,19.702296430493465,31.230088485791146,82.46514116729921,3.9019096798985586
5.308449406654369,253.01927178480616,31.958077653511467,76.94756214873979,130.77930884381846,56.75349568337829,12.682314000191361,4.331436743109434
6.917560269077186,232.72070708305307,34.35040513293299,35.872169117628744,17.805733662218106,21.79954339603142,41.32695425903974,3.8315328490409857
7.20208697815339,47.21220957713531,15.271637289454594,83.42291306019789,14.027886632249915,44.19614402174871,48.92747715424485,1.9124622816926284
1.9481031656600918,121.37545453939195,25.68589953680565,64.11845522015642,126.72460485632429,91.52700845017847,18.88240561525253,4.24419938989318
3.7924207742123484,170.42665227792088,22.693271960335736,86.15471364435854,11.823318918315191,18.449887838171897,77.6459190595283,3.246907620941076
1.5748827370174614,246.98250630866826,34.16301134814003,77.45210903470566,22.380773202858933,65.30898021719365,57.058814604848266,3.7190464670995076
4.687092735991608,222.78743522992804,18.588518115520866,84.18889812981885,12.373420237383998,46.338816909423734,10.169450411224295,3.921049419960123
8.929213975292564,178.33906668045555,34.45616257501984,75.9099740839583,133.2390239529151,68.27093671689929,66.82347489272665,4.296562889926381
5.06887633200543,248.26134194086873,31.53516542378644,66.71393254273876,16.25736838598671,54.06472810348452,40.51197972918853,3.9191639902395705
4.8334533405798,147.4306885496224,36.0732393431223,44.51831498828874,62.1751740277748,88.90345334125458,75.41689107822826,3.8128774236936565
2.48857368505489,45.0280849599842,39.75608368517377,75.0205586181807,40.378931791164284,46.22484358387172,26.17256247809889,2.28535904122041
3.4470641608270305,265.0446467261014,26.913878001255583,67.57691106235374,57.83254179731344,55.758565733299356,10.108854725076213,4.613744224595031
9.397695939081629,172.1802050120498,32.48528736813226,60.00620824552482,50.68296602523642,21.7123348232943,17.81415281555667,3.8247158087491417
3.378455580489396,248.26883358827686,32.74902346151484,65.72252095325999,134.30204161070805,54.12759319773456,49.636006843688435,4.4909330112351435
7.448172562725153,135.86206384749167,36.114331233869734,47.77410140444243,117.61877779147214,20.32577618983686,77.32087703874876,4.4973865440751775
0.90034581668752,188.90910800746082,27.953129546518845,57.2434975801102,133.9023626253803,62.481688480969474,64.35226314754782,4.499855652576219
1.7189826208977301,119.3951114749777,17.691193514200975,41.830869761843076,110.80596617137702,48.46543818510855,11.346994046122001,2.9249210954463734
3.4590402048965325,140.58524310025453,39.48407387723722,57.53732972833434,56.24873262950816,80.50339030670361,63.244746314346905,3.032930034921802
9.06349818292214,69.79751985441192,16.420933614346797,60.68128503194872,36.01831673788239,47.662927971642354,53.39561704642635,2.9717207738964304
2.5832707213509973,230.2329630658075,39.0593626717676,82.17746481989514,84.16912725515802,66.75358771517155,81.68905202914746,4.315345242159994
7.404073795807575,105.67676261955869,21.383955642132353,63.99489064554646,59.93356958339392,15.309313303672624,33.09994849763477,2.3716370407725242
2.0914824355470554,111.46740900167921,27.312098025320232,84.98776994514319,100.07781970306762,73.90166155258032,74.70381747532886,3.40121458813158
6.321999438122345,125.6310198906097,38.76653759359466,88.23548160697067,15.450562895496367,96.16904039457533,66.85990781933293,2.971014290530409
6.074868192137171,146.67405142724436,31.916513503286495,37.69431931798229,109.81748403792189,50.30008586043478,66.06920127568654,3.3540929057231508
6.408505060826887,185.56425624576835,29.639033630129248,67.842889932469,51.93828477969159,10.886415140977224,46.499989557595576,3.3491437237287847
3.2196269557940393,214.35779055777596,23.147321472086794,51.45785247037237,74.7136706582816,64.32819902268919,11.156347821007635,4.057765016791618
2.0399784710495377,212.43616732853474,22.310151115609557,81.82290905926901,147.00595380742078,23.065954730875568,26.88780626097484,4.129545336111553
8.921614616801959,144.39384730063938,15.819441602314667,62.17428825161035,40.18056224547179,52.11716229715555,85.98245677561903,3.471259008342447
5.9097174062640825,160.1104802469128,29.658305673783005,39.294685998969754,26.471781582185372,12.921008694135082,65.51597897998712,2.701116731385672
2.5144101123489118,67.88653984808082,25.75253163953238,46.82536462973742,39.37394051700254,49.853047585975496,62.032669015086924,2.806409013427009
4.426626005356636,170.8066423285345,20.60752992376517,72.06384926354156,59.21049359146046,88.70372699225649,57.31219892774529,3.2932127465880874
1.1373691827894654,266.805309585627,24.60535310967939,39.3788299450563,85.07294052598508,22.184808268374333,16.923836913766,4.624747785099679
5.016073107722555,154.32146794057968,38.52355520302639,55.849311852083034,147.2316729994217,54.84931507195478,41.29023774706946,4.961606805444569
4.526962373738203,283.2636701368242,36.210002961084214,82.93920263120575,131.78367360671484,32.8484867126126,65.72348354441252,4.634979381440236
1.7608992550472393,72.06155578103653,25.760182476303996,36.606077642446365,110.09390235971883,33.4927579501965,21.29950822687355,2.654977838382178
4.721537184234161,228.96555396707802,39.498825664221826,73.29102039516462,110.87413628164471,67.89727774840486,92.8894694618006,4.9488813894984
6.575557226130705,221.157005802469,26.552944324146388,72.15162950972527,49.729675499648664,77.34494939205113,16.53832303989207,4.532328941508705
9.320659224967534,214.01281746541807,23.72854695537746,52.64053232015117,139.91567968039942,88.59568215444989,71.18074346891387,5.970971176013975
7.180259342615484,208.97144382727785,24.69801523871869,41.1994170460247,85.53730251448019,35.0421583900262,37.11177864458992,5.183366253168012
5.273135220512715,36.02323386575407,36.86541716276797,40.6323998099392,32.752886620010194,16.369861316968148,87.73071533032007,1.5896263438016014
7.815485619680852,230.37300805406832,21.693868764774535,88.30754265150061,143.04235224506036,49.805397297528756,84.41533112900191,5.544721136011747
3.1593851728330327,164.91475419408286,20.552569073934425,72.23039584973804,80.9136281672755,62.61321437389711,39.98902006600084,3.7563992872466114
6.853425185226448,171.5302712189973,39.013683103825876,55.67951705100796,31.77170048344989,76.56225285604393,51.59019548710258,3.801532042472249
0.5480905845855076,43.7356128570233,33.35672269999318,80.84499939433118,112.93250328120172,78.04645186165018,96.32002583975867,3.5210210786110148
1.1892357392704915,80.86290464440815,34.094520369153365,40.68349128257417,42.73061491130531,87.7255502075656,64.71115267189583,3.099200921208978
6.430523546386937,275.9718650420531,33.507259971360256,41.98103372198111,36.27337147545194,12.804783711348481,10.540209721288207,4.3251876850149555
2.3292209566856172,115.1926509292165,32.07268407196652,45.865963558389524,47.46280662033509,98.28982543058046,79.95170270262199,3.076088550843975
7.042931069514786,136.3476595661656,17.281199189359825,76.99593209725825,90.95870273707776,97.01341028298457,42.51825789946722,3.602299804849638
6.549156012786295,81.08495018253684,33.84197118056551,57.48926403361462,50.962524344363466,13.199235349731477,34.82566621648742,3.5219835678982037
1.1048341193752849,200.69151117841633,21.223047503398007,70.34169629122643,15.713886326411098,38.19659793489795,84.89268147365736,2.984055842828216
4.228718332649364,229.98923646784337,18.310131605215204,47.78481201250819,64.24958764233364,78.89883609461745,97.07744501724461,5.09180954672847
6.32352088391608,278.7406971898068,39.57507479539524,77.7514053698223,42.81426433553882,53.0659342100018,15.5836067461725,3.741000591066859
7.278075500041905,181.75717572376942,15.696594585223378,79.0915875906064,81.60262787365778,10.417755479829548,45.13206022915339,3.6766841602138918
8.2527995250041,104.42028382022397,15.790902339337961,57.72918406709793,74.33862451448368,41.92442093937252,35.17436149296081,3.35863865417942
3.639207565817746,49.16009500993147,22.747813311052084,46.51051846584902,20.931630487819866,62.10450496036244,90.79785381382364,2.104596720288465
8.448802401420451,101.8495482678851,36.105051580661254,69.65276517194536,44.34396663692433,89.16221117267426,88.0925467122719,2.9259475865943645
3.8654170470536204,196.95842642086572,39.44860303329185,49.08744596183165,49.4077989771725,84.63263643326769,91.10054214572288,4.191323595085457
0.5663749914000289,293.0079635267897,17.96319307206172,43.15612482014157,77.86312850628285,95.1687467858809,13.83936636411173,3.3242124196240987
6.29505604845163,51.3834107976343,24.885995846173728,68.86886602971967,125.11063658334736,52.11353669429734,14.509877132067372,4.855899603656895
2.795851673000357,134.85893828342478,33.357545712994245,63.209983568333634,40.60437780359517,81.8446425113267,59.626034622203264,3.3400779731466996
1.6816223689385132,210.15364154186523,31.138206194967996,78.09014577328426,32.14613405459775,19.066203365956504,25.02113453376969,2.874465886091303
2.954399195045734,185.1341549353432,20.834416972896623,51.07702239585761,10.143020852465929,56.66120840401039,20.139271944863225,3.4066225507759795
8.36518298175435,205.95700286324745,23.2301485019229,47.39163301196933,94.9104464842382,92.49226877601515,33.43225193688936,3.4354861321302494
9.183012428471727,155.06628735634848,29.859366296497655,70.2287586778263,55.58957984081673,85.49628474832716,73.846054433032,4.002927714585734
9.63611792676729,102.09991046825559,15.885163927858587,73.55830828403123,103.82174935202784,69.00488644411584,70.44886671585397,3.8914046858864397
3.3768884485023847,160.3431113374394,33.955724433871204,57.73499316701988,106.61993521944203,23.428298950525445,80.6672911468131,3.325176250827009
4.831322727795971,133.01475508295707,21.885122981872826,59.329787171582524,16.25849341130864,26.387313387673633,15.64775019609558,2.7465896523100675
8.123997976677746,221.51033348570868,35.708654608067604,41.794974231449245,68.57763760171167,71.07870528568054,78.97719430159934,4.947511215104049
3.5200755408169218,76.33870203957284,32.09172104551968,60.81805118308287,145.51757763050477,39.301103783890085,54.1555769560537,3.844906911133979
4.158860269972992,163.9599419023713,31.1353630216653,87.87304083537671,48.520131591306395,39.65031526349716,38.16956921516153,3.6634191410838586
2.7541076476816,288.9468909428308,34.18402802360333,41.25338058069129,84.13706086226347,86.28605078192928,64.92561535100256,4.178544435204754
5.937489533841395,173.5843685807521,16.878363040419305,66.23823778470522,85.29389988919576,11.842041941654326,81.9577124563329,3.3488864916458825
6.763033638840448,94.04655819197562,21.49926829702227,36.01149901734961,46.47717603451883,45.32660857143991,19.348747533650112,2.967803677597494
3.5251748233226663,282.6795798661875,28.04343669101818,52.89556800993988,119.09589164749573,31.43984406408373,82.65631845685999,3.7913100416828227
0.7301899068598605,95.92249445066523,34.42890834132211,76.86293859765573,10.515600882840655,12.439024927726374,61.249589527216365,1.8395792103946376
7.491124227014716,232.81863725829498,36.226393816455335,66.19386957643003,41.75067095701856,29.491581766756802,65.80486253978401,3.452833994594937
6.357674248792608,59.57344021969533,24.552591368385595,39.46227806929259,92.95381830355062,26.582274503095984,89.1056945703645,2.5363713670107852
2.5804884632129275,260.06419464744,34.84119127771092,59.85072591732835,138.4211133385919,55.40268202412377,73.89888323327725,5.067708610423205
3.489152914074822,78.75513865341617,20.50685275342039,39.34916985925327,11.334361437351637,49.16725574135745,62.517174776865154,2.59304722746627
9.592579098061934,136.42845639643008,17.060881079351923,55.54412035782648,94.1215006371058,52.45295729754042,40.24203852426574,3.639069648862002
6.486933677588217,290.7174903433729,21.16458562668018,77.29249227011513,10.471339823457338,89.01201627295421,55.927914538892324,4.693830270351152
6.157038685718153,186.4365764806425,37.57870406059664,49.20373111487844,97.19444421696205,54.498553451907554,85.29099297041084,3.4047086129638333
6.577062005903663,101.27890269978148,28.60091051471382,59.93641361059953,67.62335752569732,67.51042340600395,99.60465024315836,3.1962950439802436
9.56722308054069,30.169335619731665,27.033727752375196,62.51865432081591,70.82360179408387,68.27349546457884,78.05369038609388,4.012140081221222
3.7286611981834508,31.833090312625657,33.583367248606486,81.93016965669105,145.45134736085416,56.51869561333005,81.11463085302199,4.633270690827065
3.1687017729989773,104.13867360564673,15.25232328737641,41.682684832336754,105.51448811165663,37.429685359004026,72.94762458979747,3.706477334415902
4.0790535625576325,172.2507941130736,17.957577967429266,65.27302015227873,37.49804857555924,91.28427400928554,79.02554407512886,3.9872814823999825
8.109016393733661,160.92064253443576,17.490068144034293,36.69344933662538,149.6272100767685,49.43579677705057,31.886168740723857,4.054761939682632
1.6491093067047708,278.9080404472237,18.04167777687256,40.133539103565425,45.93488246114967,61.40151845345269,48.14496757696852,3.6423008108357595
2.4648346305505022,236.30541100711673,26.336259117470313,47.1397592500893,106.02695517238361,60.32298922335372,60.03963858390924,4.579094940337543
2.6683323685428886,279.6786217022085,22.017072864118852,74.58428503287897,105.24129936245983,84.48742375738445,59.45177173035986,5.481940437009602
6.54558521627663,168.18011084637664,34.643125194823256,37.26098495954697,128.96150243435483,58.11587514790369,63.754101296231326,4.4512675786197615
6.5950387339777645,150.59993127917733,35.97597794393489,86.97880137241364,65.84136253360987,51.121259442279275,97.61813136367684,4.21710210583368
4.032920642211122,182.84384022250143,38.123483680333365,58.521730520030374,107.43503183755192,51.40549224495292,86.9743482329297,3.704428938415101
3.123826589236974,130.4794436817199,19.901559980014984,81.12585672251852,97.6317503431531,80.19537347472725,84.50498726257956,4.192500892292924
7.669193347535394,86.91910266103471,27.571292109780266,47.203165510582224,71.09879314491818,39.69775972704832,84.73331297134744,3.2810492581060346
0.8014023860233788,255.89835078630085,16.217445478562723,53.579588765059455,138.23403913664168,94.13660263538429,81.3999881828092,4.687988676496457
7.518008252106889,213.74352756151933,20.997703128355166,74.98587047298358,45.270143069594226,86.19435618109857,71.1283158764715,4.574695318516461
2.4976029465231493,117.92768490081106,30.376934263144406,55.85584486702203,41.3983006865841,22.451283937000973,33.088826551435275,2.732708206728679
9.076382041004397,150.49593450311636,25.559807882946327,62.911834270969095,98.25435572870899,38.5515118894138,87.01899290699525,3.901622672019758
4.4300858343640535,90.8709153882065,32.26748117849473,79.50887272025179,36.637329358971876,91.50578792961316,35.17577491353174,3.351486706439463
6.601820581753216,181.96654529822973,35.980684513851834,70.81023343974903,126.19927295291795,35.05342143713673,75.23997194987284,4.3622368448095745
1.6492084427944993,126.75669865935052,16.48837772210709,80.97318143385657,57.55453585657458,38.58924297357919,19.988534137795128,3.033919333601247
2.911901880279294,266.4053357164199,38.46532420855148,39.75674332381785,68.95392652543629,29.57103868229792,59.25506433151695,4.22614312522494
7.155781646377822,172.65799392324513,16.06008321665742,68.4438707707921,105.52422006284812,14.895464802744337,38.69205272068041,4.620798249633588
5.7283767781559645,141.16727217984493,39.54171806388706,68.06623719874509,133.91423702009422,53.06105148306971,73.4011521026168,4.46630592002568
7.819535119163296,232.39733624577838,30.94079312730299,68.39041939724424,106.59544731531751,77.9367714225026,86.97581072541759,5.1879572093150665
5.852322227727143,274.37734842683653,16.08250048218197,67.38456175310228,23.18873149602554,69.39976679118409,11.397444907791547,3.8283711849906292
5.908646216956306,250.7031563589621,24.840720454392034,74.81109313404814,57.328538251752704,12.48624749716561,20.288972486452487,4.036203285859361
8.653460326429636,163.62761570296288,21.455211430435043,81.42200099447322,115.00880820269298,57.10446157285783,93.29651415601178,4.726079041268801
4.534554214405487,126.23970099816249,34.964308690428894,47.62788527813014,137.08508993048017,39.72602225751112,31.53438965905652,3.68467772894849
9.002924836746288,208.77492264803203,20.636379232289887,40.751010198825895,98.73579652379148,67.76098172375427,75.77104723706817,4.739977562537662
4.03604485642749,250.5543717426088,35.65531283632732,39.0686439628572,93.4617041131685,46.46438418202776,83.12920349845574,3.9580836585922436
3.621644964315451,294.23268588085585,22.80853501091114,43.71353756856978,63.09073809341502,98.24770767696616,76.64952977773517,5.55952610552168
7.904502129027898,153.4578337088588,39.728591780964294,71.07740020352657,76.92723236011307,84.56051497021613,12.889659462132713,3.915846808856953
0.6096907952151209,210.4248387955556,21.76022767713483,57.90741000293341,70.51185654317794,73.0333821389487,76.18812766130966,3.8930090241539435
2.135825138468637,109.13787836661648,32.12402008063076,54.22193003569611,17.724706717413746,56.41003551879225,96.54141159905696,2.746960254122618
1.1817745279839373,53.61509004239453,35.004843920121225,85.0473036548271,13.059404166467488,63.20015902641034,43.19138537413946,3.1270434725190785
5.364998383587005,98.3255865101349,20.411485372782963,84.50967334717005,96.43653679310789,49.79219844931303,73.92296057799587,3.139416848263766
6.466674512621663,33.91233623259389,16.893893624679365,64.63903542287929,81.37742972573186,81.51914537645929,34.88227337606793,2.912698232514969
0.5985714856938176,167.54545169941562,28.781187039234528,60.217524958787195,44.284712527608626,91.74107234682063,99.77098241039681,3.9459080337828696
2.0339037111332097,130.75215040521923,31.926976576011256,49.87423940623165,134.98513482936812,99.91856020816626,28.750603599336095,4.077684006192638
3.3741429066592037,213.13419866286105,35.43190459798341,60.29461242000467,38.923286004561476,63.89472685942389,37.50093816887189,3.4211964322967185
3.2951501846717144,196.13478926570033,21.819098655367146,57.60055399935327,108.069835568313,71.36968867623376,25.111502918130256,3.9867423340673787
1.422760810497968,75.32393729999255,36.80714730894713,35.382351131962025,120.3708075379621,45.987626093496075,95.9659547018563,3.0876906783319766
2.1420508324800958,211.93183051008265,37.894166222633544,76.72171579005446,127.63177653797163,10.762587752211456,61.42837394695138,4.128965567663061
8.546991729237527,80.59806065660482,34.47967444744539,59.12153096963824,127.53419139555855,73.29130923160653,32.22864640997302,4.605263495972029
7.155520845333037,31.60734894727495,15.18992124482245,47.25671163212131,121.18544576971799,94.06318915604743,22.105509918529826,3.7018513630248293
3.3128966353017932,291.95201899905555,17.180409948014432,71.64439225220374,74.0920242475761,87.36620961392023,88.73261337808384,5.201819138361571
3.0023709110028074,37.28596270266803,39.94343384538798,59.62175790063975,97.3476183949586,89.0758695780242,15.639362693798375,2.784850013176197
1.2618924204568427,122.27225071075101,33.34871735787957,52.25515238052518,130.07959305347106,46.191335056615294,67.89367142806138,3.890278540164073
3.814606405280846,202.12803505666474,30.669790922362466,47.694590991177975,68.84051364816384,74.21963773530254,64.91158425492642,3.3549523288984133
4.281660388962783,130.0011250328032,37.53405020275376,38.25279169703285,103.91969654012003,67.45869813981218,79.46154617067593,3.805195173375688
9.089725735680728,132.92647178018177,15.991036631034243,62.66621553561538,32.335086333894424,58.68413254593602,71.3661600418925,3.5729610931097544
7.559599283144494,225.1364359229297,33.93444656030127,55.64943348884114,89.0569656176508,23.64578402200621,85.28276529615245,5.200347446913613
5.051960856315571,192.5815623048831,31.36693924798251,37.21810538446031,29.74642645810505,61.789785160930656,13.422827704322957,4.181070645099667
1.7811440535057597,169.96191049465904,36.205520786123074,79.68236465814152,102.44073903063232,36.87318301821898,48.72622034777508,3.5614404366493946
6.733535665579128,269.30551814861894,34.4476058408089,79.45563450897467,62.756333453508816,73.32302528311979,17.286948854955728,4.043347806059667
9.392116971324958,59.190684430046275,27.123271392903334,61.951406452268756,41.89801080783648,95.03671851754453,46.469558553530064,3.097515672404792
1.241426094069861,156.83723637078188,16.774211322382737,81.13952225978784,60.50405465248494,75.48920223437912,60.47431742569728,3.2608527824674907
8.561773794683567,94.54802048089633,37.73503851182441,61.455304302499684,108.19839716176017,33.35760230240313,63.43973797399631,4.287984869740767
2.2110882745819964,39.93811900520085,34.08755614770351,44.28965221830106,137.12467937293525,51.87230564862591,93.22914604813329,3.562373653476673
7.162168875983588,294.33909958921936,23.909901618624673,63.46789975862737,11.579332817406776,60.83791436037949,92.95499035837416,4.757373122149851
2.246632353812461,228.18724335996498,39.59820618086286,52.19118276881621,33.498712563684144,75.35375478406488,37.88079373226345,3.882571975190629
6.200128771429387,88.37008931766658,22.77770550506495,59.88005346559895,108.8026676376773,23.30627595611484,72.91618501689987,3.3149023753512785
2.757433550177619,138.6572488918185,24.264015306527646,88.38684434847178,89.62288064297589,57.303327167379365,74.14366442506875,3.491081200440681
5.6461315904560925,91.02654581357442,39.366892472048704,54.55419792278753,54.685626644593924,87.4122839252246,96.14367895138469,3.5918943803269543
6.2014997568839325,214.91092721562634,31.702776926488358,46.87394179139981,101.24685542981788,12.482924680060774,17.554079313490803,3.761194938305017
6.375943088517862,124.6207092885255,36.97987265590446,42.070335048351126,131.40625876910312,75.48223295149862,65.5436403657971,3.3679540947878115
6.986589339164086,278.36289710383727,37.19385366837507,83.61602367845205,46.117014154368,89.23928467281033,46.653721222274925,3.9145446238898085
1.1557809661569536,86.03990917076078,28.411208397996063,35.8216118524022,77.99410482304893,81.61873358666378,41.25954084289041,3.568411408676357
7.1821803364604,124.45306976784185,21.6741704894689,84.90995487664294,12.90742778158901,93.86552071321013,65.57447027679797,3.2919069600474606
1.9686783802364283,281.58991123176065,36.18614651513754,38.39746133127376,142.43943713618845,80.44394391863361,35.158328834864555,4.79451054165335
6.931808304800803,268.8638036075616,27.547189177116866,76.39626469962215,122.23012258159898,56.62208505107731,13.22799172173482,4.5403103828906834
1.6783573352553813,109.15593941542485,29.10877591833042,51.15080229213487,80.71267515732038,52.92408583711741,80.0013391132823,3.5770756080259924
5.054439750241675,160.42854297553572,28.53419908457223,48.74490741304393,148.8797187308929,12.865571215352752,17.811782960588197,4.076581806248786
4.174300046827155,268.600345532331,15.239701510235376,44.89644662226145,40.83060812775133,11.67394303725937,39.53784327947606,3.9600129929139904
9.689790388111039,211.07133138214138,16.146727622847077,42.39833415023316,114.15587685803203,67.55219966573483,63.54333126516545,4.342776578278156
6.492687074572338,202.0655139599873,30.40960814810674,38.64290711159869,117.73091916017806,34.78622630166541,66.13623384897612,4.625213706701057
1.3379561758874903,208.35081392521525,34.86093396735563,43.527452796208586,126.31981370463276,37.638582648556024,69.96385672082911,3.8008419721101587
7.158421383660634,278.6649062401966,26.425964603848094,67.36625255606879,105.91348250168998,82.63590915101456,99.50531830199415,5.32042777910302
2.3443147931503407,169.63693699172526,19.76020744207181,66.33232362065708,36.682684348781564,20.01442502298833,46.12484061702403,3.152000074278553
3.2184284457768877,79.08056235168249,25.16588515502033,50.45910809270726,22.786776731546702,35.54511654269187,22.374498789621697,2.7436021806627444
4.095208884224098,157.63541354715068,34.208088793334845,72.3935028757327,35.250009100786336,71.65347162622963,22.41541658233005,3.557593731374125
7.8741416829297926,226.79984148827793,17.715534681117138,77.32959630129827,130.16459312419477,12.750960350522025,55.92237706841475,4.411190546065941
9.468768918470706,162.8762647902059,29.00497216470852,88.90962202733384,66.27931445880984,56.78102955275761,44.53655116098537,3.9477543562526765
9.281184180055845,114.58093557708933,32.555319910028246,59.18731241733035,86.46325244593056,17.69148300502639,92.18473168514993,3.8972819922973656
2.1214945020431215,209.90907622753178,25.39582354320693,55.60239854413481,13.552219309720764,78.54911036362772,55.983862260602756,3.8753986596784715
1.073928035248508,151.56203326667736,30.031552992552506,88.52461729230825,78.79999405277614,67.11242010988859,50.67586551645133,3.469380044552292
8.371063683155361,289.96147055704057,37.086923645516514,86.81839008603279,67.29769756665488,64.76967517957557,87.61212759901127,4.30597761179309
3.2380734968993155,125.0779487478454,20.320330792682608,85.9821320878597,84.83843416173794,29.915655011255588,81.6497508657368,3.6002449842750197
6.036847986317748,223.7214693797791,18.377078913853072,68.48321628085256,62.538280916657875,75.22288298807419,74.2491030373367,4.651161084273978
9.796960919744953,179.86943727836993,16.5212075295285,68.97524826250101,20.561908181301696,37.15112391673058,57.461907377113164,3.0544171683471024
2.2710090510346683,50.942488817844456,33.15532683548379,86.0389107128434,16.154444718422116,61.37333081311987,31.120491619328877,1.8187538754171315
4.061130972640122,156.8346377210254,37.513270811013655,61.39004900123926,142.97157596897242,18.282677282868548,61.072711439794574,3.771199140115014
8.742189988388102,37.87421038466974,32.25984065767685,46.74114108228278,94.53461194788675,18.647786693626564,20.418865355993457,3.0335352410094036
6.674815197241394,243.2545598387351,39.41132172843166,89.18922974284445,100.07547807271298,27.459120710185037,58.313117494081204,3.3191575341730832
9.406753564152478,228.32312301135892,32.70276840319758,81.31383504711482,138.1586318832617,29.44045552306097,86.62970369925343,5.195606302872475
6.50133349210892,43.638196243775035,22.212369244809036,38.08295851696029,87.12061064116948,21.378918109300336,56.35116202846609,3.050309105343999
3.383914696387765,164.91757267088047,21.389734471663076,41.185576459285976,96.17739717695542,20.642360323697105,16.162865535004897,2.561124228430955
8.148531752463638,289.6156548904584,31.666734177972916,83.51646291854937,83.22540209145922,89.11279026157248,12.818613868416206,4.349468885603782
7.713005671750239,106.85247066126891,31.895291929346428,51.55976723977062,34.63642450495356,59.91700576726756,87.44399514238448,3.2846055605948394
9.369379940249203,274.16189027839795,28.095308290525985,73.30121853441037,53.61152705353645,65.99593228509406,30.18551282543318,3.8771720328095913
5.02358585602381,70.7950181371484,28.172227051024755,41.480203553243975,133.80758762249883,35.90395880595173,57.31291150153885,4.150557421136161
5.276973227775942,31.782662520459326,25.416035818086648,44.379351977517494,72.14100617360309,14.993863239515026,79.91100635146171,3.1261951573225195
3.576319453435916,173.2407740110222,23.74802573254017,76.10516897674708,38.58093493815704,97.14463604701447,32.788995815665345,4.079605830610302
3.0532041778120664,94.59569315009848,30.851312792635014,88.86104278589787,125.92565527539429,14.862532736945404,76.3701563848843,3.1558593296720923
9.967014281842346,267.39053455476596,33.68793240104357,62.62093402236819,22.222684320329797,84.03638864055944,16.77632958376089,4.455456494599835
9.783927404316996,211.95894120560817,35.33514334015969,37.36038723130851,99.53424004593502,69.85777885393261,77.37519603447988,4.185398400408514
5.531641398511191,215.46039552826977,22.695920495982392,47.88743619342244,108.01742732595552,46.676891301496774,15.759095598292042,4.245828732333378
9.573313032456447,211.78570875291484,36.443355907125785,46.698552746922815,52.527561989758155,77.19375734630593,34.9425608752762,4.18783501613503
3.8834767522612035,213.31857107155622,22.568555273856003,86.43997127192608,33.36387099832504,78.82591436691726,33.103380186995224,3.8005310032253754
8.57494607870952,231.7210112435108,22.621955389576414,58.053249517445835,72.76098729585833,89.04625879156974,90.22734562112095,5.097640733123207
6.531247499530686,210.8696663952256,35.15005739059208,87.12200416638242,115.7045226657808,59.04327805691487,58.103200601816376,4.539109651430676
7.312128084326811,255.25432440463672,39.23438586405939,82.27715359165981,134.1368181098473,29.23364909340887,85.87680557728271,4.607456520006458
7.322927857840307,180.6929769966723,38.30564237408196,59.79435229663939,124.14716578528547,61.532090538384786,62.405165474094325,4.7627553318726
6.540372175059502,124.68582044267778,17.776983316765154,36.367302327075734,25.33408772651853,18.938357964914793,82.62145792963868,3.548272700010974
8.59711610754107,156.04873635472885,22.211915358933094,88.51227854564542,41.1887218836453,43.86060898997667,59.62076017169958,3.7452614202701273
4.224125881243807,148.86345864865206,33.9974131465286,35.5539287872929,96.37800291090826,64.93298884309773,50.49221834998529,4.348700569796397
8.567295034149351,119.77670230354705,35.156089896064415,82.08713194295211,109.38741555821699,32.669841159705385,69.21793806197766,3.8151416372683924
2.2424440572452116,142.17639307558937,27.606663226180444,57.72775083859766,11.223353169127755,87.85744739753211,35.780402609742765,3.141959901165186
2.3996144919005404,133.94642298043,15.402569451012852,51.571991418833875,29.960322043725775,97.84466608014064,92.68634380586109,3.2675472064801743
7.31476059372403,60.007875794306095,27.54618933293767,57.45653355356718,23.16236711592092,16.831906319225975,91.73230512988602,2.956857975567858
7.62623395811208,254.24912128605152,15.778673076728992,54.630019027003584,57.75529421565969,28.530340860174707,16.545958667390252,3.917981307377933
9.071860211241889,234.2457474325827,22.0348861198637,72.90155941598996,105.31232272683236,52.57104432818048,92.51091191604729,4.605977370847642
3.1094875956449153,121.1354576754169,31.421501259112052,66.49977241616043,142.04718306704825,13.414728336272887,26.367848105588266,3.386713430152323
1.0326597976712044,285.18565054696626,18.365059991456093,49.12976692207717,22.533263230746,18.363468865489605,71.31457248565732,3.6607960065169816
5.320981391365498,286.3278859791361,32.81223859288539,64.01256322986649,80.85278815188468,91.05761112489344,84.07939426585318,5.459637000041358
8.815734421079528,261.31432562018887,30.534655909057825,57.272254915960865,62.1453234254148,14.097686005129443,31.71147293104777,4.692626859743792
9.728925609645108,37.93066649232196,25.742355464907618,85.63554407569828,65.7650180681001,32.273582739940196,20.138978825383976,3.3481293344139207
8.649349804444949,130.22885842643774,24.30387629443336,84.08079202295801,19.526484570166662,48.12694361249837,78.05608555342718,4.092910918820362
5.15458627188975,153.4808730284141,37.86666000427086,68.95402506483919,50.36492456106363,11.841329514361997,49.81859605293482,3.3623638487345744
8.702131242674795,224.0533962675393,28.829266547731784,88.09522953118282,45.34383944794061,82.95344205417076,53.80151035175373,3.8713414614451316
2.5327237767558413,201.39933029777177,37.22248857689941,55.63198764606035,110.56181027434573,84.70069912892019,78.56750206717169,4.085098900609685
9.251111686731155,213.16222566913152,25.311056335326022,39.838365179660364,99.86016651248674,45.52032163125276,32.8416390551227,4.447555325084892
5.88503662967145,237.1476217264266,29.86600450919471,37.62087671238297,99.08346260253256,28.160555794383363,18.743664463438336,4.038184283964182
4.19895406511997,286.07756584865996,38.86521754575472,80.83948789156032,82.6961554116041,90.31222326133587,96.19657516547106,4.992696255780921
6.025591230561056,178.90725915751406,18.102149926445193,56.09198424341542,57.891926315471885,71.0700476735364,72.9693232012236,4.362211339253714
7.9480779937383526,274.0914654123326,21.569516642863093,82.31505838619212,44.13088682226109,57.14756021218871,68.69211204326635,3.735157944275507
2.78115437126528,250.0010989698838,37.91734857892362,60.230435443869915,11.579731864911764,45.315802698755554,39.96479767806831,3.4373041301694514
1.4678581263029908,121.23954704436765,25.550110305283447,35.61454817600588,30.70992629260174,58.53491623779561,99.61354186418242,1.798304654814068
7.464640984790723,249.69102614114772,21.800884708981407,64.07566234480272,40.783415700379294,32.456038540359536,30.028971913747494,4.110156711867499
9.548455180162769,61.68322343272473,39.93349278925699,67.70004030596598,146.5788946232614,50.46400690194481,26.028895868044764,3.738890651163651
6.551291873755276,72.86509845547637,17.555232702442588,59.83298815406939,145.86323189079445,71.73079501476761,38.64555504215071,4.741730989662479
1.8545428138571343,297.9421910831231,30.28857526517799,81.09188532878568,117.47326252592158,47.02229783408415,76.50590863364332,5.502715181714787
6.612161009842039,145.74592233107455,34.70186340249607,70.4204487303716,95.44564333262954,71.6459115219723,31.330931883960595,4.428517050900146
1.6080049137183927,154.36686648076102,34.66847494944447,55.06065799839858,103.63317660177188,76.48530092696753,38.148532455627944,3.2729279706526473
3.383485153689163,286.7783342601331,26.04605048102769,74.54513134203104,94.07686747407342,77.8340723030889,57.66645568226356,4.488565490302996
0.800178161390181,127.69674226411588,16.0990258551142,52.57873903061662,100.5562200308978,61.226013435857496,68.49518351813447,2.8815036258693643
5.131265428835051,93.98098129724468,36.025677263493954,81.12011994374805,40.69316719880005,26.594918175252886,23.42945136432977,3.5704048242521518
3.5528647623250613,51.01186910808408,35.06843685638888,50.40570375693341,146.7382683294731,73.05037242878012,68.91752878416891,3.2554706453540314
1.4264579535312716,171.10734659515637,20.934518808777277,71.66360933199826,115.92939272299353,83.73529529815264,44.29496632492336,3.9220314664068536
3.4357593716851915,83.91606862071129,23.513185592311338,57.830062335697846,42.79412192555538,18.485995458670324,41.15397149274229,2.524564207504587
6.651916134453548,47.497629373783695,27.814808277876963,40.56508017706112,81.91071154627386,90.63693759933672,17.111622537374753,2.77823137170289
3.2462747772544724,249.5287540519598,17.8535926915865,69.63376203177542,120.49042344396912,94.7170622637618,97.65651540544347,5.082868155185442
1.8591851152328351,118.72116741223132,35.51411317748712,56.06795931814236,137.56241504843848,70.14123458119326,72.3808491946489,3.925781045332122
5.675575917744897,186.43534914766806,38.05249927768107,69.88448689048747,63.73822994142659,19.995839533856206,18.98930946040403,2.626871618979346
7.6556590705715895,58.254322740896335,22.70485828473842,64.69469689514281,77.72223945311875,68.83217158699918,42.961312782188536,2.9308102061115546
8.386342883961351,166.50731092371532,38.10073663339614,37.28773186915786,53.383576939164456,42.046156777755904,17.206111869417366,3.545697599221419
4.984922574574867,200.59683038287884,35.02173780439709,46.27380558379575,62.72110954452505,37.32810107018014,58.73788861916027,3.7567142881906106
7.255187998775341,151.46317495493253,33.195636100091406,73.5231595473659,41.8793088667675,13.308760943336301,73.01317729905684,3.3734336113103445
8.41661361021897,121.12009043238699,39.22884285016499,60.721071016477055,14.18763872203893,75.2350677942956,15.089690819166847,3.35745791829304
6.892447690431394,113.9578592878195,23.116254042076854,60.65581762278835,68.28631164477491,61.001193840124316,92.99514689653478,3.198571496048844
5.50907834829141,59.53361328420495,37.891069929599226,35.13192301052505,75.88100308095208,50.57137879907419,43.67216297695419,2.6789394885357924
1.0694239878385772,61.23662662670165,17.460089940223064,51.653900851166526,119.18556775726194,44.981956838584516,31.13139038556238,3.2583132779149553
3.2553265586603537,163.83796398303028,26.950353757881707,71.82062797623976,83.16701879124356,47.066700033189385,21.68704172901416,3.5816865129792883
3.538243995734403,67.48389854888678,28.800281488656122,83.78434489498146,55.69561140867242,50.77851894557545,23.106424500443456,3.1402236063582176
4.252606883873752,90.33172733195683,18.0702654266375,66.57038857723293,74.8539958318952,52.97397517009594,86.48168990340041,2.958092494004166
9.533480681390973,74.50077155473936,33.43385015162589,64.7354919554526,121.45859283711168,18.791254109503498,53.20447969171676,3.3893818583862427
2.4843157523520074,246.67077756022965,26.879474095801797,60.86731201169648,77.33313305466228,44.22889046270987,81.86039589855648,3.579309572914386
5.644771654569291,151.42360827141354,26.38851098771749,72.31646181393988,87.72562152490332,15.763302020128581,30.43702987828394,2.9782330346383814
9.916572013595093,179.19917347780398,29.53599164607352,78.89721391312884,34.21985223247219,79.83378093440338,38.615744696810765,3.7647756259492584
6.378548327416252,187.39869997817237,18.367792010561462,47.13760445784547,11.068939756240525,57.00155014670049,47.13532925131022,3.6563890667098775
2.4846518749427258,137.02391566052654,20.000629007548522,74.26870293118952,140.15473034837717,81.9563667940484,50.90663150518617,4.133599648400626
9.621813851892023,110.5763836736984,19.517110670554302,48.4120140690729,47.51508225909541,48.63880012726529,18.791136853508643,3.8520540513203594
3.6947803560112598,133.26028768319418,38.798314936439354,36.74857648332332,58.66050139838498,23.778853664474703,14.050236996366655,2.7511436679295262
0.9547717411869949,174.40226330335292,34.32974707039453,39.10739341050552,26.078519390832742,36.961799075588225,99.63060512300596,2.08871452470881
4.597936790866964,126.81586035478287,28.22992438323812,37.5597841829006,81.81971601538437,31.04745884512006,69.98886964601233,3.7569467074104756
2.786229113662957,66.88629958252734,31.48637828432239,50.40954559701345,113.19383850556345,49.59135419523297,14.929264591789714,2.7759615758699905
8.27920584440578,276.69547437877935,31.249452653506474,41.99453154267053,106.04939191664685,81.0019767518612,79.53086241717482,5.108267229053857
2.5895804253489265,227.74968531132873,21.558625252812547,39.68622252812318,129.78429607107333,20.496974728014838,42.50025683167201,3.2401895988173086
8.288613211259221,47.89286232561452,17.16519592284435,43.1172954946658,50.11981305615774,46.009015718014524,81.68143735911364,2.8915338983223493
0.8436246570806921,274.538986537648,28.873469045503157,37.10090662507113,54.052859233467416,18.26120590419301,95.48218650572657,4.200234980580273
9.326994520228501,76.02560130497861,21.57606223284054,53.89534098746992,145.180296015909,45.23104151574649,12.39158892929288,4.206850954606426
0.9008385044576286,56.38714954286816,36.836791220303155,80.25488048394135,73.9239717130786,62.42701945260026,96.7863469713217,2.749302158612734
9.416128517876421,76.76856238860745,20.90132610517063,65.45782209126999,126.8319204675968,16.207729921994083,24.918474085477694,3.757208320322322
1.2000671203992135,281.91915452806415,29.321536879882323,38.573164088050476,95.61028560102507,15.997765217745608,36.750931084069165,3.91127854179621
8.789544224305018,89.74945489895018,25.502322547476215,55.62078041132757,35.32107209148208,75.7459100395134,66.42508122558729,3.3888326270879388
8.39765435767232,242.48781993954125,33.57257067402935,58.64090752243075,144.04134067338165,46.674798254180466,74.43356944081398,5.3259980113477585
6.147026457270397,203.62032080635947,38.76865543133327,44.48262902854374,55.42199068196177,41.62440420676042,25.320820478181112,3.2861314155188266
0.8418677986239689,169.92023115880775,25.289276741138668,55.5156532837317,99.85081276682017,71.76877588564295,22.314353300170957,3.488090734458598
6.40085666431134,128.71028203412266,16.108863187545992,53.52152677010431,45.63219075596382,17.628701559385107,35.7891483758266,2.458813639944403
6.369540997855171,55.0922085915713,31.535784778389953,62.15945934002136,90.5935354461387,87.37434676359422,39.30393854291487,3.8273612181344925
5.793376012283111,221.87679000641876,18.229621832061294,73.35106862640066,85.75603878090284,79.78834096820215,38.639989790748594,4.264660556134046
6.499492928743847,136.59099820160432,17.61253760564871,61.3360325737063,46.54535154258922,45.06802865586897,25.418062915338957,2.823633226336395
9.697020330830288,174.446257845706,31.53895340817265,39.06747281272939,148.42792381067608,52.18366956984685,97.37268336642371,5.110429674204231
9.957318852741183,43.975690309670256,17.57030838682148,38.03757882395888,29.695692769085284,45.794399689567996,81.8264859375322,2.819992806944321
5.444710163135479,239.50321405907474,18.219428293935657,83.83776870866258,72.02175591674136,80.67071917958523,98.20185869625853,4.146522724077605
1.3721059307477375,216.91330848104553,25.977018258011057,73.212023487642,14.392848350182732,12.60945449039058,19.329192393189913,3.684674452516718
1.7727059146291904,172.91109987659183,26.308152155849648,71.14485914587253,105.58116088612593,70.42497859946691,16.802011327101972,3.878412283939811
7.343333353730145,164.00300553501935,37.84285764833626,85.22607024528173,74.69450268441008,37.22929773933864,58.23770951013376,3.029546039112361
9.828654078619124,120.99830562644009,21.903355324883215,64.78282252791139,88.41295828712015,80.15924096492925,65.30210898746759,4.556688300675013
4.642524625453503,122.44905175821437,25.023377693147545,39.05478220473755,107.791008019421,98.55179534501835,67.16413807888173,3.6857159732917677
1.4313680861606641,48.48579803446183,32.68802565892612,74.29115967714719,116.96122375500651,35.10804102554128,18.39313507359223,4.374792741315824
3.8539232487970105,215.41267031410135,35.67549840535479,43.92497492552907,145.21587676915703,50.1266565955666,85.9416249804292,4.342044674666967
4.157597632644963,42.14269585847025,23.7280091961426,71.64069877884626,130.95945612223738,59.28317289997741,54.07422496823399,2.775924328501978
9.967655671910016,30.383070420948233,30.776935500452016,57.03892228224703,55.33265740329991,59.594416727631,43.13250495149143,3.8987382377279736
7.022541856296678,38.36492014586099,30.604647183183097,36.55241950091738,111.81706265108579,24.091360103324504,55.39942672878791,3.25043185954037
1.6197278176720913,84.93081737710827,22.580190556435753,38.05412590231283,20.63501924204003,62.49215489712059,13.64141299353664,2.6161308804829453
3.70222881095295,183.95284299862485,17.96552987238228,56.59486415111843,29.068960027326977,75.15212621310461,29.356891469035737,3.6327858036444494
0.9613077687397955,213.91298425152203,32.062927097500705,67.6998721090969,74.34576640004856,94.96256356129832,99.86410261375882,3.491308588103997
6.7040748270587684,143.59936330635043,21.701701697266003,44.399346675198935,74.3474361769664,75.28421028547965,59.73032238303766,2.890767931521768
6.891023054332134,140.33244874491538,22.95705907129006,40.871243517468734,80.80509139995516,64.29762532125673,17.068681823920706,4.6237083601975755
1.0462190782021767,185.73218985849633,29.308879343366687,55.69267321447809,76.52758119662359,30.992569511783906,36.355185766804055,2.813701803638518
3.6874394423382446,191.14344335077863,19.020223482038325,79.2299400691494,99.79301508656955,18.812814328176277,26.629726326008246,4.623827907820383
9.076964485901618,258.1493475890436,21.037457468157907,78.12030350906925,143.60836262180132,67.0901168206546,93.22305104736412,5.594049780218323
8.354752285710642,251.15380458585776,26.151970423655182,72.62770711329986,34.17647827194442,66.26644523454851,82.5589352591263,4.610463641465514
5.9550194132065535,252.35207523532773,36.96208197709241,58.394624660465,60.044744527095915,85.54229627179548,59.22132117832337,4.114315790407298
5.103921924508734,257.9266553898627,34.30640311654734,59.306568022975,20.39716672306635,50.149187039909705,95.66035009502302,5.074194958352549
9.93209316463643,267.5542314958316,22.93992134075959,47.42691246870492,37.99764721960585,25.483905776465196,43.55825083907642,3.930924859717243
7.360857815431708,179.9355327437926,22.551722168060845,42.542837551653264,148.22271395744676,30.22540812404894,87.84709301828443,4.31855805136678
9.550034506360216,190.695134260851,39.6836228023097,35.87124349383262,15.537940267439097,52.875901400241105,52.07878081402809,3.6924762869445824
1.1800595363552415,226.3510192463055,31.334606834633,82.30825226347264,39.914895238840714,38.084739845679124,86.37687711738482,3.327290732621134
2.5154359854062416,83.7320400168305,32.13835081081517,62.29015362213231,69.71060462245856,26.22404217710245,91.06194406752563,2.698966972950272
0.7955548395763605,127.32447811898503,16.378108134685224,35.16736404436795,50.97370861814404,19.706614481993327,51.66680244673199,2.6107831047731582
8.745217339547166,276.4163047672039,17.62431334330753,64.10453726581414,86.3312476234408,47.111582875551065,26.020125761852796,4.953279889237246
7.09519869107064,171.14585626734825,22.361340875092242,49.20781464173307,148.66252129395588,40.37664629851897,27.313646935127192,5.297764550044871
2.187690702000305,43.982656838865225,36.05027805856731,58.504945536284495,108.55065888464382,96.87479230628418,35.9976667738935,4.127019060253752
9.754810770700209,139.5011418385534,37.76673324059272,71.98260830290141,66.82044826914222,87.07714797123815,30.064711081615847,3.005731669958014
9.580073614839687,73.41308487411104,19.77573364868797,79.53593239932619,105.61114345303886,26.514226742055975,44.942828019759496,4.084464636589781
2.633679146784716,126.19745270502837,32.85491918064233,73.52649885711008,132.11592661224196,77.80180107812625,55.6013013787494,3.5846596646318005
6.646592653905749,177.14350927966146,36.85344077822884,84.2964251015762,42.060392753000485,53.21780517473768,17.84022514296136,3.076532802900759
6.846977708988065,166.38682847432943,36.972522612022516,47.91103776707729,110.3701237550059,93.34887755490058,91.86788968250688,4.0780681428439856
0.5381591727037649,162.42663814716886,26.470181624320766,71.37618303343622,95.95304646120198,64.73846837132027,10.218865028081634,3.367420746787869
7.043408026550745,34.95151581084394,21.469462218261043,83.94071988613425,112.73484100282519,28.359408506437845,22.44613112339855,2.820203276572487
2.6027318503345143,150.17831714950466,38.90709874057163,51.967495291860295,21.782421348426055,27.637144612122235,10.756924843463299,1.665902570751765
9.062528130717473,37.82021716913206,21.914578461311265,78.96983827210028,112.61182509722282,97.05692620263882,98.78754307470616,4.592196727215692
8.4658177593154,139.31240945409206,21.31737652743101,86.71185634663084,120.32360888807544,92.64487961466503,46.95852537664733,4.760359178437118
9.100289054374091,204.68997594339265,20.142072015092502,70.41322844066262,106.2125055391024,53.45732731825847,27.642312214586703,4.50455134266484
7.6967626422712945,63.994203715805924,28.31338651530985,44.03455090148351,37.61367377231501,60.75463393580167,20.680438631994928,2.5748676288822363
2.0666016662020503,277.5286399955375,17.679608784129435,49.34730941043679,32.588219436862346,59.23880639567868,43.33706985953292,4.385903209777399
3.9252659733909003,200.23810228903704,29.267191746903944,72.39891355076603,113.37273181067184,78.7129354246076,97.83091997676716,4.627118109727022
7.234848999070986,88.75163160954068,38.59223226618933,82.63964782747126,100.67917637866724,52.70373317994138,59.38526177441344,3.2923809070875896
3.571587910953018,136.4036703006934,27.624230427156366,36.30661785482129,147.70896730713872,21.036713523120024,41.87957715692054,3.2361936395088464
7.245312869359044,56.164961093692625,39.13368959153398,52.948225331837975,73.66434453839814,39.185509166189945,42.80867650838338,3.238431139115606
3.6935078872397424,35.95708766969286,37.64258614521009,47.84634661048592,42.104305141018166,61.14484353230022,20.56028950897256,2.3025853894972212
2.1884298163364804,277.2825996656436,34.80754166678908,58.21335596124226,117.76109064759726,41.59669496444193,56.53064952462795,4.651271076050305
5.422556274700594,212.29969369532182,30.20143123006116,77.2662781677208,114.79354068966637,83.21936278350809,48.1772981529782,4.724811291946157
7.019163715284036,240.50444739984943,37.01694669604234,62.65430266820368,83.17843627181009,95.31145028068973,75.59660697058848,4.888778224872692
5.413359029186207,197.98666891677567,28.874594804517535,63.50599003548458,114.4468817377492,31.77982916457633,27.275288017357237,4.427027698328993
6.597739333843253,274.8266924542754,20.180032839974555,68.49642672189782,53.4829388164352,90.02314892197438,22.360380252588424,4.399230889418436
4.6614846719911425,271.8980816661301,38.129486871195894,63.36205498967184,40.200845919221265,74.41361524888174,62.33145905929419,4.428223205642158
7.894147625341775,45.702809177474855,27.55474700019745,72.85437370712705,27.653347622590452,62.82599495768648,76.78067176663303,3.591168291209876
6.6746810151247224,81.15689556611531,37.69370186031627,40.88705444537581,50.66690808099513,21.735155081133357,54.77502346328845,3.5629882680829965
5.95876302381051,136.8632714372115,24.828646657309783,36.254063315214026,101.6393151220942,46.985519071862356,81.10297677433013,3.4858824132954003
4.636031297017826,122.09417974608361,23.393107890619486,80.4734450127383,46.18022243020555,99.58172543889668,85.69778413309838,4.2124629289179545
5.589411783310577,171.90458353827037,34.14978309067256,61.339934715199696,133.6814484251992,68.35162658280709,92.49666963890452,3.818807657969902
0.984592356068887,101.96358646426056,30.861136433833643,51.416058594789924,44.966836676139486,63.25150603290098,44.036115402998874,3.2974359715049495
6.833836928493583,245.31396184829643,25.99312337444011,59.986783755429876,105.8226871752535,13.205550252660679,91.39107009755678,4.5173713006362854
2.441911428021501,32.0233389972937,36.96472685489948,70.75503647917944,83.8590560257294,38.879950023594326,73.81484899425274,3.2501174143781837
8.671415123722497,243.7085322695572,27.914415337439237,41.69365900831346,39.61659516243143,53.93402110177237,66.24212188951566,4.919345372007384
8.217265797804735,136.20997467695292,15.319778191692913,63.79863256519259,87.86758377671178,67.74983488081628,59.839684111584056,4.024572637151435
5.515569328963201,31.386452362439435,32.3300964182567,41.08894808910288,143.66263599549066,87.14043445374912,11.774775258568813,3.524450536624003
8.547745148967952,258.7073526140067,16.578916784932026,82.2763148187818,142.1848545594895,51.22616430877626,60.42974340962806,5.0121591189342825
6.872630816251436,150.62371422585306,27.02755727387173,65.93111501593216,50.82316726860454,34.70081118907217,80.10921000872516,3.6497809181880743
1.841970426467476,225.67619360163795,19.801988197319066,79.59727907444054,85.10839666106685,35.315390587434614,98.95308609330753,4.632070380138506
7.537341168977295,267.1811556151755,21.049587462415946,74.65529822045181,31.119827877563147,22.402982472043092,48.98032014019582,4.138963102476405
9.960161423884802,39.26444064323054,39.49537999720806,79.839058799441,75.66499142058795,23.09849164388335,99.11420517048329,2.1933558008410197
0.889284433198708,100.78375395787826,17.836982823883837,53.799407172896764,55.00928770145113,37.47868216363476,25.39797724119072,3.0901500275559988
2.8267346292836217,62.10072937468509,33.94268012069866,42.67044204258379,140.1276399340158,78.99261121720504,96.23799804741898,4.079708129080204
6.178537109643862,56.46274330681211,30.936128172561183,84.03826512152617,98.5754282598731,47.18985770587721,63.06895951956209,3.507000561012013
4.444347306590005,285.3230947862462,19.876067457048276,83.65517613569598,35.889840434990276,87.36101335794925,69.63126329972002,4.060768840625628
6.556783962193108,247.5037324017093,38.38344830664366,83.58000684812237,148.92746653645503,95.4237846224948,61.63121473260787,4.537724872399695
6.070841164818464,128.47579320126835,20.035411278940053,89.40994633835186,107.18456511437802,16.78781342186852,98.45617549939774,3.556460392677924
7.98589994504534,215.56912155701303,27.889617538480692,67.78921247425373,28.854561249572097,73.97405874709483,13.986758879893399,4.1595488516201335
1.1735777413370865,278.2502239219409,34.763048504841805,63.187309299076205,121.93723699620818,17.673929808394067,46.94184721690041,3.538705810983333
4.68585266432026,89.61964334592324,34.089278786388945,78.85320352047111,88.0581745066181,16.45553449922614,88.77090993558701,3.6182472733704136
8.670511002053104,33.82069914520569,22.992700130527943,41.05739846913574,66.03657681686069,34.819232639835235,25.03835398875112,3.023602081573097
3.9462381007961356,252.50925212587427,35.98180916005195,78.06758860295122,37.48441061254712,19.14423024394438,61.26346113249762,4.416139719662538
5.285993650067331,225.12854886457487,39.05241550035928,79.6724204220485,48.909877834915704,69.66746422720047,57.12198669325846,4.266715651364014
0.7049969497895161,73.26946436393709,26.850495611323446,66.74556032386467,33.416078022345204,74.45076075904605,82.66870688287236,2.573336774479762
2.629652003300836,162.20437828097764,31.30788249107288,56.33558946711719,122.46969939324396,67.53378450303296,92.64276520267344,3.476659885097355
4.904723655032292,73.31714896213246,24.11285193859085,71.09248857766804,48.216498404935,61.78211809941722,33.2951504857223,2.8708768432890093
4.290197199511264,192.70574269387043,23.852070775932297,85.32597265288769,75.79466207404225,80.311519296238,72.38296501169668,4.859938116827267
7.289221330646358,204.843885236906,26.742896645492216,43.68803917368329,145.5080032242724,79.53205682696186,59.29191884504731,5.085385065753345
6.312859825119673,104.70433102878118,19.928327395146127,52.11065351319324,149.23800946515794,88.32304217965408,69.65077131194712,4.590420911648408
8.862683960562737,240.82602426762466,32.235038044252384,71.92812480851315,120.7775367886478,72.38762226402778,28.034003672020376,4.635316653039305
8.62032166612531,157.87101420951848,19.139376118788064,80.8269402594756,121.84748828015408,42.02869275735955,34.54060509107953,4.467765998239379
2.791588487279941,220.71663604978758,15.129525052721444,70.8637987850496,142.27856681277314,57.221248596141024,59.486178541875255,3.8753284501369336
0.6675679258217744,202.7490189842869,25.986902594747097,67.4963378456306,121.55520765376183,54.15400211653755,10.265102173689257,4.52081706040917
8.617472312185742,151.70491166986588,16.910507032825837,39.715765966505,73.13318450939204,19.70801700784436,74.47827465930749,3.160930593784852
3.626648208997813,109.03366076095067,29.060969083387672,58.854411871910614,18.443526885179505,83.05687836565657,24.54113769391202,2.2118584922637616
3.7975422377857004,85.16218904100586,28.00922634110226,83.9596084327749,39.17178645604049,92.15684702463587,93.81716682912935,4.4073235414321426
2.0047505828855043,231.40488875534075,18.431609946036488,54.89023590904969,72.23689751415856,98.59680016643397,87.45464681676619,4.288974333818243
7.083569028398711,203.3247388146009,21.149922200444706,55.95530775442211,47.15742309919809,32.317089417175,66.10160317498111,3.9989462629191217
3.1610347244275503,105.85432065536078,15.611305460151831,54.665661677667764,56.08557018688369,18.607617523438577,90.19519034894826,2.2346403231072176
2.179059460091315,291.11677665694174,29.84882757413149,54.951169510234095,18.250307488764303,19.993766656425233,98.85205511570537,4.2676777041008025
5.2822120400849935,248.79151129367887,22.321654866194287,57.26173287334109,87.29803050746457,82.38672760051656,79.74608457682943,5.133441873505427
7.628951106253703,64.23661044765873,32.82461723060535,77.53503222151247,59.22119643134078,66.85675164615131,66.39692240738258,3.274591685877116
3.061186676487199,73.89212160772644,30.745646991460227,60.028451623774174,46.23764299517916,78.05081297304075,50.43535745589808,3.489267587873188
7.359370509394083,176.89290893576486,24.339689764584378,68.38971017991956,95.45223562932689,91.46767631398136,83.22060702772428,5.159251464101019
4.888763541875178,57.64247863037798,15.543079363273828,59.33311686257355,48.74880752323795,30.364233300463145,73.39922145517627,3.1092169002326346
4.3358408707714675,290.3712614040226,23.004110958163793,83.0608757606214,76.67685108614499,42.767678212719034,52.537599133701185,3.642319588918353
3.9154482472936065,202.2663193811653,23.121594383882766,44.83120698016748,44.496303985588625,81.31339872500446,55.00312096523113,3.3759680050701446
1.8830191705348687,47.86698991722818,23.31762685389391,41.75963016152494,105.27198258950428,33.34527070047104,30.604236381324924,3.747766498333054
3.6600207850676614,149.74114719787207,38.83608594890315,57.42493396488689,129.58141012843123,55.543677120845366,80.97310650688338,4.079569608009521
8.852889540961078,89.93148924484694,19.113990753852597,88.58582229389684,21.439483035802343,49.91056059904213,89.04977047961063,3.2340450714363973
1.4705857824845574,162.42169872094684,21.751489688896612,73.4888002825579,124.77904277699015,63.577464468435934,11.483521995762008,3.5766914969477406
9.603850143467126,96.69688493297242,35.80997381836269,68.89484195988899,129.23774301567892,98.93825826575768,20.070901300694302,3.857731263258007
1.52121701113427,254.58496166301447,38.12893810439036,56.468401096878154,145.08989081872653,19.334350580515885,99.21121686396141,5.039138929380456
3.939300601843861,224.69678660326807,26.707140079461105,51.233358268562064,125.89730851876175,53.61781451570412,26.029677552633643,5.2509818618658235
6.25990865110517,274.77610098086797,28.50121964075472,87.61179343391821,87.33471577314384,96.30881309664053,76.28756274761137,5.345803603189555
8.459493334277411,83.44855597972364,16.32145958915485,58.48057741792542,19.835571631837986,41.30891898652119,53.27584513424743,3.2080229549731754
1.8640367717030377,134.05590408436933,35.200960727098945,74.10967181586139,20.422824681167608,76.65375798265421,56.92160872700434,3.340676859799556
1.8404711285551028,247.4759676946672,29.864009240381087,79.57409792942116,37.53810770929687,93.63433822786531,19.753978082269512,3.8986365619924315
6.469592184286395,130.93858217697073,26.97525148429723,71.16376068145254,72.59396039153347,31.654668098138146,22.40629669731821,3.1910039946014166
3.2810930078453904,132.35386344279573,22.564389552107244,47.7933185454239,143.76154934196086,17.324222850596307,62.01194655429862,3.3504819799528347
6.622769921670909,296.23037971527015,26.094274626677553,50.83910330718379,34.549511120729825,16.812372584316762,43.986677965714584,4.938209595724843
8.295540427830542,238.1330604657304,33.38280079701079,36.26405888360829,85.43162547742246,16.569426178195084,81.77158798755684,4.302379328689068
1.230269854381678,262.4207281673331,17.019353707651582,88.31582082950177,149.72992388737657,41.54687674965791,97.47802862774924,4.891998482288906
8.522694169238935,139.88266575022982,27.670354874118214,80.90591499307959,11.92890798619777,21.359316743754192,83.1085170110862,3.5459236347353205
0.857060885367193,188.19800120189015,15.865951624532837,57.220634659241796,16.57751328001381,46.45232497457835,46.532441540247945,3.0915064806216153
9.038848760243724,151.6494640489668,34.306323627683575,84.08314502261828,47.78773575609066,77.87148199697893,53.39625424598005,3.9342043007664813
9.768372345200302,151.57926657558409,20.275447217290562,43.45242045991449,41.52075313433423,36.84035777166936,24.101921434361945,3.8045551369753734
6.840824423377435,64.47876663542824,37.584692170088815,37.312076256950085,79.80419921595826,53.147636372780234,72.61224897955813,2.845359503613055
9.850425396969651,257.375869878623,26.902364450183974,42.44113092245716,68.86328033955087,21.46319172192851,50.26225941147877,5.010443678971845
8.308922500221737,135.44645709146423,26.431593160841057,83.58806399191658,91.71007402783749,72.84607407471475,87.16453509044115,3.955779790194203
0.9214722512712226,187.09258637043732,24.00879881135967,43.82699181844222,30.590838520340373,38.59073076190476,68.6826663059743,3.357215321691317
0.5362039699234351,261.4093984536483,27.909022517805994,38.74694513833316,106.01797506536192,22.17031887952275,25.348891703813287,3.4639982073486406
0.6975856495115231,238.8388583145359,23.450697663614626,45.205078302001645,40.057119212312074,95.92035011635801,46.98846580789918,3.6758733859827846
4.793116119234116,83.52425380067923,23.998115752330882,57.8284388330034,73.27886365088771,79.26602067206552,70.92540937314314,3.3120509632912296
6.422134805617811,196.9980687138487,19.890318367586396,62.30371532945247,14.669017981671274,68.70949328295796,87.2130056865327,3.849357770776393
5.073982315655026,163.84739410331795,23.63036124396165,47.97544227079131,121.7004803300642,75.06996793092357,41.5725844221019,4.652633046383996
6.93273809523834,100.24108093078361,35.29287748312352,79.31442074159443,97.79498152731995,48.2943088179073,70.25448331246892,3.758611758506955
4.771225024072347,41.031633947726036,21.142270779170182,87.79144356061909,39.22817912517734,36.849798915892016,25.623354566434102,3.5519885593561646
0.9043561295486922,200.04365316611836,35.53170286994926,50.99598870671914,94.24521681344716,54.99879952211316,91.42414441716822,4.179788789203778
2.648583696084696,240.56082701529976,36.53281800727069,86.20981830392654,71.18103682462326,84.27322151045551,61.76528229687713,4.024837308897075
9.929930247744746,284.26397115986947,31.658359880196407,79.98557131609434,125.6774853963437,96.74134186867477,79.17401997596401,5.432397899932314
3.7857064581373168,125.8456148623541,15.767098120029353,83.73111515704566,147.72086384398983,64.47531738336605,45.716630303976544,4.211647453616665
3.5852745085749294,137.7886309145838,29.02583766510086,38.28343222123521,27.432862860957428,43.87236678106326,94.64870663699884,3.589628028056293
1.951524465682156,74.01152021472151,35.82872256970066,80.87230613187195,78.61492558152945,74.63853922918302,74.80961361977926,2.608508825586913
9.877865360130116,295.84632629988135,24.144583573177666,67.22587996378694,46.12321861272084,72.73610117254185,23.82916931732389,5.065315314875169
2.689363555129688,259.38848900279345,22.070557322813684,37.10422203424592,114.9555037431078,32.27178448964449,59.51669858794674,3.90126916194553
6.644852388911607,288.5530068226945,23.034420124059892,76.45077173451486,14.824865844093601,49.19626236893128,34.45767746449334,4.492074725094573
0.8994508524458558,163.7437272938705,25.57690992999793,48.29432987024521,86.2405097117073,22.06122558167121,85.00236049998034,4.094418518996067
1.131487135601874,86.64097373060488,16.754229386059954,78.83916425018015,129.9933333101984,46.205050419948705,80.4541961822579,3.6015623527262326
7.309141124540176,184.75982950716843,20.942127482601762,69.4294026633201,64.50008702642575,78.64739243721006,54.50906801586273,3.167295377200742
6.5340975470438805,130.4648172683966,31.173376288870795,62.07824740013625,127.30557107543164,38.251246925004864,37.173396222992636,3.2936378821657804
6.961542758396226,123.92339631880893,26.812106049679485,36.28609224755993,30.564658305238023,66.97294383528784,86.74182691882635,3.7729294582821127
2.6942188678895844,52.23835668623617,21.183533562524676,83.9321102490452,138.5655934313818,39.48847072026558,86.54358956128641,2.488711770149993
9.856445333961288,49.750287969543265,38.27197893868856,43.11604073741136,120.80334106765821,23.239330528475918,55.4712301696181,3.6653064882418036
5.804564040503333,132.27560930608774,22.388559631988198,80.63321673073082,64.75378765634761,76.72487997124034,74.55312191756518,4.302487066707517
9.710707636552542,280.0736068749538,18.232946821486273,72.84893855407894,28.28788788907363,63.038101933362185,35.695058155798925,4.895477940532815
2.059620253266112,225.21640182939024,19.983709155222222,38.826500051232884,82.85917611338189,84.29118964593981,41.39649043855303,3.9208157068110374
4.348445343492159,235.35081664750797,22.41462016531603,64.82183047649687,103.85967942001288,71.10586965475301,94.96504106381366,4.975806978950545
3.689012430390387,93.25848264292503,28.063976794753955,87.8964571308793,28.04971570458032,83.54729398065726,76.26491538389986,3.322783393914683
7.6732118037056924,228.3229949923317,16.6580169990934,85.75448641059866,140.64440657550944,23.945327167105624,16.490847968218194,3.905579850579287
7.601928642998367,139.7061641255558,36.373551887592114,43.04641028120305,116.778243112183,65.31253058801981,51.19600785019587,4.354694423286084
5.122166036537181,46.03546482776488,36.93691610910548,44.525088368934576,143.228387961528,43.06407309950227,45.617039232821675,4.064760057429493
0.6534060400646949,136.59966322994245,22.958764801497207,43.449875982818426,51.89407163775396,77.18558224885923,30.789033165580815,3.3867517331414545
2.1644542372094726,65.43852260673961,34.382810629586416,76.58959606401254,70.68023616903541,62.20774405447108,99.54476206505736,2.9333632915358683
0.9775238375418065,260.4988549914911,29.99231830959758,43.841466660606805,43.6152955952471,14.876208851302422,22.221190070398578,3.8529480031594394
8.5466384078672,256.87939740822503,36.136100194042484,38.55198094743841,48.32968853182692,58.01913785800032,38.28402833640632,4.706352245550455
3.2528298893287872,107.61661064097987,21.924157498796454,56.46826685782794,30.340137409334773,76.9862200598853,86.38467341153915,3.8038947200395894
1.6202650505563951,195.21902174940797,30.25589351438465,88.1789182737233,27.533037619487146,33.65095514780222,21.904720119195762,3.6756641447193887
3.864637470175116,128.2151239564604,16.81737018704001,51.95429297965902,103.90982149488225,68.90738561551808,43.85250032835979,3.0072767267898537
1.2342485035804456,71.64106707277604,15.236301325144664,74.83298235475309,31.97206591544644,85.68331928902714,67.07733044801031,2.8920611601266066
9.799142781540471,205.3399740803273,36.8674471310281,42.917859308321,28.68091692011848,15.865078936901979,40.320618303910706,3.835084194548176
3.4925750628040904,235.22879369394903,22.36369450890804,69.16302292331616,84.84200150080048,62.022013389741595,46.79386475987935,4.875894870190597
9.364133639453131,239.17514008775333,26.135268972408774,66.96412683404016,108.55973081917718,89.88408081053815,59.51020788639313,5.3704523482844975
6.985922563174993,70.28955819115475,20.79448460280509,84.72952449411223,118.92538490050079,21.377790059441143,95.74182050766059,4.452928244577756
5.878016380527937,168.39619999368733,36.92018640620318,74.41064582295307,91.23346538592301,34.23229074687167,88.3816217403441,3.1952359129415044
5.017221472663339,36.45282644385159,24.61335492430843,41.643163346700796,38.218598115348,66.33316355080012,20.076661069774705,3.024597640146632
7.030111014632183,54.34576435969437,19.47796886025227,57.263996084436364,90.25221524002626,62.66655011275585,61.24865647854806,3.6877057983127366
7.0196156686886,51.88381133305471,30.199822143169605,35.03060011723087,97.61162718354835,81.40565099684024,68.79670682372193,3.9442810129185295
0.599950077227262,45.441514258635316,20.136583152080256,48.25482785127275,46.13363993287345,66.61475875830251,39.31856473556577,3.107522604247582
9.123945582519223,120.11772424561535,21.51724715610717,88.42293524780385,30.227942675381108,61.82605137718487,33.777731856387916,2.999050527407487
3.9956524941576976,126.57349223035612,31.81987636452392,60.065780117710716,139.59109835721566,50.66662482298221,63.79598440897676,4.806963884751475
3.8560946546584574,218.42499235896165,38.9804861819512,82.71677010344867,23.432602989467604,17.042435363642237,47.348032389363674,3.727197149948469
4.3626101668884445,119.06752476821316,33.87024670233265,36.30509663407824,48.80539708699925,63.19794797855324,91.45584010231153,3.236665533916596
7.010186650434873,67.90686712799202,18.103559503353644,83.40318120328769,42.40276158813359,24.09632479454267,24.719899671823796,2.4586706541044894
4.072168492472027,285.65642036734573,22.813930289567196,83.91678335096151,134.8778042172701,99.62645418973055,13.697547635768222,5.226067270608002
4.051395088308427,266.37862907613874,34.909123770328506,70.9387934845075,80.27430749062384,17.06500738510453,90.96546693540388,4.548699022361956
1.1029163564702142,63.54095395901961,21.87868401014707,41.39379978149257,143.92112525160826,16.814467336858648,90.65123855204085,3.510854328082739
4.458095812055818,127.95024899167015,33.50173883909558,83.18088433932928,125.95069262870025,80.85964888582309,47.50931610050935,3.786502502962713
1.9200455319156613,75.38285576594234,26.794811040065625,84.49251437785892,115.68195963421361,19.104873084116292,77.85002198684057,3.730159178056713
8.628097913567913,288.96008540690127,37.11021318651883,46.05756827847872,34.74912862494183,46.45686508591414,86.11436266607176,4.144661269516005
3.677855290374223,126.11394986823154,23.97872738904587,86.70900173885857,58.209527006671884,93.47491250662327,32.94012223353171,4.131746999150872
9.628240281585867,56.49170526784228,38.364286416901095,83.45728317367309,124.83785371651967,80.90942210286713,68.89996545807415,4.574962901052904
7.00301602438633,226.2478768490677,25.18586702759735,46.26820440695518,147.69430948928556,30.955797585184918,76.3434929707619,4.59141832437666
7.683439580859575,222.16372937005687,33.15589277482336,56.66013971037921,132.9089108488758,32.59268794379942,42.17430149335002,4.677657555783666
9.503636223326085,95.07930304539674,19.879863935502346,53.517333737911834,142.7777031999789,63.30432294003995,95.13953119399476,4.760010106633967
2.769880275258318,116.79469974843343,28.26973626321216,62.40245156680537,99.85896878430822,53.77952251201649,97.04373462081386,3.9921714812200584
5.889264212076538,142.0551023227661,22.753375359545473,83.8950155121755,77.5944170073182,20.50717250393983,53.80550880236132,3.1188469160606065
0.8868951426983409,102.27900047834487,15.318163736265618,83.08910460105385,82.06101439764396,24.278260618027453,16.839990261709524,3.1836001787005714
1.457207535579095,107.99968120758753,25.931843885857383,44.66199994590498,74.18885253082237,82.26066986444295,92.70717691030863,3.2370026120426503
3.982575739703485,246.42940584503737,19.3124102805169,65.31230577570429,31.6818515304638,41.0311686132223,57.06769813444,4.024335662226163
6.983767580936933,232.9996634111857,38.964631170155094,64.37187997534244,52.80669184264692,81.91110266895603,22.494441917555257,3.637468705682705
8.401089222852576,217.00988723203133,35.21471920674857,59.7719056864728,22.65237251382367,27.084456545709486,75.88875396608366,4.169403204154619
2.935839923497992,215.42886034810917,33.48812813803701,74.30903885644662,22.39842268986243,63.948927569577634,71.84382506249194,3.520104945909718
7.616233529557268,170.9081212792459,26.33330079240474,70.52833454380195,53.656829259183205,55.459785523239944,22.58724758109594,4.391770840829476
2.6307659957564744,124.74874504948593,21.47762060427039,50.130913810653766,103.25761900443817,39.374692911965234,34.73698900632163,3.4585977770222724
0.557528258105145,224.54713527889896,23.109076257472097,54.149428090089884,95.91940938252222,64.77193348409972,87.78351818915701,3.90823000125335
1.016923737079476,61.41928913444163,20.109104087610298,83.86025538434183,88.32482876330201,21.20813584211649,97.26267076628588,3.152357780451387
6.062806916654353,68.08903640580687,28.797216515979507,52.91745434459994,114.85051863689064,87.08215625839617,46.47268630232041,3.343386014465846
5.2229016878959795,64.09160614535509,35.28190998921524,59.42469242158852,69.17682381026601,76.90450107865341,22.112760225274783,3.965508547852693
3.069039665329606,227.83387397258736,19.68527192582384,88.5093164095669,71.8942635839253,35.827599336483445,41.67820854977076,4.016299262200078
0.5622046567268526,189.7160387782022,15.113686238393324,82.150446884954,82.52257686409047,62.2136594963107,55.685556771301776,3.2706447675569024
5.896098317907311,151.54330242958883,18.140162916929288,73.4429616432866,19.3226756419472,91.19520138790189,37.03815342299728,3.3187140393367462
8.267263049881691,158.58246218577648,26.52330373307592,51.72124966679774,91.43689730659543,48.00743116681355,65.01702292649256,4.234494306417166
1.1511763402720956,253.4410183362097,15.464900789811509,69.58124950512577,115.03351150401716,42.70074489628322,10.71311800358329,4.594194183763098
7.496507345241172,62.85354032091215,25.08169693871549,70.31111253770771,46.909933073434196,81.9052407152163,83.48287757270063,3.1519925053644817
6.5281547186586435,133.47595569330673,17.778951853981347,57.63591779154936,129.67394299859663,10.106741878198168,86.01905523336558,3.8975955098325468
5.053870335910782,235.2448754851816,17.69416047236391,36.98651714863705,47.27029103540213,71.77359124843314,80.51545885141232,4.020509943659301
0.9592428722724957,207.616630054189,32.8152754216018,55.15906617809674,81.84989005090586,29.422545509445996,37.309120200712684,4.300196589063546
9.273928455726809,147.48961479902778,39.98743023391377,62.94734099313539,132.4264063845289,72.48222948515986,66.9134689739507,4.807994644341577
5.035689394804056,90.57212660037342,19.862040467795637,87.25781964750732,113.33799936436203,49.4110904048523,42.869359483317595,4.364161925624751
4.296266128371439,285.53912759233884,20.739727928661793,75.0122797245206,90.65783999553436,11.826570254580039,45.034715392449506,4.55674407339022
8.684016319833482,140.13822797125744,22.410455846582543,40.935965879713535,97.18239846827966,88.68338657450379,73.81902378986545,4.869762849175058
8.53299317534551,267.01545105396747,34.627733544960876,51.578226701126056,25.24411626245365,59.188578166150634,85.91865759476353,4.831772046351495
7.408979053500226,240.01422960898444,27.64734411266282,63.69261351884231,107.90498732239512,38.22411186766713,84.78924730708711,5.190359368378907
8.37891983755008,262.6131089127809,29.266925319608642,59.81134015425491,95.6696088415223,73.30416741281186,30.797881923461084,5.216952839607413
1.6811205693379354,34.56893844444294,28.66267876040256,35.28174815981144,21.83479483920945,54.63464514714015,69.22258632134839,2.1110460568793235
7.728697773263248,158.89568555459817,38.43428383043849,86.43050011595993,27.403238111160956,13.145373549380679,34.03625470275907,3.9989026532530967
3.6163237883492143,100.0471332407625,15.87132424339761,84.72218835477668,145.9407686466673,68.52307608796755,66.55966212986976,3.825073508885143
8.741200537948638,103.98576591081317,18.94789013059007,85.80595137415577,34.935609486229396,97.25784534216208,43.048435894908586,3.699030670458817
4.017198926875162,102.85688702758816,24.552824552622017,58.57051673470159,135.40822383551773,29.97814873385223,81.09628386161778,4.327871610169574
1.0158875451407168,135.11469139841074,27.20077423651998,80.83565288106428,48.61674341907244,87.66334851033729,94.37214471260954,2.866625438850965
4.436612249318474,140.89024636135545,17.848422746944873,73.96954989771433,65.45700421695645,65.88954221407158,36.098300236039094,3.582854527036141
7.689381833225433,201.1908670000267,37.329241483597706,63.14597184838814,87.76850068848849,17.010854739969073,88.19328934189072,4.265815653371841
5.258854579304275,111.09842913398049,31.946472776414893,39.24226983177111,97.62155852619158,75.6977481002381,76.6000492331798,3.7378219422022094
7.754522162185199,103.64982945397693,38.306083946490716,44.23185974230643,79.68907296228933,49.73411389425902,60.942086785086424,3.420607419721795
0.8351005382280167,127.3642147161748,38.52003099890379,48.10282088826065,58.781274500331065,81.43605779467144,57.2472944674939,3.6717306112791364
2.183059934209776,215.35891309258483,27.813326360059783,84.27508764509668,79.8162337200592,67.21710052402699,38.73748776849982,3.7178130635950706
5.854275344906543,30.046217418613583,36.32520596569999,71.59525315184055,108.0962300562824,10.250619816388733,28.29565570130778,2.5059996946644683
4.1604806615525,231.67054845121731,33.418864791087145,89.0667045794806,65.50763078844079,21.36674858164715,17.504758932997166,3.5626330835533015
6.961669564866898,121.52156303795874,24.01270429397045,66.15375895835999,86.33443074590616,41.719565801247356,74.12040823531864,4.297319138804355
9.644265214644008,185.58473877772838,31.43373199490993,39.65875899284909,63.084255090414295,53.366888578061136,30.01970973579283,4.310330560085234
6.768688626654883,235.6110189044111,38.81868545632742,61.27697444109505,56.189747980690385,93.89145585317058,54.58489931130322,4.519938269745101
4.464947501384698,167.9254952609854,34.10022593961814,41.14814491962027,51.83460465526794,83.97749871157295,90.08334205023216,4.1575123089149715
5.652458175211737,204.730837103363,32.735302966552055,84.57498011180337,41.35355821154255,82.1453912438421,70.39957485429116,4.121624253039336
9.17185157611362,278.38399713593367,20.54678733551114,50.313887876728025,116.50780779049093,58.5618755566992,25.23113144276055,4.7366225819475885
6.893397843291023,38.06389354658796,35.77821227253645,45.84984392895678,147.74550704211475,18.357733465601466,76.10084491083653,3.1205135169090585
8.130205228668014,124.37278576697739,24.741618824039207,63.13973827489133,14.059134353444222,77.12267605162815,29.335049285933643,2.8886872002611494
3.364424886464568,280.2506230108236,30.601947946481904,79.38977537544244,37.448790552934874,17.789348994349577,80.19184963516125,4.0349328234024435
7.571050989963589,256.1060540201425,31.943177562882124,63.069141712344575,144.9949728091669,18.23029433961471,16.99409954737702,5.237026264186734
1.8245980087286868,196.5435549649254,27.88103566680357,37.10191270738578,57.84852799475941,32.95773658253992,22.753823493795448,3.56776545855321
7.622868355849566,91.91179687746899,19.13963125382766,75.86255390663126,64.45643398785671,93.03073615874958,94.07713395391018,3.7791644263420334
8.874806631623033,119.24392024054616,32.436406325995236,36.87392347760475,102.8154893411115,77.49269066279402,35.22561153841255,3.4205448203841455
9.052208437007506,261.64822159198894,21.181058100631354,68.24081135059433,59.37592641910943,16.89872960975315,23.55722227156453,5.520532688581019
1.607605580000153,218.53329346613165,21.634114111902974,68.93134090100764,78.97806373205579,92.70194090332366,29.341705455013305,3.7502928892515683
8.383879499450476,107.12556200847071,18.169787385891848,46.4685666482183,136.1007354125508,80.50376620972848,42.49897596594586,4.182050588296445
1.5443969662963484,65.70628548741557,30.498556662622804,59.56164347755201,89.06973347536146,64.32785094474148,85.38542952930983,3.723389834326703
5.0447710561862475,240.80799020814177,17.935143533439067,35.340553871178855,103.36325378493213,21.42658250231125,23.72691282057641,4.167829876742042
6.9839545320185685,185.5806635245488,23.630420620114865,50.602364475963796,40.39172774790305,38.811056369620744,11.41756431091059,3.314468667330346
5.100366559361618,290.1283112751665,37.238054955336494,69.06431774412361,46.60332884053049,37.06136413417565,87.84923305961345,4.735643485943856
3.7291412209963983,139.75261782520647,26.326650741996076,50.62931553628513,134.81806078874325,67.6042426264992,36.96928170919631,3.615004953248927
6.996300996210625,124.23728021417347,37.362617913676004,37.619703774560165,138.4615318601556,62.90826593101068,16.922542747517774,4.688733711296485
6.778348363515493,108.50415859916744,27.317924147577717,72.08452550896769,122.97708168162804,34.9516894399759,12.499004255573599,4.111666005710933
6.037480224072888,160.10763704202145,19.47084520888538,75.83173537373732,27.089141673829186,37.99893159031055,90.96195802245036,3.472924485743249
5.520072315378953,117.13700346733688,33.97289241968907,82.46424519094806,124.59454828326811,56.65975437902342,57.0826352958586,3.3421954328149273
7.204529041662212,49.76146194250119,23.836185965552673,83.15502791371304,12.691881762041426,86.08659372406821,64.94492276055351,2.524509401662937
4.32885203866094,114.27484563106013,39.1602651247448,62.29742511205221,93.51762357981069,21.360253171653543,65.44504705797425,3.4024997624035365
1.1532983535522146,89.09920199182687,21.55323063617547,57.40474957452264,104.53672861053285,75.3164264195095,56.99744535185072,4.276592962797103
5.605817846816624,250.15394899521087,35.55368556470235,67.22258520352835,69.69636845770347,99.61068011319593,79.23351517524178,4.704753102067577
7.372827746316448,93.60998394382236,27.346508764352897,78.59679994967689,77.0898845990868,77.4759592064071,91.5477402000274,4.077606417566177
3.3420191223526348,153.89532417511293,36.05330665090967,61.14326972740515,113.85890330862438,49.74140036190323,67.69696028222045,4.119493482263489
1.837135812291357,211.6393254378694,19.575905770824082,89.73417319630903,135.28273144565392,75.85071127662006,85.9495726155097,5.563139174434896
9.16249134454013,70.29125563776043,30.84171207222255,70.06335871533685,36.507291331794505,87.46178242688723,10.865423577520929,3.087746900511811
8.705621815088861,173.4462707977084,17.82964147589348,51.945860987472436,29.387857587070098,79.16500897610258,53.21693925468276,4.439414827778527
6.375125083267532,258.7404769424217,35.13789615560475,78.65400123694903,98.19889043881126,11.148175176120326,64.3642816263119,4.315327032412824
7.972767960188724,187.70180297684462,20.891340637524074,43.29214633680543,42.306343747171304,21.834416354901734,28.110839294927146,3.299710295748044
9.703650490357006,160.2443385216836,25.689386953636838,86.46829344077332,37.19145958503824,19.6428349664366,24.42672135202112,3.5981539574173977
5.907960316904988,256.4973015704883,31.399386409801398,53.719356010368585,38.48878689962933,12.864335104688315,22.261935018029853,3.870860181584406
2.8197260037032286,285.7580203922956,26.955365729240533,72.67762141906132,37.55739984218777,74.30707013127679,35.633807759648676,4.601155747076826
6.568713910059902,251.6660578389316,34.47242329299766,69.3919503930639,76.79653614420147,34.06361005925463,84.10699612746842,3.4601005985680375
9.188639922954312,140.27055112220373,32.20426274063568,40.273019829612934,145.014592202432,74.97609459097934,12.488388343759631,4.384623803540278
7.05640791328556,195.15713394070923,18.26014383599233,74.6890839485846,125.9297981597678,69.94885957114366,64.21849986592318,4.3900287078469
0.7492837159193297,172.1932576581229,34.33657027513466,52.15002713614048,86.06698300162901,57.12500386915273,16.133847943403143,3.053026369162751
9.212759736693899,111.89332812471179,25.58705787203143,55.964948913911634,21.363135417536085,15.37428012198767,63.38766750857726,2.7295647274847794
7.659914924912695,147.53643481898172,29.9439431270439,40.308845414825434,104.21040399353697,37.47756004263687,32.6987055557186,3.781547649785721
4.317394627275281,253.9020304499173,20.414329990975794,79.5546386726883,73.15994391227748,12.44032743641419,24.16082108539782,3.886336952700906
9.881172948816126,111.12955757409802,25.577289809414054,82.3149653657937,118.97039066951159,91.90182170988913,51.92494961209522,4.2009431047493955
7.355953661937696,270.1804054212156,35.42902797262427,42.38470257057589,79.15402868448643,37.7770254549246,30.799570607307633,3.602071825900703
8.34169027743907,297.6859161861992,38.156534260405074,79.69367596228261,103.55832336749336,18.545459794814008,44.04403793739972,4.785058547667866
9.46008231287345,112.82716984858224,38.467396060012774,84.38997826898,38.00693452318656,10.226630471695602,66.97456083123137,2.79023920211557
0.8759954148501277,63.139274749066274,32.502220974197016,40.35118479227611,126.65016064503928,65.03613986915659,94.26069823286043,2.5789480287460735
7.856988518348447,288.4370741909435,16.97275962149608,89.85853508494279,119.11936856778408,65.88721446780777,65.60392681076218,4.81585527847594
4.170291135899118,76.18759311253612,26.065832672357963,35.25026880284349,62.362036099181786,99.54327633793005,55.63613958845977,3.0376503474207697
8.75621262253836,238.29522841276787,19.826779712096005,81.33231273523856,144.9101816153822,35.97482688199979,60.130007706448325,5.006796024379041
8.849510631365712,40.56063923501449,32.44036411408257,65.70598879403693,32.45526860530478,14.187267689991316,52.48836851367875,2.578364904551582
8.371875469775581,93.60257658694162,19.03427856314777,87.65059772785006,12.801856184361004,80.14441195909365,60.652958106509594,2.5174265993497165
7.902405563701538,100.24193397809044,39.43940543909069,53.59549550302139,116.83924316157864,37.412376107752124,61.31596629504777,3.300804162484211
8.045686928936862,110.25345865438969,19.863392096011786,54.846637721652115,94.07940842499093,39.75931365204496,54.29755455420832,2.9855581703614407
3.3172487568552715,278.2120153007555,16.317843063892774,81.22078203941507,25.529029770633226,91.6960904948765,80.95348063524803,4.697394528201259
4.362017958200713,77.33362148667621,36.08867256909329,74.08772993347878,32.33093030564885,61.78332492440411,45.16707844731989,3.500347321590452
1.5930214616790792,76.88252030392447,20.05678221797602,68.02851298854114,28.32303522412881,46.03146835366854,19.769261635986116,3.2429035833248294
8.390619457685334,216.7522329117334,15.600318712320394,70.44115331212734,33.35944149239059,95.5501937123264,67.87469499176426,3.909042352537194
6.637061520334257,287.12561888994526,28.701938446702844,72.54509651033644,74.59702360545677,33.87620453133002,81.64867250044539,5.412415520914537
6.320808793607876,135.1067767765196,39.23084429053206,37.63129053159618,17.134721842887153,11.933012067316529,80.20159924164564,3.0909732474204437
2.837741371512204,238.74473716097862,21.68744118381295,41.478084918604694,82.71411055606245,30.778775508327264,32.691847289421304,3.6371659146523085
6.342842798490105,38.37969097650942,25.21807450305046,44.96912506995508,94.75227389631208,13.971336916236794,68.231887012399,2.9941146043334776
4.8182413892209635,252.49720407790852,20.92917264264858,44.723281377803794,111.83154407692864,46.69726098691068,99.87288774007192,4.65657028313442
9.95505366332336,225.31716330305315,28.94962395226098,81.35986751194619,142.4446480592975,84.79599027043035,19.410856619832174,5.130910448131157
8.69914859100566,272.0862260009749,23.069729263935187,56.69803976898317,21.546797717200576,97.76616162884572,57.047977516479655,4.672552212125461
5.496837378112293,202.1126565553417,29.78408810390068,61.91832375289353,14.922102428262056,73.02888279667135,37.48487001820605,3.7476871822448974
8.180327889337416,284.1608939233257,26.950523327327648,39.916818627722286,29.47940682551169,93.35034183093522,81.21009166806932,4.472707816393107
2.0627975081542136,135.2615005635808,38.22288178937464,82.88261901205514,57.22405858546841,46.7678827995561,39.225492823344545,3.6914475958649504
1.4633047417027147,227.78349007460238,31.75043742143153,35.56449442536399,83.55063999317439,37.243853462672575,76.02250840941508,3.826099222573009
6.491182596915958,225.90233621695396,32.06485142509719,39.5812856709566,10.600025253433627,23.880270571488747,24.440886828433882,3.4027661017531963
7.4044653654194805,102.52412238493245,27.161669549735443,79.6660154828665,106.93175407926496,55.07926294353902,16.02707171396855,3.799254404006648
1.0040361735349452,278.5564755556875,22.578627039144333,42.18283798290663,143.96353928267627,39.424425010946884,19.36920977675864,4.4787821492233
2.4091518363792934,240.37773362524442,22.84908076544172,78.63467563812881,44.96904936246081,19.678392704903757,33.42626325417214,3.166601862972737
5.6040457807635,263.91498155163214,27.599787574320406,54.27296603366837,11.231585491183926,93.87235467644231,86.45628541171874,3.883138956769498
1.0967576960938357,127.89957021558611,19.79777947755695,77.68538451983524,115.45434744344018,21.133342549919504,23.539040368842837,4.5048462404994405
4.528501944695147,257.1387915438051,18.310669731260592,37.769543835245635,117.80704476823288,76.5765470799081,13.005143019591932,3.8007770774930116
5.07975790485386,115.04364437002822,24.309127074373457,53.7694110211138,16.09131442522542,16.1267564216517,86.81147476037573,3.2583156783423806
9.257192455314254,290.38828350012113,18.261886494887857,61.47006377468119,96.42512089145711,57.440482028786256,43.739403104551435,5.099007103716253
3.4989267157608666,36.46572681876964,20.76903961048672,69.41374809982847,43.997561666591146,70.73222786736555,62.98605786810292,3.3904398103069067
2.102350497632827,197.1806377851478,28.37559453049178,80.9921035223393,98.60245247563313,31.10810334585069,17.54186854984034,4.084926299955403
0.5713284578302571,60.304668063594,34.752370194556576,48.445776846965835,111.69299582927775,16.808468370402167,91.66100892395384,3.7585167679733305
1.6552770074146603,224.05795679851198,20.619289675294244,71.2388642556765,41.18405003952395,63.402814307847436,55.39987920919764,3.901312868858661
7.633226988800999,128.19584199199028,34.79161208433993,43.34737400469344,46.50634110787565,64.2616207047528,18.061263051540962,3.9337510281869554
4.726757883428393,265.0729602255862,15.388540379001915,78.7342384021438,95.62040722572944,38.07842490208165,67.04301237032851,4.96994176572515
2.3878879059973697,265.62967794444705,39.92556829761061,86.32716629060869,91.51676634119457,43.85740151748405,42.90091436341624,4.804910294288276
9.363763096059637,129.3842658460462,27.923473773529352,37.60037052865385,134.0633421730605,14.10451888158028,41.80663473732437,4.117752963956573
7.981614025167881,248.6950797796125,26.897183788104392,39.392194201992595,81.45158166207291,36.62097291740254,46.73967314108564,4.671774702166543
1.5864645678235565,213.9069568330573,31.263896312170726,78.31474504851519,121.96743275007553,89.43422275406513,55.73109932456044,4.269098240928284
3.05509487148682,145.17307073650232,26.8793978441663,83.41265179818413,112.48099140714618,25.416505903711005,65.73933690140848,4.029189578345036
8.56969408399981,122.67383986752664,25.20055715628301,70.65197678242251,103.1979999299564,52.12467049551415,23.17715952487865,4.203014034083626
7.078100844075491,86.78233149668961,24.274582297792694,60.36529303548781,36.84821689881717,70.91435990485178,77.89296669168034,2.5282436123633754
9.482679535492528,47.066282271257464,39.44582526639296,77.2986827703638,48.69046099119903,82.25940324028238,12.44291167655568,2.916338968093603
1.2243696616615822,169.6870295226922,36.53741795809872,51.48401219180933,89.34772763006507,17.303425234912396,72.92555719201998,3.8266214731965387
7.866406617727936,175.81094501038777,27.560264572868483,89.54648262827355,19.23211307901034,63.26525116863244,26.496773166131472,3.041197585917018
1.2259084505138627,149.88503778429225,35.91131550656873,81.63963464336899,16.306914715056823,66.45611565633868,50.2141645314636,2.464815855622682
3.698288389075736,286.6612385226283,18.727234488020787,83.79231584369666,16.974381378784035,27.764322255686164,60.539597313319135,4.445426210993874
7.631353297665597,33.69633166105516,28.236124157360532,82.0185495177295,138.98307690977478,12.776366535214152,68.2641841781473,4.3007243163651
7.254594755399975,259.5823391936789,26.25428078688099,86.30873274621165,106.44299789831474,85.99302085819659,81.1931855407293,4.85180384700854
0.5201193198323117,246.22179069893082,23.122053253364694,38.54720799146821,127.14661075313073,49.60628488663762,56.457686015119556,4.326505624329228
2.4184578620807438,234.86314644858513,37.960998615377825,84.97452699735682,144.87835673175357,15.470134140527339,89.21144366374376,4.403941210792065
7.896449927258832,171.72713434277384,35.81233158341326,48.67315206133617,108.13567896715321,62.02258378527707,95.95459862879771,4.852750483413236
1.6984013698398548,81.39595211614935,37.677148797962644,54.754512271914265,82.14498105628414,43.92216643960301,97.84421739270616,2.838780162259609
3.600599606616204,262.97742956882826,30.880423273909955,55.38136706691003,77.06250721934789,17.218117915634572,38.760532478400535,4.033570847775403
2.2469503155150683,231.04055673209143,24.405530079452454,47.78386227483206,114.4438081056331,35.8400109086856,12.895676240524779,4.826228216963433
1.558818086401137,254.86172788273112,33.92031424533513,59.113421624333895,131.5056148914681,39.41480109773943,74.42170930935656,4.076154443584595
8.44794458056861,93.66264478374683,17.714174379803424,62.80359815010823,126.14625751146396,61.74144831961366,32.670792831571504,3.7277476164673864
1.0827465760924333,179.68124813806276,36.32698949714805,43.17652799965177,79.01234476003572,46.30001842076569,79.0917862409987,3.5301409954849006
5.592474509067778,142.30899451786618,15.719482897291254,54.7735359329796,118.29126514321251,19.629296005125575,10.450049097001235,4.407451194167245
7.080369861237791,202.7112875143215,35.45530960968174,54.14805527450325,76.72210270088021,67.1801876959063,79.94648822035921,3.7013554798945143
1.0471070772166888,233.20407725471185,32.598512608228205,72.10687136302633,63.81398452309287,75.59192694311307,16.312966017280143,3.51442430705786
6.517554321157089,76.90314948014652,17.21151059896583,66.94310981886497,51.6740187654455,55.6572675022591,89.1412328873979,3.599492410946433
3.673622394790764,76.99032267103688,18.674946198327884,74.38600526946439,17.636391341166718,15.701566904659405,68.61810434059419,3.038055812201939
8.418679625853905,41.773856503468764,26.309786349547824,78.11689375084106,38.16275543614279,19.290231456163625,24.554093692006905,3.030465641904986
8.077766411070105,72.43996034940581,22.496872339843854,71.68533559606209,112.20098767245115,95.018129135181,55.703974741844526,4.00125721889378
8.04209785355814,94.84677200001057,36.68231642656799,48.26843796924247,34.039514624596414,27.042882178432677,55.46812329091415,3.04753087047442
4.287303099539555,49.58001635685331,19.820839994430994,62.61657674249055,136.16478777923027,37.6745100873806,89.11347228720182,3.0106445247991
8.314207802628918,126.03655782438241,25.426999027225413,60.66161891263613,21.00157024457716,71.87623442136604,57.91030544039856,3.6417917003243843
6.484829038104744,212.29489971630247,21.511775718807655,39.072760677244375,17.15776271850217,81.26520543811039,59.542922987187396,4.488414716667107
4.097493870364481,244.12974449092061,18.17955408681933,84.1964882662406,77.35154727622297,91.99170282570498,38.709988576848474,3.7629929805436886
1.2663645768264753,123.37039097174107,21.493535453556404,40.028944614794185,41.172952422378586,45.56671792983385,75.56538586097183,2.619620077651908
1.1347796704480075,52.6327224498195,36.49967741414984,88.70434238212297,24.413411618230917,99.30628037744265,14.52683819416647,2.164022953659736
2.8883155271646306,235.03052806277026,32.88750351865066,36.746022110730834,18.381512530907152,19.350147889979365,97.11577769000807,3.3792964949726003
3.34605412279434,135.61959585980043,37.85600025841005,75.1323367362539,83.82151435187507,84.38808304132276,64.56258089014055,4.531193878502275
9.311518768747868,97.88545066459965,25.131983221286355,50.816597640453224,46.3249888485941,34.48955376003629,86.10987609207216,3.1146828012413637
9.999411511755595,157.08656337078384,21.01031718442558,84.7594260303955,87.80729821891111,94.33818293326406,80.29601924817831,3.879894385332056
1.8649015507767128,291.86335454000704,15.657938404572283,80.32175550575087,30.761690075286584,88.22766788148581,29.633719948674948,4.333972564401935
9.456298279645843,130.6127558949472,27.37894824216032,36.37559966405061,13.419364014494192,78.60435462368083,36.016845603110795,3.1077154181034112
7.212130111009878,289.05233008441115,15.993208589890248,36.20728698593791,13.816290398154647,64.33727094947037,35.02101084798612,4.345748262910864
5.236777599481984,98.35567311354409,15.106874679942656,68.17550678419846,25.774198704037182,29.301070491882097,30.296625451065868,2.7731311529831006
9.56952307381459,58.49708520510303,30.117703507566908,43.22753723915632,121.44593873661964,51.57328244794397,11.431656296450628,3.831410834797893
7.280085232052354,72.43827681064595,19.120649222800992,35.77872491531523,72.79196119414844,13.130724227246075,84.42563057667144,2.47975769968972
6.139717960131222,238.92106975738696,28.99447131287309,88.22691322658171,97.3404616517769,73.84632164171532,58.40672321866344,4.891663335327409
2.4905042581876367,175.1555414412012,29.338067557524337,69.80743903091177,132.49852144575468,20.429134070788457,63.20656495665584,4.333175176322185
2.822217542772503,187.11900760342633,33.09597901258314,35.59579701641821,39.76468155903141,33.24594101921737,54.25330537624941,3.20711993178078
9.159266492629332,291.28126715009074,24.578216306111308,61.978587829683164,131.9888044269877,32.05446324866318,21.192723050912953,4.668423898145521
2.5428684213485644,166.30609004012047,32.628887651437566,43.66452561091624,114.38896542544434,80.91537902417714,49.24925997898266,4.100926213248513
0.8069071357992506,61.59564001501663,24.14913658598711,79.28501689589294,112.06253550958088,46.05830290978274,36.42698906608334,3.490493151343534
3.029157429903185,223.99911327719784,17.444677429480393,36.57751560177435,131.90314361428568,58.10868798381268,90.28526919826932,4.23681830114093
5.065279336316198,86.11986829880361,22.749752203221796,55.40038099760426,27.622876217563284,28.77567005270167,73.10873087739411,2.8040097755455244
4.128665226955502,187.01526399665303,15.18918323336496,48.09155773880259,85.67015861443967,40.06919026813185,24.639165138015382,4.069371904202201
9.390128486795533,260.6822666747387,26.5615322914416,88.94801704236096,77.69466504164373,56.07090487661867,73.17255984551363,5.590624974470908
4.476453422184765,158.81189036680146,33.50777918855414,39.29613871459622,102.95993536711897,27.47835005522355,59.353098283718175,4.210594673043689
8.946000532815747,114.85697724343059,34.61868891101365,74.59390224938673,43.31844118882824,72.08312512927036,17.350958688380462,3.5403123823513205
6.14929787289807,185.3975785459017,20.80241799643854,61.29153442563958,27.825676397958368,50.43406404596836,16.259599381561898,3.482318931698699
5.479184387912598,64.27684864617078,17.641078151876325,79.90694339453644,146.2821647510795,98.52853750712741,23.26935984169554,3.893058625067274
2.021858510216734,113.04229519499486,19.63575179900809,46.78345065692156,75.1954134288216,32.18773569174486,82.94476835840717,2.6495809128208863
3.074803180912115,166.1185524523017,39.59282450677768,82.04123148713475,42.48284014151291,45.64536401066478,84.69541389356435,3.283388072973817
8.738084379780762,98.62081417773456,22.802568978731838,87.27019864595079,28.011857980640844,93.21965944169256,64.73626390282041,3.999913802363958
7.909593509086353,40.599692811028945,25.732111377517448,46.72091387936861,93.10375858617256,89.73976494598463,11.406368627336095,3.518565361388182
4.750521962266272,187.9880644439018,16.89066413719716,48.3509657411407,30.68671741943403,53.57528175963587,38.54094723299237,3.176495291095955
9.135710465548755,138.33678849904618,34.73325758123269,88.00171668413171,35.62596894712699,21.1234207049527,46.08178335150679,2.9989491649107887
8.28219767932511,135.46477004740404,26.212258762986764,58.877005365910215,143.30138331365717,46.79032413089644,35.594675832193296,4.44664020036795
1.5648011647255444,299.1394548924533,17.184947346541023,80.93837099977887,14.083192777502555,62.859755962237315,62.30148524747647,3.333910964728637
6.2563396911218785,60.18168860947919,26.823548061805425,81.33362391781867,36.15623128209339,32.88062238965826,15.59901383299335,2.5248758910306974
8.089010464037685,71.62742220767664,32.83186554922371,52.096890683986686,103.97066115883658,27.20195903072601,11.797294800570727,4.089755245044227
8.179269215374656,266.5906907208033,26.82594725266799,44.833178728432934,40.36516289894466,57.829389628136866,62.9080134022407,3.98054388203031
1.3677411901461998,65.17064794459293,39.2158189944639,55.1591645498185,35.47160061629043,25.842159290017694,33.80773250699011,1.9011328010648358
2.6338061105384334,277.7581646619017,36.79159381199186,67.55465570717685,87.91003566939762,88.70812640458819,71.78763063798391,4.738263015512803
4.423873509684718,211.4294325467364,27.87017475949862,62.33971612045076,107.43389866215956,16.681678557197657,79.98335536277332,4.234998157408051
2.890495397191335,172.603984329443,38.512692713207976,75.52383024130927,70.28858440241711,98.86606079314954,64.99514503328322,3.8577950080307724
1.5349123936309552,105.16818401295724,35.284694940494475,65.18449496164158,119.38029982225186,58.414870901151716,99.072592479441,4.069768118225861
6.473604081779135,127.05784015926145,24.2067502710336,79.30331417121624,124.12940785965802,98.52060884843851,67.86341503926104,3.760199834570686
5.320997789608432,253.00773387662613,34.285245923242385,40.716582431746616,97.2317977266798,77.63644455397319,79.54752990667035,4.947025349248855
1.972402665836262,45.5262280280213,27.646308350027695,59.150196011116606,90.89466388779238,23.760827657744535,67.69156003230441,2.811380466812977
6.070628964632229,237.5081238916886,28.477793118929164,35.88345159733028,124.28271538752082,30.469377502224315,82.48975376098075,4.57786102334352
1.0891420573614101,253.51158504641018,28.015525505458108,41.64439105712701,12.10419175636658,19.6252213462923,45.154171158850886,4.234149721110253
4.138890063096453,220.61106539858648,35.0919635099797,53.232900775717866,81.48887551318504,75.6176762985994,49.09218844894701,3.5391353256549287
8.028920653633676,44.716259479847736,37.964361017924645,84.58321597196101,28.022560225131183,25.179262558457097,40.166873949584016,2.8630551009566947
8.955471547369424,230.516828498462,22.98794215703456,55.90853987712471,41.01794677889928,74.31217253810775,61.88301399908454,4.846248110120724
2.829729011595795,225.25425275866345,31.048026858344517,50.0406729751157,142.85989338938003,87.3548641566292,43.717865954642456,4.391410186176129
8.665333590397529,33.53534652888885,30.71022163480994,71.89337240839293,10.519433415915028,47.05429995370525,98.90757632569361,2.6347047030238477
8.971698911212156,270.9165086277309,37.187431438727934,73.69090539365979,52.9819624422108,69.49337589109533,64.27033615963668,4.357320331343084
6.265381893737426,65.6928728382142,26.180292172113624,61.47307411979811,31.610541749513096,90.5676203577872,40.21307698816662,2.9581195569634167
9.830690027435411,289.411186445953,19.754013298216584,50.868531195931716,89.85836915148357,77.7813049082794,55.73494278934047,5.026471908308802
2.8386703127316655,49.10805689543127,20.07714697608458,51.59957536630378,128.19638905412074,21.76845575960543,80.25516070115876,3.7620517312253283
1.155255204971789,94.27334579110693,16.281912205878864,45.20503467221321,64.72443074675377,36.32610105438432,82.55055278216724,2.6899826224049854
8.512709942893787,216.36539165630623,17.518212370726587,54.942414234187396,127.20595678643423,58.20738549678549,67.33913597280588,5.154566284484267
5.163841262395765,67.05515490876016,22.53048929648169,44.25394234107365,71.63310342664667,33.7842222170701,10.209746784239806,3.666947594026828
3.791311851467307,79.94124038484328,17.56407310930542,70.36075218244392,137.2661530896628,55.533142311694604,88.17517873469889,4.093730293935347
1.0247118991635602,33.01634378740561,36.7772857034352,84.20793690889516,128.57229482578236,95.75476776479238,91.88218127041036,3.5140294712581537
1.1139325487999607,253.14962046688666,24.050463610382412,48.98391834338163,35.034730502187216,50.785035951605835,88.44841973273931,3.5875390060646275
1.3618062814779797,40.15667119688793,24.211683122282587,48.32183358913558,133.9089639228647,33.55028642190601,70.4004406885494,2.103301499940164
2.244603945278711,200.79471424642375,33.93765933114089,84.39839719622086,36.95897183445952,23.19208109011069,12.43895066792024,3.521208124405888
9.718808780123782,187.22297862180687,22.533440634968024,66.24182274346325,78.65526460618207,91.09877527238409,95.5702231709613,4.983086977024942
3.1733393495904254,168.03487034952417,32.8795569145673,75.13763793419267,37.44054724411101,30.68138701911548,16.102676855312048,3.3851031548439394
8.261949354296512,131.2925857053487,35.560575138724644,83.90239270071106,64.10474643466011,27.425808857720657,23.453581986127155,3.8466949310263567
0.6844309137946998,110.88189240296063,24.0044509607938,71.573504228321,147.98460026968297,59.60235537735534,66.51109907960607,3.6635624307847765
3.5572430804329076,288.3758316854993,26.94529840452642,75.83523711244688,117.1196266689421,51.55399467022111,51.56284323568184,5.23365587354123
9.108828113367423,242.04673435751116,23.05572384077133,56.28208342736828,87.57032791642006,44.70984022709178,77.92822628875888,5.381710595921401
2.25788743737413,279.13780163979254,25.579105282258134,86.59925412801599,140.9669942276306,62.07865143683179,66.98298515428746,5.354636627510313
3.1982234439280233,228.15244724505763,29.51867872509082,73.7144979056981,60.35849248435816,61.24652980162081,10.377097897222,4.6240176842868665
8.351891376273961,253.83240872076476,23.740992884606044,38.943203226156925,34.248820460402115,16.156226634940626,67.8533452168943,4.711926945629536
1.6532210212946903,290.3273639046143,26.60332471400606,67.73691189335231,126.0533655249217,47.34267959354281,87.23979400876262,4.464717611111781
1.0052403123376499,152.48403028558383,27.405592442756653,40.2061193129951,11.704550531140397,74.88879544429861,86.69317617527797,3.4214210540023675
9.67677917237882,274.86199382372797,15.612594760601738,63.716547536260855,122.6433555429764,44.35112322253132,24.16672447337754,4.627283005057011
4.345521707528172,41.63002392629822,19.091224187748445,39.866809454128216,13.060003422982337,99.78934128691932,41.262542085682185,2.11200979548875
6.749777062892095,59.12547651639861,28.53435899826247,69.49825961291963,49.813260379800106,31.184655487381686,20.75764646822594,2.962039074395019
1.707601158312839,162.40107048924568,15.066266612290455,60.100120503768366,59.769953175466654,54.67278576112282,77.63341014314976,4.209408450519964
2.5916852797352012,152.57277764256062,32.60484105075592,65.4193529887963,54.594077762654734,70.65363524701412,66.48044484092932,3.3444477399775003
4.869817202519277,148.31753161058916,37.63662473079797,70.6922806803863,44.08048550378951,59.30764169210659,53.599027399259725,2.6737482515414155
6.913955565573388,175.04174597935472,33.86422807697822,48.7691437097239,25.144984507118018,13.516580973330345,36.97830699751305,2.6663668172215473
3.2858551557026185,175.3606540665258,22.85378009020166,52.57366019098859,10.445209988737474,56.22995682981688,80.83883480943254,3.64458114941771
8.904020634880398,265.05247934170944,26.246024254291484,61.513741224045546,118.45965880394779,96.97844522470061,81.22900779251063,5.073582696314189
7.920868034420914,123.39645942324154,31.26791990176176,66.14713045315801,73.96820481373841,46.599749484880526,54.206209690768404,2.8728307289241903
5.739799963156118,115.38505803726058,32.01092346576514,85.80054228786236,32.672171616889315,20.45609908476293,21.197864516228037,2.389539288443164
4.862506242676653,219.51171460971744,39.43742249460912,54.35466915214826,21.504784127760274,11.913256599853598,51.88231236090238,3.4567162233595794
6.385654156053835,205.0887731682178,27.32452123124751,67.54516683410142,48.98129208451513,47.10383371531726,90.64601319388201,4.585501683379834
7.450800081246929,254.05868568629964,21.238370828425282,85.73998545779924,59.61237727959899,26.67671367536544,62.56768525967733,4.128599771067243
1.782027805261839,113.50509427507998,24.05479605817451,74.48046813377513,74.59857976648351,85.1228871989228,77.86007041870809,3.926531559198277
8.600092944328413,31.72643838849542,38.061073930954606,53.05880153418233,24.147491620576236,95.70317262578075,36.520117078904974,3.1760763873149216
5.149326444748579,284.8971947031978,30.81773941203509,57.80883811814472,147.1892674741272,94.64770654048293,40.8847148058946,4.977602005863412
9.38576790319074,41.940856309397155,36.60628512919619,83.33312698070549,47.62448352180746,43.70765807215444,20.540872361043487,2.7885424525866815
9.577652763084096,213.6034947073259,33.10213976411991,59.072761699309766,71.78142521921548,50.92813547262006,40.85245687320139,3.9943687546437543
0.791809799671809,116.89463778216005,39.13575864579171,48.86240563755026,109.26216028280284,38.35717552437495,25.26521517431206,3.2960950814825676
4.152569269804522,144.35392495554655,27.53075142260581,63.768882720821395,53.42664192078848,21.61472109313323,58.50818507278093,3.2781827927327924
5.499122425839521,256.26884990050155,38.747631484627526,45.22990083423346,21.54957455429562,60.3134922099635,45.442494214195115,3.2294335258943563
5.626157137210022,143.2864616894019,37.14725543595867,67.01248698902685,62.71566378033195,26.758472727364015,85.21765188768187,3.6130471947057727
8.312736985046586,68.98031258790601,36.077361658387744,89.5325925059254,87.40218037948114,15.346737779225673,44.44553084921489,3.7193325595266624
1.840487880573301,233.69747293255526,38.477331072099105,88.31039152254598,127.8455487795094,86.44899932331421,29.11045257852425,4.531430236029914
6.413585552101766,35.45710960621071,28.138441044312827,68.7589703382339,61.50965104401579,81.86643928767657,17.58113817522212,3.678357671247558
9.454671384529995,104.17790687715173,33.57072797555206,83.74537135721886,134.5329344741405,93.36541802281889,32.73142257083268,4.636273179217983
9.968566341140722,175.27987521073413,28.883394242801067,79.8334038641284,86.45054962441185,39.46651906859749,72.76269820464358,4.345581151271292
0.5958126393075639,148.19619778895287,34.406523954417295,87.28679466583924,110.44812976721857,88.3648490821637,66.36077804039743,3.4061345008278163
9.7393891875352,197.46165153355108,34.09381239279682,83.02028964473979,14.223223998775618,45.86067370215461,65.79513461711815,3.338409794563135
1.660995263912813,132.9638770327286,33.960104798992866,84.4907809306493,135.40182518743507,16.55014848867524,87.2353650572605,3.0515287442840155
5.601030108333941,135.45787231995948,25.71122842186136,47.62510969932419,39.88259119450243,51.20569943835673,32.75284617719362,3.9892469677857445
2.8405131881926766,124.13746022811551,34.90719685815388,43.69103008139993,55.62161276668391,59.84075377373974,52.371333530418894,3.027930750564336
6.260714855243315,269.5630266118791,36.912233431252346,37.4184499018828,83.31173870400067,48.888326697366516,25.136598571000455,3.5132607222395507
0.851752621153778,34.67005799542535,30.90637560904971,71.2618247559685,144.37618365625727,80.68922796522483,29.691536169067376,3.9157237408795096
2.764160466391542,283.7033311822861,26.36632337036493,86.34281781058456,58.3945153592714,41.66449987243904,43.382661935414376,4.3653209310261145
3.355468515390237,126.7198523044664,36.33120639043791,89.66174913780344,40.870243727844496,92.89549150913643,73.63719099915042,3.754021399856816
9.198268229756996,128.51834403638296,34.461257989299675,81.87884039552966,144.50180708143324,16.674703568918183,85.03384569567962,4.161202897144236
6.0444806950603915,225.99106897345058,26.74000236110781,80.70557617642942,123.1850072480005,74.8366604637458,37.64925974040311,4.497299743617311
7.227992362417374,134.8347194559824,29.496726337053065,63.53855371768283,102.87883069190251,93.60801813991162,45.798786773795264,4.455907250354145
6.922144241512168,196.49410196733135,32.14563132664859,59.85769755213261,67.34908931295925,59.784598739852214,89.88945959814075,4.474336926877138
4.226739197692237,273.9802833532581,32.208039569977316,70.21740705202055,68.86369718900693,89.08104672680527,80.22160878461182,4.5881451700988105
0.6332001513398134,258.47347283201174,22.77592842875612,36.2489113642759,143.09386193632338,72.26480678722709,72.13015341774192,5.180710206707262
1.5166972510289087,169.14900295447805,22.31729171999347,78.68779710685803,19.654189947234507,11.307640130668501,46.64290579314454,3.4615850654835283
4.85868060183515,223.4960745363857,37.18367240223881,71.1616020200386,116.0500287749325,70.41201799725897,40.695313079476854,4.759466612732355
9.442300399245052,135.95738117845588,38.42527850034985,44.352696707629285,94.16106683876339,69.09054935737909,75.10867138228082,3.427770499674002
2.863199170618641,239.53192234433033,25.051628171707655,69.96332714463875,145.58093364625097,10.00247183502937,18.399382606766746,4.083254618417791
7.134027836375313,75.94952792239587,37.83442235100751,67.97081983319507,88.17674396372439,46.824465493559366,58.91196707103571,3.990286836275499
8.35266050946289,42.32058098760549,26.76730646326037,78.33999715441183,49.27560413068233,13.491947535571674,15.472470913578448,1.977017110406059
9.11446019973622,175.99782249806458,19.18005949594471,81.06126253061804,119.1886288126993,36.3698917747641,66.10038385711206,4.3853580105809495
3.2881209140731595,88.14144489774621,33.32201116967113,48.93807033014156,147.98800101312918,98.79242310454224,61.15702879978881,4.057508573220366
9.34719015832716,226.7560045730539,16.14712722546445,79.79626776439164,137.04351174676532,94.6255764889786,15.381343949570415,4.673910347372831
6.275831475112704,57.357347347730474,17.847909257778312,45.01527051872334,51.263490482845754,71.63733446583016,47.787859702242784,3.009155054829947
5.329864449118851,32.29368730551772,38.52513947745613,56.68170275074151,58.48904078890684,43.016687787848504,27.3204928516705,2.8576456856943073
7.894730002678404,212.43990443030197,27.94054345485113,62.09556784177066,115.6748269268096,45.6806736989518,81.83099929491998,4.532974862265793
2.7677698269339195,165.215848237905,21.659409245710073,79.27121978237248,93.74666844033737,13.439321858853646,92.19544969210534,4.268373769598224
8.219512199639158,287.0441598441496,27.01023699309271,84.55944427156712,11.625786650932628,40.44564263673456,38.32100653067694,4.518980987826792
6.674645597196497,96.82111412317086,29.454440823727225,35.94691482498321,29.86063070949296,80.59460782521249,12.638705149547599,3.0217181135903974
8.093978224030828,63.279151725165164,30.972887284836254,75.548447502504,21.968887498434555,56.74176583070773,90.78891040235105,2.79791720795006
8.629360852969862,36.23866909095699,23.70555800532339,83.26366182289621,35.022020311604294,52.90099984529927,86.0070071339354,3.0821786823704067
6.364800708725926,149.9467842152547,24.68507400177174,87.48679292151148,52.687365901720995,18.19881285915042,81.7163863021761,4.64998093464344
0.8489835260804578,57.22055905689598,28.744080887206138,49.73390552568965,145.407936618581,92.71004294254452,42.07409471782377,3.187730405918607
3.3286027712508215,239.42372834899336,30.66661372742321,44.51282128357994,104.70570673921272,35.47658974640822,17.1735913231596,4.899713749339083
8.841187577135068,49.43616448411219,38.033911457860796,62.4419672420466,17.666580340842785,44.46125288732769,97.7383901206642,2.0732838699172205
6.456086854126626,278.60379882158946,24.80690356384723,84.55518198394253,95.03111831124889,39.76388674260386,54.40695330112063,4.452796595708408
8.955535444895482,176.03055927535667,36.867180544198824,52.35874605539335,71.13300161237424,39.58606922545085,42.09501042052947,3.592511326678552
4.153020769468235,218.0204262147472,39.830453523861344,62.77833873097765,115.56554997766825,63.939155927595394,79.94895201945322,4.840103145022176
5.2949108301695835,65.34761856728916,23.475087277070894,89.75552338668109,133.74992776332755,66.43291089284097,70.36309910261346,3.926070361766939
8.694628200623683,54.16643796185498,15.68211158579535,60.08177553186576,19.129851653692107,63.87058950083405,13.767902119002148,3.3419493108888885
7.7392978987044465,125.49461965964653,30.10928055246707,69.55378293437664,147.19055252832635,16.164831432706755,96.25579110763873,4.2875609653114335
4.086260747229053,170.51732560320804,37.59119165301006,89.75776377359057,18.106735795869042,97.25837341969265,60.04573537364961,3.3738552921394267
0.7149877173938246,185.38552685899953,16.334724380540965,55.19922060845495,112.53226885855732,74.25889264591468,26.941471196809573,3.600880189003554
8.8632258499982,119.0428837382177,19.928746085156295,50.01114959810363,136.43847762318373,89.4455815218285,11.437269380225537,5.139110032019559
7.970390041586785,103.61881969977134,31.90376074794269,50.55067515529886,115.24068444627635,24.370239307931367,59.70138104469232,3.3197000881756007
4.767027891806411,294.9808464276149,35.2413222799682,68.93573071397756,31.11051623369718,93.88972631474158,63.46362230795011,4.2318665823226125
5.689284627831769,103.61871838487683,17.166005602255673,43.94870972737196,39.11898182989687,74.95125998775757,18.966218726939935,2.639304652118932
2.4409641627735192,67.23972523683679,24.09344650784569,44.04860456531718,15.7650697095124,55.06441628226771,59.04352520817927,2.914078651106497
4.414960353440751,127.0541093844014,20.968463347387914,49.30733350806981,28.35006890820309,12.081926114258955,48.85511957644061,2.5118274103997864
2.0503565566088113,112.04525488286907,39.12191107423201,64.75144641451872,18.54230810510507,32.786719306930465,49.38642404435375,3.450683424478852
2.5004109491129416,143.86850427156577,32.06172071222022,81.42966975814,17.509426486356983,85.48672315251181,97.7735470974655,3.3932470149257803
8.540510186572561,198.40270882066736,26.890962519420825,64.10989091815065,88.69566120080998,44.12635297030527,36.62971441588208,4.60377384962086
3.9434875888926086,192.84994197731262,36.55880723545617,78.04527990584056,20.738024965872704,71.04490546437214,89.57445102786285,3.8313859656509073
8.239871567800432,218.53826906210017,28.441558097409214,87.66564040580934,69.50862977223952,75.77137269773257,41.00672736623088,4.395579662865275
5.002048708453894,72.30496906580214,37.78335282993574,75.70008336184172,109.35281683681637,79.80847371329125,26.15515332898571,3.5595516489396233
1.1723888711048325,42.4049782783741,20.970209593825885,70.35336950728697,12.118865999431577,44.41170546702465,23.703938993755923,2.2819431314344634
3.934508291758911,243.51864592668247,15.68345994923894,35.45069237389203,99.44286387140365,91.88500403953317,94.65742491468707,4.735305701935456
2.003597818804642,88.6312126940574,25.718461974142407,59.66262504831239,116.00574128998251,36.29799631762752,12.096275383668491,3.0871190327332467
7.088975938950254,115.22955105021123,20.10693108099344,49.74272177191165,85.1338131971246,85.24581384897512,29.72445748535251,3.3189746972842125
9.15824344476596,153.03352289046734,35.89327675367329,63.18325392182966,76.58284437514838,48.225976336406305,40.64265785872039,4.238298949825981
7.749217859076767,223.4027194528724,28.323089949920117,87.30964567445412,112.31772094768584,31.080596763398106,69.11199208524758,4.66695582737389
7.895157282137435,74.16779611782081,22.216590667297417,52.62460941703764,84.16256706369484,40.91044163613094,43.822063722441165,2.5766016135359333
8.687732193590781,273.64861154575544,34.33934735589374,43.84301418049725,81.29962532540918,81.96070949256135,11.83722162018362,4.371183176139023
7.878314182428191,116.81238023171481,28.17213457583088,80.42429070135096,122.25429274058739,65.33835106978725,56.526372540013874,4.945744569280723
5.901445897863572,295.31892706654827,27.569867384579638,89.48206422243398,127.25766637150208,22.301083827795125,89.60191202776305,5.095782024547679
7.285624749870023,107.0613920069287,19.519744536933835,77.90390620208589,61.578554103977865,21.15705337613755,89.79139302739597,3.2807059790327293
4.45157016201193,225.92631425292672,39.880380863597,42.61155961928924,68.16707303708068,71.84807261250434,99.24357209314593,3.3955863725723914
1.1724857710385381,131.70066024058565,31.475451777339085,65.28821687405036,122.10643210365221,31.55430462959153,40.8153276785073,3.3665928818486117
7.20300805577548,255.87868868595825,36.37058750615221,57.28546384053924,86.28153243520325,28.77935364258431,21.02165204378907,3.781041128231762
7.35577915885636,154.8497799543716,33.99330852996098,69.8388008041656,106.15387929921857,77.45515902304966,16.25846797157381,4.372301600688037
2.625364609075554,265.04360920563346,27.573346573636407,71.77366263077741,20.524505130609434,39.03883056063134,88.03825227670197,4.097718071526883
9.562444856340402,233.56342879630748,15.243289672438953,79.38996149187346,23.351623538199732,16.147473393530547,77.3392410860331,3.721042005533135
0.9988586100751855,188.2277208677282,31.66675504522082,48.20475843208279,84.45220212021233,48.23513844252903,66.48163215449195,3.324332762254852
7.491610958639893,97.49728100760888,17.518607825040966,88.05731923550059,124.69185619162216,61.22608338202101,54.70843147685516,4.606745220484644
9.700544691959593,100.16428414644577,39.036625876200894,46.807901555329046,54.31589300708695,64.13402773055344,51.16065956610832,2.9926733850303853
3.436922888149814,297.68396471409295,21.231624090663644,41.825390640319185,144.4885168769837,15.265486729732167,54.45567037156895,4.583950787544838
9.168421472029614,279.85475918097734,24.183324013030003,80.58791841051573,116.44554569089489,50.82033786939232,42.74601743563533,5.0356827403529945
8.351144405689457,67.37296523440752,28.788985984997137,60.4787047054098,119.4396323841493,42.36057939617279,52.72094454657707,3.7965286286685336
7.569039920076727,85.09741934137685,27.56536165868301,61.962664888502204,126.76475175078137,50.404127761038175,28.92965350247564,4.19452527943638
9.56101989417469,58.83988428507735,31.37869855033926,52.53045050149608,45.62834788122615,13.752757221195576,20.59911567838566,3.3392992944429385
6.713542210679818,84.36120560006029,34.58619047897437,37.55272775790154,56.24558395644991,36.604621944904444,29.016564834778485,3.380311756821734
5.2013661974744645,108.36414611911887,33.94109909987157,45.64805963630377,26.580451225015096,67.91126848767013,97.38675843646456,4.31411654187645
6.918969707119623,256.1592715793068,37.70214001725398,76.88988720212272,63.2498150975103,21.332472530736908,99.16178436263066,3.5543246642608213
4.412326029485655,55.6992077680732,26.74791191308109,47.34234709018013,15.016502882389833,96.32983499407914,77.6360321668275,3.112831721722226
3.5864281474224096,268.1725528207086,28.35431610581914,89.59662543883017,115.20824883267382,99.45196750975838,85.34720870945854,4.806970612643707
1.2813334377995107,292.4211354852765,36.85193012082134,78.24247235308489,122.3579967530143,42.43980701854497,19.32097250844211,5.333417825885452
4.091081494898759,106.06981847154763,22.05827804402493,81.67245812120936,39.90714662202663,71.28598926938295,21.072394692087407,3.2841025896318143
8.130353055614014,153.18313835036724,21.148004603901242,83.03043795491594,78.58586471204488,67.18091705804866,18.33891771461328,3.0327527165594685
9.4816399884372,172.91866087848913,15.228087680801481,74.53974591617045,104.07898904178303,25.044833409390456,15.687610111672718,4.238614762049673
9.763941316943905,85.53611987148156,33.462013079399945,60.640054208350904,113.9556744396916,44.93746985264686,77.26074373710652,4.045429444669031
2.461995774120142,227.52562231292208,32.18964148417051,85.43567810550276,145.72136511701038,98.25816633123785,15.076276483522108,4.9974624938107395
5.928601738771559,186.59967588902128,21.918007986185774,58.45897263296551,38.091461383326745,21.490684050443424,95.41365073771294,3.4771289014611244
5.969607504491346,60.28788585255912,18.2478867870438,40.27004934459346,44.54134722188462,61.765909470636295,68.86333405675748,3.126597088161361
2.1724516732757007,271.91522441037466,16.06327311210935,67.80435934395814,129.54307802679298,63.926266971005894,25.378864010820976,4.520443379305138
6.025467926309672,111.5920268641148,27.19657219716678,40.806063245070995,23.609850299740827,25.077288486781036,83.57703212209003,2.8846200768790125
3.946246983018982,72.18677552827198,19.837057213165863,71.04636195192427,120.02351677530135,58.17233317093328,84.13243858295752,3.9317896147983564
9.452861141678467,295.1006884429089,34.83492806013327,89.86397167073534,28.667701042190924,92.57158841297358,60.74999042917981,4.60258465140158
2.9244209021443055,57.78542919315828,38.7508432262944,72.13643905638892,75.02589969125975,20.4090590598987,18.18855886287413,3.2025824872113575
8.432131357329318,46.11810485236001,34.42148580815293,46.5803655377582,92.91404137748063,27.076869504606535,46.07003180265386,3.2130713419790586
9.020128468970851,94.1393118441417,36.289884835214764,42.58227317312558,117.50286074577345,33.006572311556475,59.36835813501935,3.9716013726264356
7.490786427562225,116.20152769714933,39.769807720322476,54.60124045415099,26.034154056899887,77.58816261405822,76.94161606728095,2.7153206220683703
2.539434139949909,147.12671986068943,33.52026120003205,43.017084135063286,125.36813289004257,61.9526276089367,36.865336134686125,4.46412900446251
2.9735061494814525,214.99595887471799,29.183091681616315,66.33313167673856,129.07805613272313,55.3192324582831,88.58414336205908,4.3411878609325685
9.72561972196255,128.742613742074,35.25028074124163,78.07041440050166,121.08992568113028,81.28577892113584,32.56641739080683,4.621079014580828
1.2203761281508663,181.02007488980453,29.09629165064744,71.19760906533429,141.22357482653413,98.044043043747,99.83786417169304,4.720596118429542
1.6123161184391974,31.569084920107983,25.81287718362517,68.9459197346988,132.1115203530179,27.636224621420734,20.354977287783065,3.3043426600593224
9.79641247659122,133.922914100092,15.812624508258338,58.958356561568635,117.51702139137478,83.08453769455184,84.96546396626624,4.684854251027523
7.88050035481184,285.14154236433995,31.074509825072045,44.500106904021465,91.1070147501809,43.307953364204295,21.899519302461577,3.700132142630789
7.590646585072002,239.2086105295546,37.43795082428848,70.07788090787332,123.20744099174084,23.139210138301895,78.33817470031845,4.456716456274124
2.021973730884153,230.01615366146436,32.32878705190622,58.06412714306538,146.546601804634,33.086809083501706,87.60711056849566,4.940630260816621
5.144918899500981,112.2193136539255,25.10365689250721,51.80038123781241,99.2246948306788,45.93668347823223,38.16266773804189,4.634152733304244
8.487244723603336,161.80756675707698,30.422484775511187,71.26074496353034,43.964717267446595,90.9244802947841,19.120053445197662,3.9020153152984967
3.6242716614876156,258.02134561776245,35.32390433531558,55.819482611615456,44.69842178859396,53.05685780764021,99.9918242670647,3.0387661084097832
2.3312687579368996,267.6420308350663,34.10600336726435,44.25816953284023,121.43821398404748,65.28727563406947,97.39470183334659,4.5520151328155345
0.6039805187972636,221.84661790860497,27.27946114979564,61.593246497131034,148.52299388571436,12.991101874547368,78.11389828512283,4.361446202663046
6.41415360617723,153.26618638869962,24.041923624205523,50.9050507858435,39.44365683079553,15.760604054378982,44.78413256717129,3.969463082573899
3.291197947677048,49.75456221613126,24.92159437071529,75.34188003158414,145.81185752583056,94.44993705604405,22.096057962067942,3.8816511765961033
8.704888055346135,62.22539330908067,37.69772864433943,37.58869281148425,47.560481372003245,85.44860315550683,47.62452626300574,2.472487227862781
3.1934218242156325,30.079088892726457,19.2463419345157,81.90641719935147,67.79241009968976,54.06765856117747,74.83083197817865,3.3586014090378784
1.9399702157527816,126.98393776579215,36.57448980548901,60.37404456913453,137.141458838552,28.03584328789353,23.71275723796105,3.8533813415745204
9.624251364041022,36.3136701448912,19.882092886872602,35.876910666273936,144.6540254311722,13.615805904442672,11.512033779869295,3.118933920783443
9.665381616417841,147.45588349623304,39.522243745861125,42.334935637869116,89.37361735999153,97.78139666866205,91.36317329223527,4.413286634984294
7.007726369351031,191.33623826870928,26.208573388384377,86.99922679690906,143.01266572473685,10.510505909242193,72.99908694216676,4.428114297434504
9.319664174664576,190.88763790213332,33.33576139435148,64.53536670614828,127.93867099801047,31.38830067959709,72.4456115850962,4.478267705097538
2.0374190218634363,179.93032991425613,33.23436091270398,77.26999345411855,131.2953745639464,71.55126756137903,95.24671814398282,4.127904319276703
4.873238169717796,91.06613242204992,34.313276326205425,83.55274676621958,131.55476705911917,94.41084305890638,56.863480510499535,3.838088985872407
2.4395094641606416,170.18100345602494,34.73489645710593,52.61679535591986,64.07483322731588,20.535337823601246,38.62692587752238,3.749442396688538
5.0484409528527765,294.5557012126025,15.976868304678097,65.08043612821545,14.293249673967301,79.65018990718649,91.84830807864374,3.522056974508314
8.016190988094653,150.04680249695113,21.833359083119845,70.76781790342687,33.05131735149649,39.85913177062922,98.72304139487565,4.278039965298363
8.526814546500603,266.11275531315715,20.742737190234507,81.28718042289043,20.42557146746546,71.17465838318364,11.8413928196,4.24943408844714
0.5395617455431498,132.97946911372466,32.46483070291452,58.10491625010175,43.935747368142934,18.696990735827633,39.76055901669791,2.585926984728266
4.200282268648692,198.22199820997065,32.082936375657745,87.34640287280257,17.741146393576123,87.83351442079496,42.61650447676172,3.64068581115009
9.943652527568519,160.09650477646767,22.42583710434038,68.39163757164957,48.7717031760619,73.65015405643604,20.010502680248088,3.5348072114886446
6.098492137242833,215.9280686176506,34.83854833521218,83.06297703211094,92.45441046688016,96.00416555073674,29.94159276288395,3.661386828843381
3.3138613321305423,272.2920166944068,22.79051437137743,39.58469185193309,29.748381926691025,55.21772418046517,12.201183710576203,3.4817760963593085
4.195445470396747,149.04320228577598,23.57338051231669,60.48382852646549,54.203993811245795,89.89221971959785,72.67745412911347,3.0114835299181175
3.5643555930210318,234.49785373010224,24.971271493722384,44.854320546173696,41.379041200875605,58.63587645676849,19.621463518974615,3.2775431569514035
4.752185085289127,268.2857054645715,33.614742733826446,85.15357208075295,23.314308887245772,56.15102673274352,89.8864821236155,3.3913169798558367
4.722623019120538,243.17702747667303,15.294448285801,47.92430256443745,104.65380236899584,18.51493790943413,62.55779097385483,4.819200750860936
5.315201399375904,36.63011969646398,37.661631281352626,74.21390735429426,135.02368740137564,83.27525292866022,42.05431417112351,3.009550805833274
4.912807068327071,30.05120644992596,32.30137340468002,38.457816145073295,110.23901019785924,47.098226694588874,82.79983409867076,3.255655672789522
5.403080007086599,268.399112695025,29.66495949488045,46.04645524892209,105.78999774855748,64.0022539906256,68.5603374779501,5.335463625616746
0.7658950280892385,226.91462133498032,20.93329107756989,52.59188642810728,147.62255452512838,68.5622465873933,77.77205242437304,4.900487062201188
1.0170555165338113,288.6956486860106,34.637832949981544,78.00303275600514,112.37851453601861,79.73301719558596,88.99987318453645,4.565932024287239
4.0258677454757885,108.97024638944173,36.81970367089593,48.8141726296022,16.594365714879913,61.78098815708773,82.68985295416911,2.818512372347904
8.906944860298697,242.75142823308371,27.538668002256955,79.92864161270184,40.55450308100918,65.79194934078957,80.1228324921799,4.57014278195302
8.01290688231505,246.41096082176193,22.311520606327058,78.3735920238322,99.24469638201253,56.867919814037855,75.68591017367473,5.804532092633011
1.5464595981598566,261.47815223187575,24.51383415047934,89.57118401080942,99.4662073593721,65.25565506968644,43.973956742811225,4.615979463725121
5.2008941080618065,216.84753669940363,25.406275315149585,72.24272692925078,126.56377840404545,49.980611200683924,68.6648026840245,5.130554506124011
6.2435790742924855,67.34315795266335,22.647884522821748,70.05906940592428,32.23687384319378,79.8770363492304,60.91289949926207,4.292962441169151
5.071297806933352,213.8545396715503,32.80471292215963,68.08447554261402,147.3703535349827,82.94565231611715,96.71012978538903,5.158664296134971
7.12688305130108,193.2105976061903,23.554357697994803,41.02905260085039,82.28073672412052,56.53968163469623,55.08419801005105,4.723802696946169
9.97400000185045,120.09146497915916,35.53043022769774,63.22721773301578,138.85774262083905,23.19652353772877,29.96360381599632,4.288601647136501
1.4165042344031273,86.32564276817058,26.592275998131406,81.83155873734908,84.10802344668785,43.614817517496576,51.195551911271245,3.4503013156761098
5.397573298841521,268.97698496465364,30.724004507908912,36.14712402610223,36.16807254803996,85.59448026831255,47.31851001929516,3.7823916212745585
5.367528898144257,68.32555363925124,38.698807955190034,41.9660315468471,59.14263594013303,92.50741019439043,52.16647253970715,2.5637550322284524
5.842598578441481,143.9934321073685,26.151341783040177,68.03020944219728,40.96328475411515,34.03477015638969,62.292738710040744,3.4416481228320515
2.086190831838098,198.15560113054468,19.258655184774838,81.5858719587055,46.9915716743492,94.69923402290739,95.32202545836543,4.282879344612724
6.564399014397582,292.3850364821887,28.748057997416826,51.90324690357791,134.6500978346833,34.90419184712886,35.297229569414675,5.4834557743889825
0.921238764593375,211.16361515101207,27.41688815761208,82.93130328467633,62.83524306623608,92.69891584718852,97.22159338471,4.647587439961954
7.540673125852306,112.31711370881139,34.56458251723018,53.56396422574581,35.57393366495271,94.189197343376,80.1624360794284,3.5087047522217256
6.800015493581066,46.37872226981763,36.50498658238959,60.60021076668761,61.0359269261578,55.43487179364225,26.462883409026702,3.2095923503228896
3.6390248499202995,115.77984316861587,32.81549424242911,87.41668669241282,96.4160705788374,95.54969388150296,35.23965458863793,3.9600123670644676
9.895398930450469,109.0523710146841,39.28636767652366,57.967564803096074,38.124056813618225,59.434512927771834,91.83927247785687,3.3557555553090164
8.373394635376194,251.1514600897104,21.72986697275632,67.97146908216112,17.137347087944335,44.10012592252527,82.1208773439447,4.086411919791896
5.625588532918221,131.67782971999554,20.979889002288594,86.4506137401237,132.09680466856258,82.91435547274193,22.902471941394285,3.516579303365983
9.909848894388263,56.581049878633934,22.2821702611367,49.54101957591995,43.490845203114816,19.766989136078884,62.611172782930275,3.0063574380829987
8.38586111541866,264.89391492694926,31.772682233041163,40.05647615366872,141.09080085367367,29.49895615143935,34.92939318440452,4.853817015239706
1.8107841612978397,34.87465203143885,20.81352538309794,87.6916429510394,16.600166555069528,29.19250949732315,66.67753087678119,2.795226681800857
6.115075739799558,30.81253679265291,17.210435602947115,65.79062816075819,101.1173494268383,65.9866175719966,25.62238067184854,3.8312541783853082
6.01814754848802,158.18337574003664,39.44305458979248,88.1212295703761,103.13395396332463,73.79855426464529,41.67216240057199,3.9971246024584857
6.702979131335248,48.689478297564975,22.865269075004758,82.67095426742497,31.843946555204163,85.36828721746085,44.96756253442815,4.011955214540006
9.437187619985572,77.81751192635679,20.559866899398344,67.7044578193343,103.13248726611057,90.98757681366847,58.393788265744355,4.08769551044638
5.174303176405507,296.02683717290245,23.968725055886903,60.9237370606157,64.26926083972317,88.75427648368999,31.538527813591216,5.236661101650657
1.235123904996245,257.9785508080621,18.96062857643505,61.41376251933167,63.44765644062617,71.37951372231907,75.49717171942154,4.076430891612486
5.053647924990821,236.29017250156616,15.8941953519748,44.130907253681514,132.84713073789757,92.33440097140871,82.83400418998745,4.307661537884221
7.9840466756938575,211.11412436324437,22.634589189397456,59.94591097802869,143.33803782868716,34.79900875084117,67.59907217893863,4.687981456488871
3.9067833605387263,42.910171235249166,23.446573394177594,80.19525719722296,33.81595054422852,75.27483336045533,91.27733548397457,3.697952215029332
0.7574966062489474,255.69535219330814,35.27540594847336,89.38335184745065,105.77385932127365,16.90006885432571,81.14456735141007,3.9216824289602226
3.3808106081131064,157.22084895062903,25.89091914557158,87.8188135140193,31.659421800697263,21.270558226592442,13.961298247574987,3.021034343453399
6.980424474678139,56.546392951654234,33.41880690517226,87.91982247740363,14.900071536875041,30.350992964767574,17.624910840816217,2.564885947809594
1.3170895668158744,111.20277301050498,33.392815234468884,36.04559884023254,30.934318384097544,19.240906813919537,69.39717618256114,2.430135028875302
4.071665682547861,165.53139234182723,34.72480196154133,63.36746315830403,98.85181929521922,96.90992619448082,74.96879323176022,4.744109557448997
1.7647429325079367,33.697541303718225,37.96272211018627,46.00721135798573,111.70123275969084,51.96198065206496,97.11144467910664,3.8563388768395024
5.0213216214462975,98.15325772387368,27.465783360080607,68.8406324556238,80.98513292973927,91.60339244300194,10.299928845246898,3.72154125060211
1.8443781718348333,120.69937975892678,17.59883245338017,87.0210299647654,143.23319095730992,52.896875317787625,31.326445843354836,3.9725488990329105
1.535851262592248,155.22366167434117,15.966573569563895,83.21580832586652,116.98420203573112,72.97085700115608,84.85758581081983,4.346570347444321
7.1290885233207755,30.535033504936223,19.67273843699674,82.6620362227439,32.62655131681933,38.95433163464796,90.23802159245805,2.9188539992756626
2.001015092051602,182.6695074489474,35.7302911711596,55.11451242668939,39.11126498002707,95.55989076138408,51.798897757585735,3.1035454851252764
1.9705600485463615,83.36110193456847,29.35873747578706,62.56442172250972,93.451474028313,13.140501561566447,53.53799183652297,3.0291859827968413
6.128932166928054,191.2576433021155,18.502956107889837,50.50693701264355,56.66208450149548,72.76641230988746,86.82574075736179,4.220867770817809
0.9141412098755609,94.57058292199672,18.315905948614716,65.46198819893786,10.125031486865995,95.53419936895442,51.39718120730207,2.869881321378427
0.8134299736018318,138.73397922682383,37.287573448378794,51.686332226965405,13.401201118919007,80.9333766784315,80.86854818836437,2.0157234708819676
4.598739554997513,198.3801537964955,28.000758993034367,79.48022064702624,67.13385779320257,84.48366511371866,95.38571213077496,4.150953350525793
3.9684070906333133,207.2746037390214,19.297441436979256,60.543062822544556,83.30614822888187,36.92467179643301,33.56616114917741,3.663619956269928
5.673884320572206,38.26083714204616,37.41869037171318,73.52193341340379,101.46462440682474,50.66631911039855,34.69599200010474,3.6028384290464768
9.938103864257359,174.47012798139008,33.01817935768041,82.99669636754254,116.83957482950774,22.256283734805866,94.47424355983757,4.123630511151897
4.629711712245022,250.4932507179697,26.944217758025214,51.48620000677768,145.6262422369039,43.87650088398981,48.18693630570627,4.750652409351188
5.9725545858433176,85.73422229969863,26.626635917905347,69.21503319208026,127.44114392164238,10.759174131845878,11.415442271473491,3.547294234759018
9.232814448700752,173.63693219129237,31.816294810847737,81.51972556175537,59.83165173135057,80.08926451615453,55.224075970419456,4.462037512280938
5.090201478703144,150.85595344445366,23.457729885875366,87.29029290624383,84.85713722385563,95.77111125270945,65.50841335649393,4.564622350146337
7.920644992935308,259.48242513478743,39.99775409234577,43.96866443318687,40.228801880068275,73.0764415639292,32.026398949006236,4.24901504948893
5.712199091455954,148.46603015264344,34.61386436845287,72.47811231019438,145.62543837610508,82.92678342876492,75.46693467609711,5.047950908350081
6.553468854324716,284.8369378243748,31.023996376430013,58.937034565003586,84.96201052612865,56.2122752927766,30.964838090005745,5.2781228683523285
9.358773182633122,206.15567638114644,32.186311012296486,50.703770313174324,44.953835155571156,27.25016232695033,20.76843915566576,3.001038498655903
0.5066857990180363,181.57346977277675,39.90209685172783,43.67512294837757,111.36612674950827,74.87339154479677,32.44291079639952,3.7815198964544843
9.058928947893767,108.81827606383779,15.269541111936853,67.19593490132499,78.30464535558649,36.93554244061572,58.051886281622245,3.4577106208191575
5.2280741867418685,191.06191591049523,15.570616725322981,53.37483033845818,149.5415099196977,51.35725042766275,87.02093581045618,4.023346509707414
6.264261507794764,65.43653406637556,34.62569675217557,71.73690281455802,20.45948215118765,91.06010602348519,57.63989751095411,2.9175491502333486
4.7755507336438585,142.38590577573427,20.234799006549093,50.45482523980617,56.96610454801574,43.56434192374264,86.40869692230415,3.924785744360667
2.978726978847074,106.79554536188347,32.12916413229253,35.0325334994271,141.85926523325514,36.04325658909373,15.776775023230632,4.242314792004386
1.1270683061107698,210.97465593721088,27.583511029217473,77.1975280848289,74.56799072656206,12.852505336283178,43.53277733414834,3.1204929641746286
9.478694240091063,236.2789150128984,22.966753139127164,43.87299489769096,53.65123283762134,73.13111860677958,49.166064559714975,4.654870353096569
6.426823959609992,280.72979079200786,20.783500376478038,48.88768480559776,94.68210959735167,29.36979270219138,82.15531550965486,5.635011794400003
8.7979720058872,89.96720811087653,34.41864734304568,47.94448137346119,103.02909698548608,67.54749681458927,64.95821323978221,4.608901897840118
3.2626786890213584,268.88268853218847,19.274547868447378,53.82325587807313,22.993048172196495,42.994375651092454,80.65329690528596,2.3994580637813585
3.1409900173884826,258.4069010010878,18.968025281514734,61.69380566355346,46.31423007095127,80.89081161756638,40.47010706167782,5.118115525434283
3.68995222471925,262.8565252372731,26.048315249223478,79.68487116484138,53.256543184235134,90.09050327766748,94.06294952948373,5.059791585524558
2.6948631749243734,229.92848261437064,17.981919910740327,70.76209848619328,44.413474527773715,31.213291471693093,83.22908713589855,2.8235025319054072
5.230721777154001,102.28478976585727,31.037796327285513,43.02990632171877,63.60286618927164,81.30799905489029,92.39369934460687,3.2329541181242467
9.39429469803141,267.02548725338363,39.79926948902471,45.10218275118176,56.859189963714606,23.753240860638265,33.65164616066987,4.644059513990449
8.822595380484827,191.8780847542885,33.69783227324701,81.58844570873255,112.39903069606306,22.683461081187627,10.591230498862412,4.372760175861244
5.203454312638902,229.965160037538,30.080873860616453,48.742050198269496,93.85083066811897,48.560108720441676,65.39330532577344,4.171955532132301
3.8132434253472365,85.41948611811782,24.865962345581536,47.02757117024136,70.08720314128757,39.20585512315317,54.33210292711417,3.3067368995056903
6.311034126253803,72.5008445887867,39.699741456420035,35.19635665354753,38.00056312076821,98.84419939211489,80.10587443002697,3.2653367661061043
6.3164522680509005,104.74994147017571,36.9985812719449,77.57416509804602,68.88952090818546,82.35810854974056,18.774450910238443,3.1808349907217934
6.995758845538141,168.0701097294403,35.51476987293007,75.61485038983099,35.267763738309974,90.12131976537466,63.590195778205626,3.7406763927756765
5.588200245398821,142.48877595232616,20.750166991907435,54.11877820699419,143.30042022855065,22.239789117865968,27.90085406961697,4.510925350667755
0.7541749719636737,269.65416973044375,18.089517341367625,35.402316711330016,34.32830828848658,74.2564861084274,56.313898315388236,3.334501902432376
1.2224419147992873,33.51499585118905,19.448526793933482,78.20664358521415,130.21483142262394,64.38558753134113,24.248920286084903,2.5289386516913437
9.750862361345963,51.613066095406055,21.467227360403683,40.4650866763833,96.18130632625133,18.931532577903823,92.11082951330107,3.1851132580530295
7.589235303765279,117.86066228037433,17.042470677646502,60.325736460110434,123.51449734094261,81.42972347641641,26.494942024906273,3.671167693598486
9.508345536721114,75.28770276046856,37.210558229197005,81.20811893429703,134.39859153223207,86.84036209153089,61.75690080038597,3.7631036256198223
3.7254932096738815,139.82266637133776,19.630027040531004,48.43551636522294,122.5578927180126,92.26836964939353,10.504869476381938,3.1975347864139616
5.5820194739762945,223.75013713099005,20.665239705067165,55.88177834340536,92.50128545830425,94.58384827206037,24.079466338797438,4.580555570000333
3.558543231323169,298.2228253862847,37.20395889367259,71.34709409426148,47.379140726040355,19.702951222603623,54.94007758122433,4.545192249448628
9.134882944431732,84.56018175064895,38.95358002325064,72.02395147009327,102.40082093227629,89.39550591605128,13.686548847310377,3.334542833158286
3.2334671400778863,101.81315133672067,20.544528142138915,60.44885072942775,10.67809712696501,95.08240172551753,58.850439098174796,2.7711622253306323
7.091207386779119,237.55943537818942,22.35460232476568,58.85639352707943,62.84528163028398,72.17147755172402,26.5900625120361,4.28602674379215
2.1630279614657604,103.45342097107257,35.00257243090083,58.073006324308466,130.11491631035042,26.546620233513192,75.38853082886835,3.190313696686449
1.4998887852283902,220.01249263914508,39.25659718910511,61.731798785665546,91.2750668589584,46.07539040663879,88.14623401761904,4.381379960988611
1.978528360910242,187.54204303624275,31.241902432178886,54.06547596365218,46.48731749996134,18.109922030975156,78.26913932206857,3.05984592367854
5.529825032853464,260.82140668429247,26.064617103220186,49.10279481592541,134.9053162966677,10.382180093164965,15.705131342791697,4.525894718662764
8.523139884837368,39.00092922200461,31.864488556020028,52.38282607160244,12.137668394507939,92.80558760342167,54.671157858986476,2.559360531759787
9.993157389142606,294.5316791897418,34.50708777042458,61.27720055011517,133.60951091184387,97.51045686144116,20.005918731236445,5.813522016554147
6.415488916363914,290.3476807841729,17.816397592088073,56.017748120671556,116.32359340683612,92.73636014015138,46.81518098115614,4.992846552786177
5.569233552548081,36.04470456330982,25.882458876310224,67.20459066227252,30.49267451297213,32.85663247030659,85.55923238548216,3.884341053895423
7.97538460941914,164.8675438530695,36.43255158922805,69.71276597846031,18.80660499199799,65.89998374498958,13.704428868102987,3.6090982596576886
1.1055699242683088,138.38504834167782,32.63561685290537,89.78790424036683,143.1729534635608,54.97278625353788,32.64868039612791,4.290812496638852
8.18927373578643,98.62405082499295,18.844357725313625,68.83432068784279,19.384645623327106,54.6442814422968,84.39130240459583,3.163077783747041
7.704605639422358,294.01299871571797,33.880329806382576,75.40482485883771,146.3266266659865,48.55004397379056,46.533480293609124,4.87222348935341
5.530644497997068,77.14212603939019,31.68602785266209,40.39174843130846,68.88806541214319,94.70624100569967,31.182003561563704,3.308382632649306
0.7183762695908007,101.15971292135762,21.61621921684877,76.82468459478463,59.49060527911003,81.18004562491414,95.446939606045,2.927314821120809
2.4208713149843097,32.22020287484872,23.60007205768419,62.989691668687,101.00616202889191,86.21817106625059,24.01572837336657,2.34735551116487
4.012269694340959,186.66024459530266,22.86016237310309,82.66069485237873,79.44654419636136,13.114960788962616,80.97471260284986,4.416702703576712
9.441611146324984,262.4156325119959,39.83121343258662,88.39998177667673,64.60669167962438,47.07551504060961,26.026984435855837,4.2373140827546925
6.565643829805453,197.9164926264398,19.5930343706366,47.67010853112858,99.6226432528261,63.81804385475385,96.67468840774238,4.1287528604024555
5.345879825863854,205.9339510182965,35.73538251926447,86.07713115540088,59.00931489321141,69.2849359481742,80.74640774165003,4.203264093431438
5.14005099385524,47.906499785064085,28.265885491853574,71.94024823079145,14.809517881196088,90.5391794877298,34.878564886766995,2.960730175978
7.909769450381921,222.99794915989486,37.013042120199074,75.65125085616971,125.4495140884435,25.030262885472265,98.52527924530541,5.327954881888806
3.574487270163779,140.4311930742353,39.546528381042634,60.979858658268654,82.04950902103634,18.10330423000926,20.30136770709605,3.466457152250836
1.3979856359588612,157.90236497565547,39.02707732336825,54.51364701230145,106.13583017884335,90.38789778238262,87.36371944570459,3.7370550264115927
6.93191142400282,187.9542037399514,36.35632625721784,79.00187148399054,90.5243439241714,55.59573176334904,72.94864483216685,4.517085014370568
3.625652075087154,293.3483782368831,25.339305340788655,36.2084486289436,95.98692841390273,58.5294006814872,25.649592438469632,4.639667602936753
3.5931319513266873,232.0094790437094,21.781798484034137,64.73276505122611,40.65156261374217,90.10005928124971,59.17342563631876,4.234452939279675
4.819794742894232,214.66031425533194,22.987434817265964,39.06063759085655,140.85248788704664,77.48289750761143,11.073233043387852,5.165200575302361
2.8059732064858123,146.61111939203545,31.328450784722527,49.0049158013368,72.68118082145305,75.76790403089919,61.581491339799314,3.131693146122106
9.256174033167706,39.3016394627919,23.54651390620222,74.88595149032324,138.8135494058669,26.742561507622288,62.39832016906868,3.4761154053521306
8.546219010638728,175.44486153868726,25.872216096540793,76.5106236580136,122.96852310685391,65.92692633187788,46.767359373937786,4.499109086911555
9.915339144244083,208.4379322017175,16.993409831736738,83.89738335892343,110.81145813286447,50.50641043600926,84.19742069412824,4.49688429707991
9.663213561341294,220.13121487121796,34.27529056600952,74.3490478950535,74.41650064691191,64.99373488521815,93.76723225266376,5.0732419193378595
3.4873257795287333,194.12789248431707,17.78673397321608,72.11102868523636,13.170110232739491,61.81094598749014,58.03856803818204,2.862315105280815
4.115680607467459,111.09909677754068,23.425663808508382,86.98145135661032,54.129700943758365,12.365197741913779,70.6558204325041,3.252847037672448
7.133450907850692,89.6784784547184,29.76084930567739,64.55752815020983,103.08006295848747,40.948786492354685,23.127028731653283,3.454956249440173
0.6505360742557023,54.325385858505584,28.279371276859212,70.96349069215472,56.291467460311786,51.202288635693236,99.82882237921442,3.6584165905649804
9.941944411193466,219.76447067881767,37.32826406057632,82.74345697963224,23.877831698573893,55.01997294666576,87.21245196619391,4.3668019889702006
0.6030092796281068,292.1122041357595,31.46720342625931,77.00323304006088,82.48623270621205,18.952234267939,95.41249782823402,4.368480489752087
5.549116288471957,171.75606549911868,34.726119464427384,77.34590519339478,31.627136495682898,90.86850112264636,80.0257808205432,4.218621171176695
6.852652965238518,211.75931964901267,22.586148135350165,64.52156882795637,52.87087166201855,40.08841234345583,39.062296950974165,3.480396584181445
9.184389925573795,217.0026756917952,18.306433419710302,64.03146437876427,80.26782387971116,54.047977787239354,29.951330492887674,5.246730839594127
6.619295047392045,73.58936857215251,33.58324997753551,70.6788679833508,26.2791760601404,69.7354672903023,55.99428441556596,2.7369450003177644
6.171203597182311,81.78638309085777,18.839474450482392,73.53005147185269,25.753995363366485,74.71734724753759,17.433939365707953,3.6028812204123195
3.3534133419279186,86.20785219995258,35.854155093052306,65.03560125646668,39.412434978695835,44.022476401561754,59.66366380815584,3.174566268513732
6.113753252139345,281.86721410188375,38.575436079908826,45.20068182182702,92.85279480024978,21.62015436673537,43.292800354060844,4.492859513689302
7.622164373426607,34.206616350200974,22.07319648364913,48.66264005911507,140.6477042968202,28.65859023099044,75.5140588945281,4.246272345173894
5.39812095007417,176.11556871256806,34.0251259309733,62.119131154642716,43.46513161842748,24.854667169566223,66.31229935077053,4.052920103387195
7.906535333727683,131.83795803455757,25.93345796355866,46.223567488869534,110.77531965350565,31.97240240676559,32.186810454128974,4.071055036592239
1.1613239453047555,208.02459076413226,22.47493364351445,58.29180596394021,36.51299061799617,64.3281698199519,76.00976867037141,3.447250585379136
3.6860857844961474,89.53288448766341,25.77858333450871,43.092756165609835,98.97209771146386,58.21829384148806,38.0001629566643,3.604841080651619
9.618232373608375,289.51612132563673,31.16918209355765,43.04278382228241,29.280713178008696,25.176740304235793,32.373302415721014,4.158833858163084
3.572721924123465,119.42814021777237,39.701706830382754,81.37683451566814,128.35335167551236,71.3364853944305,47.66982104634312,3.95228145356119
6.407625367248065,280.0002310364747,22.501093341890673,64.82374973938195,113.95125801359902,15.733422933828596,24.20680739819987,5.268779178230939
5.438905197834759,189.08409638130303,32.648579871328096,77.92391879999032,105.30170225213946,91.86463196357568,39.26440588313743,4.61109323648845
9.39792812656579,141.90449672230648,23.37175257901813,35.63466560794566,12.052648668474435,60.957174860165544,33.38637493552112,3.4226914692847483
2.0463328258574958,228.1490912824543,21.28485187149078,50.70970317568003,127.09737922659981,63.13755923895967,11.955692452206513,4.036063781174924
3.344186945342712,179.32746205175712,30.796053543913033,35.972435100896654,31.11907210567747,35.73044572747696,37.07886593755093,3.4151980464907528
8.69258440159318,67.41728201225662,34.032201316913714,35.18601800010097,84.6884621407411,56.04733027178718,52.01500677313925,2.5843633184924437
6.828924175345386,220.21208391025525,32.93465079298588,36.76090224352949,118.73262933713654,48.363156163725215,84.67645403307182,4.207175094812593
5.658968926355972,186.4633563227024,38.564641964832205,63.68383417828078,98.43387236453408,95.56718014768924,26.242886963760697,4.451632129681098
4.251553723916292,182.72414612949527,17.684229269440802,39.99521304252067,124.66346272071239,16.859931166755754,39.465013959629445,4.370381963218022
4.407496613694846,229.2993606987103,28.516591601679618,78.91056940371914,109.23929908499579,51.28620720772018,12.643644341564732,4.45783476337488
9.381765486262763,206.4396506473932,22.27109483390991,63.39031948146556,115.85065756270778,81.23656154307416,16.75973909265636,4.817251477544287
6.875218243071213,128.88549213813252,35.423926965540225,48.49441837422414,51.82763422163965,59.01193817598306,42.05034120854325,3.574420972094627
9.326434670943797,115.99196780637237,16.55066379363874,81.12614291956203,63.074813787910976,60.869616558737064,54.99355353208159,3.9298128408655004
9.735768033485934,97.72109117779839,19.395086299056643,63.03007153669795,80.20341029173252,92.00940531910669,77.3435786778844,3.8611989982103454
5.6965760579803515,185.28926621986116,34.30071404367812,54.29394710475242,92.06250435417567,43.81235063136798,78.6862072724599,3.681016000640991
6.29394497969747,110.96969496771906,23.866033011518482,66.23728557649858,106.83394184541939,10.18579199778263,92.25808508085193,4.131775723293123
6.735466826175132,62.51293878557757,32.04500282024617,71.99348032218482,87.78046253002562,93.31042722862095,91.70165001357236,4.659854935327289
8.472105527358597,241.3283228834133,39.96264194266416,65.73420341727355,109.46401270688725,12.97537734753929,19.134971364385102,3.9301467812720827
6.761181269759861,86.46570538922833,26.496227576691474,86.30319069526155,31.105041664989418,81.76637115163768,20.084724988389368,3.204815490184123
1.5891505107330868,74.51678779801149,28.32460600920324,54.468555121403895,65.25052599099882,22.563479658904065,54.711217157813365,2.7313432300121767
9.45308604076458,259.2302626629808,39.38320158028223,57.54721757723138,137.8627622073688,11.861576896794876,63.05263158524825,5.892944449827701
6.778876405309519,219.57456233867538,33.659837221455135,82.23699486420682,40.373992065323165,41.92032135630469,63.81012272003495,3.520300786912694
8.764214082000649,236.8623807419506,19.918924936850054,70.06181514642488,30.112521569945848,87.76507840803625,53.76485894768573,4.2473789145202305
4.535008584928697,124.5973474519313,35.10750539555721,88.14467121253259,114.27309735530667,13.32440821616956,98.30793685953454,3.6082084449147103
5.009805399960865,196.70777608496851,27.89646029193596,78.56905619111186,37.220080317203234,33.64120967189357,55.806012501697154,3.244395655214686
7.04413535086407,281.69244755908574,34.68423532159716,63.21105533287026,74.06533338564327,35.114430530701,94.17798698705877,4.088663084797461
7.87583787015446,106.32826085995876,29.963813121800847,69.90950741850742,109.6564379713155,18.532623925926064,98.93722308073978,4.30646393996512
1.2453577448294726,48.61976581049754,20.683286321293053,57.334642506902526,77.87901195648229,18.330223918844304,49.961971233677644,3.031044021711034
4.369756918497421,76.13707595496717,35.36098948542042,42.02050905819345,136.21153648772338,91.73625536403554,22.038780548910083,3.414173287885741
7.813635612791471,272.3158962328954,15.050663343252355,57.39107977709072,132.94078325201247,72.57660894736539,39.332624497704785,5.652092404366744
9.926241336389953,106.0133921922474,37.20075550900445,50.48171792068213,80.4130791433995,38.0023781701351,42.26858575351061,2.485114348697265
0.6106032863644062,162.6382848309143,35.46523064317918,72.29439236298913,144.5189110389655,31.44887033139133,89.94951687366736,3.3777284732695354
3.0156781606964818,174.3336121979624,39.2534997943125,71.80584714091228,50.84834167598222,13.859309159805997,96.55275221368012,3.071159229550351
4.916061528086166,289.20367875477206,15.888443517717874,86.55523414471546,42.74487172196464,42.29085081067995,25.268870747928347,4.088186601553003
2.6179461667986526,111.39933413226028,25.940862572036536,39.37015922655716,103.83428816068094,37.102110955794565,11.806626936216142,3.244800234228138
0.7557608862977044,170.77564856730896,19.228288559773482,60.71626504991261,90.18949108309107,92.5371827720036,84.75967566663886,3.7521469947070862
5.625658729000744,288.69356871150774,24.34973839508136,56.92515513488449,45.15496708915842,29.84577086055651,60.278150773658275,4.654020608354147
6.669286785876814,84.36310141695087,23.994785245748822,64.00911106427064,61.958404239005546,46.46325197995767,77.6055021723632,4.20314918023321
4.4525895794820745,191.4290314879842,29.93902655926258,41.57596938213269,42.623780884095176,71.38126775108013,39.85039996525067,4.080346399351955
4.0138417570392235,47.173824129706745,25.935749844546606,62.028459703341525,43.17680040995258,38.906233733921894,24.2667796001261,2.8969870183919655
9.863300321705108,101.00329823767824,39.13933033886154,71.13560520330583,61.45992854531872,80.36073639012501,33.819434034242214,3.4841264326725327
5.036520970591609,48.68803368771176,21.94434427143811,52.25824670879119,139.39075590113399,75.36307824145669,14.363140302823824,4.168829019208507
8.081659805796042,119.14124186867123,25.468761493252792,70.77431887296984,126.88570146935443,13.19220550378146,44.72617824241944,5.019049155360271
3.22815463586012,85.73712810506206,32.51637000802546,49.61194275444112,81.73854591898578,87.02475650295432,18.930419059367665,3.579833624419157
8.386788404182404,245.57224516199972,21.91358377279655,55.31179741426988,76.88773194286509,42.75100645242465,51.739437748289426,4.287677109661192
8.325147047399021,155.11677126137687,33.095277358444285,84.90085651748576,14.406993027135837,18.62701687784618,81.93020159819557,3.4975709895282274
3.0431701537087212,139.35005771371561,32.71781232668566,36.378211486016866,74.72146312495371,72.85110387242307,14.286728009635357,3.648561283287088
6.730622045346202,216.92724442186565,32.805955560364154,50.00528886535197,97.32875889241168,77.24319835280482,90.70412218196167,4.337162195636691
6.9791422785298325,285.74381511768854,31.876910642904384,86.46490899870685,119.00262898897772,16.390872806469105,21.083713578017132,5.166066684701133
4.704847524965318,111.41671609981564,35.43650887642355,43.08735501617923,59.837156881888774,41.852858970499746,69.03827391912007,3.352614611480099
7.850910597335667,48.022782783208704,39.87329241451924,56.85742977390271,138.71442695278267,90.5932439719063,31.648217069072622,4.21676027103795
3.415409981371398,59.640645158634996,16.38341138165214,59.97526171258822,127.62698969214604,70.24941724195672,86.0426414736274,3.197673656094913
5.10058247161735,261.44805643158236,27.42866604689352,70.8956035524447,21.512681916252397,58.0529529593072,10.931681942811604,3.31397593986695
9.90644120538301,258.38084763821126,35.32702325048955,68.64753097700432,136.4127276442529,55.370168951292634,47.92484735130233,4.92508623500609
2.197418880703494,158.34865986668572,15.001180245730536,69.4719289065325,41.196098875433506,64.75746993183057,96.57118871967694,3.467767235667809
1.9039358591638673,69.86360009260277,28.62883111261576,86.72259132548612,139.2645239552345,68.7718841692367,20.16052165641471,2.765527763887666
1.8508875302705206,172.15213167934883,31.494955390114203,56.60317163384504,98.29517447224156,16.19529208953984,78.45799130158603,3.494538860161866
9.982038082428431,210.47391034854382,19.79356683895677,61.93970584779897,67.6688343829565,40.073346101029,75.3956119207179,4.903443101267621
2.0191761276391547,119.70385233445455,25.020512582943653,88.01857901493474,71.10315728921196,57.39867569952477,38.72573042148913,3.6269435975289235
2.3072727499034364,52.27986778162354,34.736279838885224,42.048387489340925,88.79041030612491,75.73073257144891,15.440913639034346,2.9679772978761485
7.1004725613705135,116.92424326659888,16.667068025957338,87.15164481537971,128.14220125870744,76.84972540217538,84.97858375197382,3.709854398123293
7.715217935646468,216.4549709831258,18.371668328340405,87.1554226546701,127.16915238471552,64.49583989926384,91.43908058263025,5.375144443010153
5.507082401928549,294.1592759821686,35.45173679108283,87.44112261067912,68.08642796657736,62.7872347591103,21.50476217979932,4.252076476922266
9.835356632092374,81.32433940465631,35.23013760884365,38.686598996403234,128.8638135143339,43.0975766646043,86.30450205593282,3.90825905052996
0.8696343630518155,276.9300518596167,29.760084093349,66.76614823208708,76.07357475102225,85.12300598686183,84.99010225855281,4.654566890207533
6.397798255963436,153.28818617275255,25.404666305458083,81.09945169327429,68.45712987557025,92.47602067854875,61.93205904843537,4.219083270790722
6.261458534315362,209.06889387172316,17.641293626933205,52.25358342758773,44.05548020912325,86.16856696959697,80.51785729274063,4.742842299074313
3.5518254792208808,263.19871154285823,35.28593234616215,67.48088408990532,125.91020238201433,88.47288944790132,13.553099288911808,5.022997884861015
9.044684465739552,180.5143115947809,21.04363402850884,49.104485852290885,96.80889529047808,91.79290705605666,54.6559288092485,4.599133512400585
5.752376207998326,46.59457368802369,37.82977143948669,42.128739633302644,70.35649293084823,28.185727195686045,97.02926495878758,2.9128479979806334
2.84023254750304,101.76024147241135,34.395949641701506,81.8741006178033,102.73273148699661,56.248891451477206,79.76939186618884,3.7808779492196565
1.339405903907052,246.7845464015758,17.023395946020557,88.96712071321704,130.5416784448909,58.10862679596961,34.13209578482768,4.224619313577663
1.5176294886126724,179.28079569351658,30.88732762417579,38.836052587734564,37.6953369867572,53.68824136958252,66.1178079609729,3.389568775110982
9.024627839565186,118.85005039667678,38.01565008162773,41.672649120945735,64.94188966004435,86.363966761227,29.129483478501683,3.348118608648942
2.8779332422149535,187.49146595376598,36.97920504600859,67.37337971284123,63.24205495681259,39.25350399133485,29.991301163024257,3.3372441054166813
9.116550365311557,102.51392865862115,30.333821980395495,39.7471200704825,20.64306037891723,24.518233565723968,27.041127332071255,2.567295366742228
1.6411201335904217,95.07278095534467,19.29897534531494,69.7140948906162,56.769555640776964,34.687055214972375,27.098343583712264,2.79328027714904
9.847384941594566,253.666116499147,32.00604558304656,74.57171590652825,116.65102058977271,22.88148856121174,54.93619539001825,4.716773770642588
8.41681617319194,138.01825369276222,31.6535514547443,57.80461896735922,45.46761961324301,46.431104057399914,37.8818578932411,4.384802604617521
1.6041730451716374,103.97701561752376,29.718367955328326,76.59337417193538,123.52810535361644,20.512998995211547,80.01634742934561,4.0831062989331075
1.3175367767552366,140.4776366584791,21.64357132859379,41.24959616208293,143.7354990167682,17.881818698687503,90.47005683550654,3.7881392181880424
8.132653233004408,278.57099881957373,37.507420570244925,51.568002702047934,41.35586411839529,50.59047245609902,53.883185421896385,4.051666356950129
1.2416294252519455,78.8129464113053,27.56442256540665,79.42013936812282,67.35328123392691,64.1026673420816,27.21834279919183,3.3134340971111405
2.990719363910218,80.01192391962093,22.42788061564859,39.85913654587812,28.386765355187947,64.68776912613771,99.81991755714914,3.8536440765407596
8.111873188034322,125.51651388078712,21.38055184860486,50.679702681527594,106.90017149574601,18.30579879261108,14.2329014405519,4.124618875815853
9.122010117309081,46.318471944103024,22.025445766385793,69.16395433935001,77.5079972413898,97.4417455391193,59.467963869482325,2.897890685230076
7.792694553457528,50.22873102707979,26.527353618600355,48.606558535823524,92.41957858427538,20.95716598275648,29.768425876774394,3.721614930879285
8.953981797152267,32.96421770000272,20.771287410483474,61.44818414438498,119.01706757955748,69.44171178370178,94.38918318306877,4.3012618613287295
5.818938973855557,69.47051238319867,27.93536412853629,81.04553423936952,118.66507526047802,89.97764471169309,39.24669136266128,4.890690910820914
7.906306039470328,202.90459240121984,19.80058724756701,49.83165099657627,82.23658932164223,89.62894378848162,96.22388058055131,4.4001222411465
3.769770120649528,83.03505661682243,21.773798568229708,58.97179654976101,133.5249142072479,56.09160696035279,97.55211279939758,4.020768441087021
7.959533655462145,132.00329041382443,17.991636344201407,36.003879867372895,140.47037890986726,34.97075211472013,94.86773552490877,4.406142629077488
6.9575386205326275,220.50804080308484,23.93486649615351,73.96032124441417,98.29986305494947,84.50825312482071,81.34523176072852,4.4982775314541055
5.960885604761071,38.59225367627323,25.149241778445987,54.52825646334749,15.37689626240427,65.13308165874665,76.70940422683715,2.5256784206481133
9.926862546481374,86.44590701765244,25.092939918404596,82.30294809668337,118.63519913254756,81.19419351828456,95.74940980007135,4.49992727837137
4.962905486310992,298.88981764202475,33.12218748321544,39.87088529854233,134.8684094338227,45.99928304493417,30.130295139573803,4.218427043009265
6.3828487569202395,191.17968620332962,27.084029355789966,78.0226693283407,87.92940901798846,92.20857940891413,82.89120974886669,3.999829889272136
5.344104025206549,208.1945055444512,32.32513265812496,79.75872146189351,108.05010108403887,93.66334022095752,20.213907854619173,4.845871077863942
2.9748577259716016,169.33296216130597,15.828502511760231,77.68378832910801,59.84619360592509,76.36123861403912,42.56901693777764,3.83455292862009
3.638472069183892,290.79096489924245,25.91471620756731,75.39087074786131,80.2946169622015,94.83101479588498,46.16486798477778,5.469862479683509
9.79846479558144,68.96019549160445,17.244944925984495,48.07841145636791,121.73489371151497,50.81483868058655,99.57937806679595,4.080478217574743
4.225049351139715,48.190653576962575,26.55255010933424,57.920286939134265,132.63456280826324,27.501725808048267,38.88789987261539,3.5740016256828575
6.954359540649078,250.36486521487325,30.379987752804503,56.227379159655115,26.130277290461216,69.0313641951817,59.926021660321844,4.780882713176311
5.887424004852786,31.106019772529386,34.9184845613178,48.25709452447484,12.406029554917401,68.8028580498165,67.0141655460082,2.393821018967752
8.95315008219038,181.62168731053524,28.755477821112052,62.04297453706931,62.302863515768074,54.21898231123007,71.00550373234341,4.055675383848707
7.698055741598545,30.381344527031004,24.487556834631434,73.3643169783451,64.72846625673871,33.455670567610255,20.813525502907314,3.066433710313543
1.2661883569986434,124.02605420789676,21.611560880634638,61.329972680005554,118.26625255651965,66.19086574553876,60.32136945282976,3.9633269720524607
3.8766977786680674,205.73934669134144,38.93607058127181,88.59554144754576,11.203611941582132,26.270176485716476,67.12495049807342,3.220129372551743
7.263178656199184,177.77811917241925,19.957136689684113,73.98171430131964,116.96045505050398,77.79690580912148,91.30136695080867,3.983344015239434
2.0328896761111555,181.1628215431569,16.0604089646723,59.34845064833341,85.08570213206139,91.61308293183886,96.15640405060041,3.878549152429404
5.282672224817812,72.48347275748745,18.14698480890563,57.21766465094167,107.6955544410476,24.995908527428682,31.152448320699065,3.345914575663046
3.5188059591242427,109.57782956666166,39.93762748218849,67.09836434602136,81.29620293962536,83.82441748224346,28.946697345534755,3.4436797695168466
1.1151651830382783,221.70786061822199,37.65300074408879,58.74702019056254,120.70148638399624,27.862481532267253,71.53716796328263,3.823043914909223
9.972887834466928,36.29023406604361,23.006446811748766,47.20660649217383,71.18971444514662,55.03818571196181,54.05352326701932,3.523900065602777
9.32896369533689,190.72649137725878,15.096229428092878,63.65752831649141,58.41772033803329,93.6321505285741,76.92101839994082,3.4988398624999966
7.6014984659290965,169.60771520313583,34.18015067168945,71.99930327887515,99.11266724768917,17.443964580736186,86.36247502720764,4.3631808763617554
2.409745434906786,122.86844808837371,22.513406432489624,54.714471996897736,72.22229429658432,18.079004804903725,10.96161869194051,3.97742201006842
9.890998839099966,120.38933360068981,15.5537333316702,50.5828046639852,52.479701183364334,96.28511351875517,89.08574510933863,3.4796256758582955
6.492526688177202,245.7157488052166,26.41511475460119,46.956593094775,137.8964963124103,24.296441984156086,33.88913325780916,4.858473120973858
9.677716659739295,133.13915294394354,25.6038988948031,54.95519881106799,111.25830479962171,40.78428658562159,97.24572345984893,4.2612986302986124
0.9044996192727595,51.56211626660795,24.043964608004956,48.44021558693294,37.56284168017439,51.309460018696406,48.723580682044926,2.4049245171862914
2.147971814684124,289.75064851935934,31.33418494480649,76.9704297688003,113.61483580706114,10.60263812253536,86.7202730642455,4.213371212997263
6.933845409510005,65.19970082556793,33.15035873405293,70.12928316500782,45.33555407979946,26.927235280159437,27.994193370227617,3.887139088227305
9.118207255883899,245.31253411851935,28.979594293795493,50.78127272396221,70.37826387528779,84.55648784106907,57.264128693020915,4.838738575942038
2.1699310215316974,33.764700097593405,15.349669336907763,89.55072022701373,40.43908548912975,56.69684554908731,15.695924432537968,2.018353429855257
3.512433276438685,128.3875738854258,15.560399651550746,70.51196740384418,25.861698350150625,45.450819113408805,76.13586026434385,2.797669940213282
6.087684649331605,169.09874759538002,37.04359424167436,42.836011258509956,65.86891181298842,71.37727099559459,94.78898536968813,3.885447131973463
9.996779691484198,38.041270709436375,19.661066237838032,80.6135512067544,87.71139533421953,39.22922478218984,85.88107351883897,2.4860522175145388
8.09681832443926,228.2033893975831,24.951609282557133,76.45361521565619,52.29703763033867,49.46846024826848,71.23177670149909,4.880777908691629
9.273846400337467,100.35700262480623,17.588182227880097,62.501575506112204,20.50041986432131,99.43537172656775,20.70442876751484,3.0548419078538838
6.912619078678555,176.1154828555908,20.73252437660024,47.84049384007008,44.94922353107501,79.68575345541296,98.55638101964797,4.164972588188978
8.835027071333196,243.9284607430867,27.13384146866129,79.59819394489742,44.39203374776413,59.857597462359124,40.95662055416646,4.5911736430233185
5.316927807012038,189.60073084594637,20.88866421007211,41.84850195531297,92.70530930972663,57.407091419471094,66.9495571925655,4.592547698032094
1.6795070319508254,153.01558417736817,31.47706628045964,57.99193939852421,49.500815038681075,85.98447630979574,34.56820787733624,3.619420521417731
7.2407954826992125,120.75033774402424,24.18271005892924,79.95274270013957,84.72862206732412,64.07802544357517,84.45899277632508,4.379484077224402
6.21401176279901,42.178411808909296,34.71166916850062,79.07924384150894,75.84754835927356,40.5350789267235,44.0578284863074,3.532085758279334
5.110825609091158,276.51567074718383,30.048761310174918,69.64407302924099,47.290090887011175,47.60125358193383,45.1609752633825,4.244858838713433
3.1124136974188445,189.82149476834456,21.349126423434416,35.42582388752118,113.77040456475116,26.50507256673993,10.403202474901077,4.825633026868544
7.949928615827397,200.51459935826867,35.20957415145841,53.32172703940307,103.4627709002936,96.35685221417872,61.78017421139659,4.697117885800215
8.293895773456631,148.93836897790868,38.302176757147336,81.92588556327145,105.23821483808096,68.69856799814718,32.56584096304448,3.996601156937997
3.959763460633435,130.63228211790198,18.001107475402428,74.67512130148927,70.7013661125973,45.87133786822514,92.96646187197108,3.2657446321512937
9.313782316148313,42.59678001567401,31.7415869989724,79.5827420373021,54.32348839978666,42.38991290022202,80.48349090715115,3.123688949509366
4.012546096501796,75.62773965593749,30.769887247865853,38.46396881151268,92.70373869841288,91.62930827035326,95.68648187009312,3.7855252771343095
1.5218437007214334,144.8980963755934,31.74281836627534,86.74231951170987,144.2726471312081,42.428399830641446,45.07707623441152,3.951111450604256
2.0820194913505015,95.26025209732984,15.779643762415292,47.5977439106856,70.75442555329637,78.07283150074026,69.55570535554156,3.9849391882844007
5.197896968884713,41.999344387179015,15.703146534829441,53.276115516151364,103.13967192020807,85.1883691790766,50.662177509344154,3.1750690060749056
1.2586984368358005,177.42379091049756,22.37028750144826,81.2320663025306,71.9289536379181,91.88203052393659,91.84037102794046,4.21575379864599
7.324919168126734,155.31070018936114,17.005826890135957,57.34205397610356,140.56423244759824,43.57466689140937,39.18350576296837,3.782667165481401
8.053410625329501,143.77071143337247,24.151949438874126,70.36921850417306,47.06033616321014,78.87942129753388,39.56731283334216,4.87845326251145
5.719949160605459,241.74194269737626,36.81051752072973,65.37999653663097,74.17599231277978,39.41935901523974,42.93491694324509,3.6620002409019285
8.986810303311987,191.8725182594532,23.860907030322863,82.63419668843531,79.11131807981636,94.96172127976783,54.801029616516544,5.437963956027091
9.565721434089392,30.38209004889964,24.821156193553733,43.58679446171747,112.01071740356394,11.004414551609923,89.8947341525556,3.4681673296356528
4.752020333251251,235.71567261689302,21.688050855615323,40.37851456284429,110.98324319702778,61.31714045795938,28.672074288496535,3.4547116853911515
1.3467080981194677,160.29864400518395,25.540080257420776,69.7794561646456,113.5218659838544,55.89567432045364,68.61771131555417,4.693553103630647
2.697009041599699,169.53977280618878,34.937803282423275,81.45529385163297,112.61163433648235,88.9860229742748,37.53615707387795,4.0891870524232665
6.747352415278164,270.18464703211913,35.772283360665895,85.77058924786775,75.7661571895997,29.468102675083276,17.43951155057736,4.071022041111347
4.35495163897312,59.48930635039396,25.526474168319677,56.995910301265326,31.779029640589588,17.855911115881742,95.82912821198506,3.2562807299045575
7.007589244421621,191.83903846807945,24.92151404904657,75.41711306524581,131.86133552331603,86.17956062813701,80.72011976276028,5.260458793357909
6.833984268451495,106.18312736257468,19.87663677692487,56.49325751475539,55.4766485891921,41.50917058815909,95.68169428733074,3.706896639621299
6.25099729781128,39.91205395679209,39.390041223614716,52.538143541042125,25.444529627013388,39.24273227793378,46.02427028275236,3.0027161512190967
1.9994093855403476,148.09303732513416,22.77488294616634,36.33167384584983,28.02947587665556,19.477942071813434,78.12822209075247,3.1405452038041117
3.216195312542666,106.575518359339,23.566065939774496,48.756079459119405,79.26622864766532,92.80530211018313,68.6030339766279,3.958303897360861
4.089685452185217,30.40309942365319,25.74641112207546,44.359474620922114,69.63075528538558,66.96620466470407,65.71154843353025,2.879012876884475
8.331970904350097,163.0951477424781,17.01083775483998,49.77369401476026,102.89373019523264,72.29653988673572,13.624332210129477,4.411902958293975
6.98111694925293,114.00332318602571,23.21344067067595,50.879991988031094,95.66117358051046,90.8144198227341,16.45562080823386,3.6716963905819124
6.626875527026116,147.21328555973565,38.26461760922648,82.24002090160762,25.037674486197908,85.94690743474946,27.57365139809319,2.8350780858695726
6.885304774754241,33.167409224899245,16.86079441617616,46.185686018654806,51.54482590929956,50.6632483712784,77.46885628470848,2.8049888828374585
5.280419773788264,138.48114177774005,21.012131404471543,80.06143095221879,135.47567174703744,24.379483738657157,81.85080116975053,4.0916989049888866
0.8765012969466026,157.00922470188738,20.44377502213898,82.2638310982704,117.33556997571722,70.50825123869944,68.24987772607062,4.292814794145919
2.410646531240136,155.82570974909902,20.87673819765358,60.50769376011054,131.87576836321168,68.56437077818093,27.286183054135105,3.4365163992878713
1.8328704801038123,223.57007222587364,38.86539423876302,74.8483561545552,13.07826717010431,14.237162652957274,79.98555371328918,3.748813542489126
1.1079683117402512,297.6473753811833,32.713887149222586,52.5234194453876,137.69241738648316,90.94612112354429,20.212164006913074,4.51980292147968
3.535028155841335,37.52283496878578,37.99479358347799,35.977401246464495,130.55092258801315,40.17153173344271,90.46210586496451,2.1175495256986414
7.98343682111531,136.9271686249478,36.44026463435807,74.03083375749753,73.31879733717014,48.590177274282645,44.629670246264595,3.176230172213825
1.5937521346161416,261.31370706387463,30.618652322684937,68.3527045553013,104.30232525295806,56.24032559872678,75.43789256628727,4.423421867804012
1.5585139122782576,198.93812552813765,28.9952162677544,60.374999957165016,48.07910584398918,92.0817312767668,25.25455508157109,3.918422739915684
1.6805081823194155,295.5724024124968,27.727497577010546,84.42795158938915,102.20234996700121,25.34408835068406,38.285427449546816,4.462648168263218
3.063306066936191,222.62230480224395,32.23832819969493,74.99918116364796,121.82797629439524,43.18208148654075,54.574584764966524,3.9072629752909642
2.4209678114524253,225.54677728860995,32.545619984504526,58.40696680674715,77.69782174439662,55.120645555248664,54.671948894014726,3.706295600005288
0.6326306064991418,50.542823453456606,29.98643756815538,37.93583626409081,13.95829042812518,99.27088538077255,18.74797770823688,1.7109851972189754
3.126771979051369,104.31878256812973,26.223535353425703,83.18471542711293,68.28835357656587,49.57759424116542,59.34870251918909,3.576443081011392
9.964797414233113,187.628621470762,31.884088540839574,89.15535437445129,111.49723471075446,45.86840309646754,16.76061243205219,4.2868451122865725
3.6966212071313245,171.04602286109153,18.917104223216306,69.89865715005212,108.52585775639366,94.15241295522986,93.13119836490925,4.690398346527549
2.5069608037513156,235.89968513329814,28.78834214876519,77.25103332411254,78.08248753323932,69.53453751638597,47.959071692774664,3.491431836061939
5.209282330175633,298.28757694327066,27.982496453451258,62.83136617599442,147.99927055700795,24.72168354268836,49.51711134575611,5.027406951053917
2.6790004103700302,85.8371514188393,28.366871455671458,48.01535590895226,26.386421732306438,25.822167538978327,61.92941743770342,3.6929950640501312
5.816629412546774,145.66776293879067,27.770468180205256,85.16371200371242,32.16034595927239,68.00074172051364,80.35072479487549,3.969343764865895
4.306230540807885,264.0467933685756,33.7565839151328,72.85928454208207,46.16582889278251,52.03498115350661,16.25813547725164,3.950311736740451
9.019992523654768,256.30028715057324,33.93732229139457,65.17096831164756,122.49628949651199,10.80712510511319,73.2680240870969,4.415691841694529
9.31523299102588,250.64222668342813,23.23956886017607,72.51463940377255,116.7945610056013,50.37328729092241,91.94777604253149,5.646701739739249
7.274081951253142,197.50627716100433,23.768820546294975,63.15237676912645,118.18665757752312,94.57257792995945,49.527705892560974,5.48983592342778
2.5490953535322456,298.16224450278634,15.412150998909876,38.21114717776443,133.14719888063257,77.26409968421864,11.193882288978019,4.1678017407002645
5.002036204797759,126.63393129675113,17.83240249940901,71.32426292049033,72.0075129363953,60.27422582227844,32.26316708199478,3.1145182055363145
3.4015200868871007,61.39960791664156,21.55812691212345,35.28692868297238,54.6002157919697,27.567650389442708,94.69413882714301,3.0243700389127404
8.083635956543793,65.79117520368811,34.14275846404752,47.11901851791967,94.05349452183923,40.20760549967565,20.621759371529464,3.468809527782035
0.7771540369601806,147.63681999401686,34.947233666217606,43.57885970113008,67.38204273856431,99.69753548233669,11.225222249732749,3.393640334425591
6.7936710962758715,247.3364958956444,21.20037831142465,53.70672404771344,83.33768596908257,69.31482967498141,94.22740316505904,5.541087425360869
3.570654848369212,152.2684872545277,36.743881513921124,84.95736017810549,29.63042497230617,34.86588193579851,87.67231554146886,2.789503822978823
5.069543533259626,195.07345933097216,24.392449226607447,39.38358927313355,65.49355127531281,76.41917535469932,51.4352843167425,4.079569926839188
3.5684522272461265,126.66583480910838,34.95129878359991,54.65734399270709,76.1687659571325,18.222838418842052,10.485550181301157,3.514103083940409
3.9655052589544586,223.0044251279032,26.67134418587237,76.77590730471576,22.241660826778244,43.35241348480213,62.53934785599989,4.200117526229366
6.906445068532047,71.34824809096344,32.8150139588535,82.4700390393876,149.2293359219468,30.621773949246172,83.50856932320958,3.6819120811206014
6.1571961675826286,170.43121695773957,23.90782673518358,75.48710253672306,15.290029621816409,90.64072763502166,35.74637060811642,3.444578140743671
2.8188478341009464,79.9849723000335,16.765163972428898,88.08663971915689,138.73218606308598,76.16309624766235,25.54619131012538,3.3939996553695515
0.9145574674024592,156.51987691023982,21.351288400288375,73.27545840854717,21.22774312731046,54.77498760720414,91.41928494602803,3.960304510377883
8.632207193604168,146.23338658149984,32.42722703196823,75.96404808743469,130.30167018996787,46.702010791366654,79.1133679461491,3.999974185644074
5.176913475423538,193.23177780858035,37.94892488156253,58.213725447096344,86.75384877294066,87.27284786909489,50.32731079472068,3.9754012133108265
6.377937130367242,167.57721371623708,30.70728909646917,51.612930321468255,37.48688152646689,27.588852155402478,91.45132973892935,4.010489409884009
5.140743088407598,293.4501047497925,34.22383742830898,60.40314299500842,42.3859744426791,16.72865252361829,64.73403810637086,3.742993499757326
6.37993196586407,273.0841306856635,15.353085228642122,77.23543409117904,59.22517073844245,86.65937041498405,94.9679734620462,4.749937793630093
6.456238482086443,109.40105674187149,34.00157597763473,70.76446816117164,121.16318135192874,87.08465075248452,19.284490537957012,3.1756563754540057
0.6428850991668389,62.71773760006913,35.888437536372926,77.45444389727817,30.600470112954262,31.87687882133837,49.27734374769117,2.364941594996353
5.565961607696281,47.4829726890237,25.316281319889463,69.51726220947731,43.912399397287544,27.57554435503436,71.12950781863515,3.1221316105632706
5.2700257045886305,83.45832567488591,27.347283600246982,75.32057412551794,106.97491028728449,74.91764553048003,46.71076516827957,3.946894070191698
1.4102664047460363,89.96900051010658,16.309327105959447,43.561799027208494,95.95878514928458,22.90466547743314,41.4789338149434,2.5395321600025453
7.585877679464904,269.9439696721077,19.365891407903682,52.80121933003893,68.91544002689511,65.9755897300767,72.58814905570532,4.738626247959911
2.7406640106658555,279.7070375580136,16.41192905793325,65.86554718691482,18.47507203000866,73.11111534295736,64.51187064293666,3.9916847246572127
1.0179908036628542,92.2269790209661,33.28420836404692,35.91010774350981,88.18983049636836,65.97819562000075,35.428523824448035,3.5727743443111466
8.130010253792388,234.85739717606876,34.99660110296804,85.1763474842115,42.09097692188574,48.4235536307799,49.96017253028007,4.334550730952923
8.718751637466616,255.65626881408227,17.716671309581482,48.17194053623818,95.69404577438466,83.45599456536696,73.62111027905591,4.160003636225404
2.7866001849927504,131.9278571030985,38.03990057542727,39.8676208814851,48.43222739913577,93.6985122533084,66.42152590839613,2.862642507767249
7.031682411028399,265.33040899290796,35.98816653422569,71.5337617104867,147.24633469093067,73.51378134942146,50.77236796296073,4.909245817015318
0.5470314035937198,296.9361142513469,29.40712431681102,45.65564759023721,92.6831558436865,47.70561276303534,33.400430667295275,4.31675330377357
7.350924604631896,291.30469991869035,39.457202627531245,65.90640922612815,89.9827765386386,99.61311859466258,20.312978541467526,4.732817739307051
4.915794212686115,230.31484376712842,37.06169104131565,48.69371703737315,127.14757381823611,50.447425656355094,85.61576307746948,4.497530786855487
8.028589511448844,130.34894816620192,20.566044583725493,44.12678347893385,149.0430697069754,20.463708310668128,83.82822157045986,5.554808111885865
4.233822740326304,91.29148153787429,38.8508921735323,75.42478461628988,119.08407898894407,26.432400361506403,65.19724263557346,3.296418071080013
3.835219411447426,298.0749184501947,26.073985099912235,56.36050378113623,93.14536943800803,41.31499933932027,61.420793450565455,5.476912204409688
8.487456313805971,104.56712254978635,18.871647798368052,66.59410174481997,130.89347084678568,25.40049990445226,22.269680325506982,3.865494528303766
0.8671436301940765,148.36332812227013,20.00224391132847,46.886845720503345,35.369268966202206,80.04631947419297,50.20583845789867,2.0935216028265353
2.2780673753259606,101.31362489161764,32.10486319906967,65.38280043738203,116.9921119830328,11.269512894379218,53.547875932916455,3.5708509024185253
4.415224254432064,163.95209206732108,39.68896032881248,58.16767391846142,105.18584235045367,46.52949702628458,51.52734620613161,4.347560216958555
6.165212533218684,59.802884759649615,26.13179236064687,37.817344478005325,88.85515127567615,89.03863869773062,31.788243284187786,3.799071461900459
0.5485688746118829,248.44526685001176,29.328368296417317,74.96804989639239,131.34586250142212,20.596306130393327,21.143052233972988,4.342568969057219
5.963903099340058,166.37892265049766,22.50598972192466,65.38003850164398,109.35199936188111,61.84754368797894,93.8240311609967,4.476817464818987
4.095679126521104,143.26563283091747,36.136437948374606,86.00369197009508,110.3426844769924,94.04640859370143,60.07101839779984,3.7966420657583
6.485019415149652,128.04904201452592,17.878898908520775,79.43724813163323,137.36380458327488,16.443669108316257,87.63124572875306,4.544044336360209
9.116251476097679,186.54176483268319,29.55618382810816,66.41155666097303,107.9176886989083,41.47531834925405,70.47865806597974,4.364052695525831
4.688284110452701,240.56977627726312,29.655512108212868,37.36827807977195,45.759348071482464,13.389559000063457,83.8277876095242,3.647648117477825
5.76849711134593,273.6914606578267,15.028493452251604,76.35552329695545,35.70753018776091,71.39748924413982,29.439783470755554,4.3433795937571205
4.896504225682143,257.2099505689704,38.51405967120158,65.19743102652842,81.84755563410967,47.57493824985419,19.54307747335536,4.091294624003826
1.6259590305102645,150.28855447424945,39.35855963442464,80.92673369508657,42.887701970833135,95.25892464510218,65.2483258756429,3.8363844590065566
8.034573383597643,255.17785704934735,26.68683599844482,66.77597605165673,107.94901659274328,72.21609413129875,59.4411859576136,5.305978840632383
8.909359345451017,172.7261563598172,33.14103956607856,35.11151137143424,127.97934187169459,64.17465153146668,18.68168174062297,3.937709883999485
8.208932522193056,202.30810269949902,36.21779854199528,79.82016612365172,50.85424122284005,91.92900907591351,65.01658254758482,3.6310159907784376
9.502167456344713,212.13130892958858,17.917624504362387,78.96006186151087,137.886417526613,21.66960493765201,26.370921366536535,4.350787858235435
4.946270919070401,137.91409519313763,17.11547245544653,40.46714620295969,114.56650782362283,80.51004815350795,19.73503367591878,4.901999550413537
6.697056677276019,161.23434381523583,32.23274549777386,72.61029060936303,148.33972764198936,75.68242553051016,98.67057030731549,4.688770492196285
2.099245247387024,216.99902890645274,28.987307806410765,63.93553585104285,37.8186039644461,70.59258696855565,60.01447210032204,4.193018058758166
9.779677151212478,113.14062613390107,31.984841879985286,67.44544016812438,74.61658936650534,67.42691013366066,39.679054892004416,3.244213776695628
6.015263473802709,231.66658876265637,29.299912693044153,83.91442936458373,99.64310829228712,21.19356999629472,18.82502374690846,3.8568536697617084
2.9857995269583557,125.607848674831,33.159794317271846,48.7262691834503,116.80845726263307,83.26390372237451,92.50502065608623,3.891212206882299
8.151055644504385,188.08215994702428,18.87273145812157,35.72379414211661,137.67057616427707,67.16386584344505,94.83212554520375,5.439518858202222
6.071665613481367,256.1581338344396,20.39045347733562,46.470916412654574,134.77780447006987,79.43256811180801,33.12598092776863,4.354669389884535
9.52191232870383,36.26532829131236,20.925579150764314,85.33193193819179,43.05706830826737,88.84810784149818,49.15225737763328,2.88637606148876
7.814785100962127,94.89181219969976,25.41300246742197,46.62827352013346,69.14595648739517,58.81833858065403,68.09928188574878,4.07469746381302
8.834015820506371,181.51527176674466,33.989008470382046,72.09808289238698,110.5626844676903,96.1196713225986,20.004111016681858,5.22248187706505
5.6931750843156825,58.64765883957309,35.78492028362694,78.43271266517769,28.523994041228306,19.82812423618307,58.326154017468696,2.9013619936832855
5.414430040781747,85.51246828583092,25.032415121176356,79.72656503987434,144.31113338113778,10.363407886097667,29.677779282910663,4.170135176345122
7.694601476501379,232.25415514054384,30.05124449230006,35.57403848174071,114.57338728633366,39.69492527242524,30.273746918939118,4.105206921806086
1.4976327672058742,36.972222145214445,22.37946001160679,35.51713261616736,126.03786373714375,29.489508530201057,64.27555019335668,2.4685661822275424
1.0133001190938449,194.70992511299167,26.89442263585397,89.3955558576937,137.0422139631205,59.82489003470248,37.90673899372938,3.7081837835152456
9.845171337677893,39.22240470227963,38.52276321890127,64.00847401434649,34.91326132929589,35.22658567857948,59.53176519783853,2.4264146227643666
9.20480752271437,61.29939818304402,21.73214766320609,38.503684447733015,69.09833815095908,71.93238727403372,33.60782780674846,3.427983604846385
9.578778941826615,135.3920131202584,34.69859172887142,36.474488423502045,101.23376939931642,95.07956540227943,53.8920479654234,3.522359082329396
1.09245860321576,290.48754657781154,16.054855369073483,79.59241756850912,125.14455731140912,79.23308178946111,93.90084421837696,4.907632956236797
3.058363413145464,177.37883843153577,23.631073961464082,84.77253168367801,113.32061720114439,47.822666646933015,53.625281873225354,4.0235850947290706
9.064652602343171,114.30052656603051,31.469531815796763,63.84708741160196,27.014353996200516,98.69526439935369,55.12161834690461,3.3434353763056306
1.35005598032326,141.05811617860027,34.40002396461321,55.44427377695831,100.39407392542053,79.40641471900881,54.35560940543727,4.030179487078996
4.788627865029779,183.56849554093262,29.804630303256367,73.62961246338038,51.16751653819321,82.97934240104884,87.0906171055867,3.670046515814726
3.742267854561863,197.242460373354,36.73055337314631,36.23135907769618,66.90969332310604,28.427414183838103,71.35651768377949,4.266483253191946
8.858579545755727,102.33388778398982,35.519645647086065,84.44036730280916,149.1921815397973,71.82095192572984,12.75627660563238,4.483259191932245
5.421723257202901,83.26949824832937,30.43762583952818,49.08497755347981,31.987813597500924,16.357183526430752,20.615870615965065,2.3517095782732147
3.258554730965586,163.73351730752788,23.703074956441846,45.499981601635454,24.61327479243976,31.177847210059802,62.00989896840445,3.833756893868915
5.480861169986082,204.10983756221796,24.092762951223726,52.0935796951782,67.28017778199796,11.479401605489132,78.41627937342236,3.5443393733552213
1.5682389533155972,250.4765982757331,30.37742290300908,38.50501996496884,130.97792720763942,73.47125284506734,20.530635937069142,5.019767526437751
7.446425959286408,190.05473532723673,31.413792366064587,56.425822423520145,32.70915809600005,11.885159968276044,55.250614230623704,3.795134675993103
6.374206767369147,216.95720276370042,24.864669060632256,74.31113153318185,21.193395493730232,50.42590986581297,67.82457185974808,3.3109082691887806
6.206733420078884,160.6744005009061,24.937934835412293,62.401349870314945,68.6388507974481,68.39806181596572,46.072206477033866,3.461157823169591
4.659521353579889,183.01419960401756,19.41949306627657,71.73884681439353,98.52173038753338,37.44959999751654,72.41564504904338,4.002788793298059
3.2953194543929123,201.57084275148642,15.007188069662522,46.7574576037145,31.656951369116943,43.05523989483706,40.83637222467931,3.7437772884731553
1.1211162009779536,93.80943590607671,26.537288074588773,56.88397453300397,122.64243886345854,88.13431079547371,66.07168479586883,3.68898952564041
9.49680878921651,282.2000222090867,35.77103128367703,63.5714760371663,128.42822458131005,91.12717375692037,78.91392948841234,5.273875172443583
4.457262254809564,123.24150023557908,34.16353128413245,66.49071594429975,83.1634296207487,87.28300522244456,96.02351996857801,3.928822793553017
5.211256187514416,193.2657965346072,39.84850845226238,45.25180661792102,14.264940043616646,77.49409880491,67.50056448304781,2.532929811478198
4.069784170534463,181.45763636367937,31.735144483899177,79.42180243308056,82.25431927285412,34.977641730908815,41.64214885653346,4.25076372323258
9.884834831399939,260.40327823233997,20.84782465097129,39.96189214937801,39.98551458770768,16.720942256821267,74.91165734023392,4.8033153690354355
8.063634100877646,60.67318126898854,31.933720045637234,40.40579879560786,72.453581172134,53.98258403330571,82.40315905073757,3.7076064583979895
1.409722135423007,268.7423745486461,35.711969814923805,48.733539816080665,116.36321197131248,93.19536597193816,47.3172656564696,4.304955368777394
6.2776631147189965,66.99406369834031,31.024925258700033,70.98506800395671,17.618640470515473,30.103627879475397,42.631031819044445,2.4561023563825786
5.104028449698154,69.02320183883975,27.04310551519694,39.2397939548682,10.021284116707637,28.85944507931609,23.72211953499024,2.1165352260256025
8.036844334586586,262.8088048984253,30.462811945500164,35.42490784136704,28.682871691874993,80.16839221890464,70.92096819065404,3.7812765356672786
9.974502115490106,99.41751472669594,15.645065261429172,60.96998665734452,16.351705322121354,63.278936782234446,50.03822858367354,4.175000114533014
7.570914035722914,195.18234718540592,21.627812679109784,54.06613849934344,46.45881088657966,46.3869888650887,21.961780855841717,3.8057507195388816
8.716823797647436,155.17489924821353,18.943432376115148,43.62104728167715,66.59752788103673,87.64032477428083,60.53115278279079,4.36425573634263
5.275037272380244,282.2518881861432,25.33538588666851,71.0758128899045,119.1591872897885,62.42754373081549,99.08909012272107,5.695831927073398
4.049180908429154,241.16267678000057,37.32591346431987,70.27872780477473,14.245812016056416,92.8240795605056,14.619670117962933,3.822181496789118
6.611156974300961,120.44832000256645,19.698736891006185,41.704107436435656,59.13862157017962,43.133522145786245,56.39665364010095,3.0013365336465085
7.619474930492924,249.62900157558906,16.77461525530548,47.63907359578591,140.12216300127974,49.96679519715697,94.22430425798366,5.223811826156771
2.6615723654382895,90.96289203949598,34.4230484932277,55.07386252191998,90.6932233905612,16.687316018728158,96.32146299320017,2.794030508193464
5.282181058667926,196.2042649750687,36.69757549041873,89.45219470691944,125.74688094844211,43.092047993206265,40.754985762990046,4.507919501285071
1.5810143745132192,232.9276183656441,28.284870475806102,77.27248101936232,77.69197349605133,26.17428440740654,25.444549731690486,3.4646452379177637
2.5553517261527268,219.85278871251955,24.414164295478333,53.544093524438416,23.613630493401665,12.954889616471625,47.865414394073824,3.312747109541798
8.87765945636069,207.3041408271645,25.763374302458406,88.09908021470697,36.1714758395227,33.01857154165468,38.667608862760034,3.7713347679161817
1.8749538349918997,254.09158428385817,31.474792843906027,60.02126601296375,116.13152682144973,54.15639752252331,53.43272671292642,5.132924333796582
8.207808392121015,180.17627951718646,35.78128706332541,55.918256761524034,130.97505351983696,32.2621983528205,63.636411453581985,3.3014686658801278
4.039659560903885,280.6539346226249,19.73601073626639,86.93571822479853,75.45585374447023,19.817974517535575,79.1416255645186,5.460975317746985
6.8034530676660925,69.09863834332305,37.556458400677855,75.48965149388488,78.94392745394481,50.63806338723472,67.07416512537304,2.984509510957308
9.148100530602848,126.0413202146849,31.43475190147318,65.13143444592725,73.01712073935178,23.306258878930212,90.28489209928236,3.7949218788149297
7.918537460786203,241.40784318125446,33.457263677249784,68.03831068334586,12.570835765778119,17.739389136834774,76.213922554767,4.102245655860372
8.34644063808534,113.17504111586263,17.172806701306694,88.50457844395261,23.371377974355116,96.41643897768895,56.67826904879027,3.5196899570727047
2.9809161659817582,149.59625896590615,37.958617332581056,43.40958524804822,148.8643306265232,52.836064429454495,20.736931732562006,4.266701997884248
3.9359087344569748,238.67748058636903,28.20486467765049,54.09190105271736,15.881908822974689,82.20946099675017,82.33774803641538,4.317856678372134
7.461524195126759,175.41386025252575,24.052677792514054,58.15590040746467,58.85566802140054,25.37056520805895,74.2749371081264,4.891970974005073
7.883728572902214,80.65674827558202,24.973433661768293,89.15846606233993,106.6960735356122,51.53948947796431,40.25522842627221,4.117513295890849
8.005496542208345,77.20640416847378,22.325850776823735,39.63067496448991,69.47633216868371,18.093216267055418,30.876154177358792,3.1264102526114588
7.531025823340738,111.33271933019854,19.074310662653104,41.14081198954217,147.57293337936983,47.062066594325316,69.22715918983596,3.8996545299129037
2.7004148068041767,111.8133940564419,15.866472061794592,58.945368772274094,14.583416548759372,84.37597962969328,17.580313025154606,2.555598169578661
3.246323081481316,66.9021274419062,21.610204126533475,44.30840100766114,132.4382543674152,90.3472865293954,80.85258545890169,4.389049614931356
9.449389571858529,255.35837879710178,27.415292723467406,72.66565883527143,28.864197892842785,56.710548729404685,30.41962264016562,5.140919796830906
5.76167362658061,106.30918952437354,31.66901546865484,54.837264277363644,38.67509272041504,35.77620521781934,63.41276959092653,3.6686873241960996
7.667278812135045,246.6065557003959,33.33366260723016,81.54141055087067,83.96252945071083,76.01222774921062,37.320578150031224,3.1466149374710426
6.1923589558145045,292.83154916685186,29.890102017472284,76.17358021057348,132.00365439354402,67.50355453016537,52.95160985150595,4.286932708939955
9.28276771984477,119.62957967551907,17.901553916592796,60.89437370292566,67.97134957429563,52.34288899430748,82.05665162776887,3.772256254351315
8.75342727191501,291.9623683256215,25.78871430100179,81.47386653581862,51.1003430704698,52.782718272388415,35.83251979035627,4.627235076940055
2.9830605178784273,81.62421573937056,31.685140031672518,40.54503647398558,66.23408082848142,54.389277795191326,12.978162126159123,2.9499278189126468
8.904739983580944,204.81239307648502,33.57939242726982,66.96044525273754,23.20806565314573,40.53180436819436,16.965330324919794,4.285678776751323
3.350373908412974,297.618640271273,23.11267070816441,68.28231317453972,127.35280532031818,56.70737096623161,16.702753168430675,5.554424793153511
4.6893142885912855,248.26041692499635,38.2110337117264,48.531161260638854,138.13011385148388,15.163651667694069,51.311784860790105,4.562321908952533
8.586718992129578,92.01921242321944,34.884538332806855,37.72917295696533,104.60845407281906,61.316544231678016,17.495283474124715,2.8763827664346047
3.5781812157205675,99.47981606189703,36.293273270900706,64.43594293548958,72.2537478358456,54.65841463141268,47.14022996562437,2.7235607716757793
3.262333222781245,100.85626380115818,31.663624779254963,63.252237725791794,95.98111168343394,47.8506394110888,72.80697728597724,3.6385116498146
6.8522400692612395,284.60801214659296,25.344011904628516,70.94864676427709,87.26135303291302,39.15943081742634,89.18817896302615,5.216699315377043
9.996925442932772,96.26112379953798,38.354212780480196,46.711080750986895,17.217721347602843,65.96023067237587,29.928859475727556,2.4117237910075726
1.7450413203687574,167.59613480703715,37.53613010413257,44.8803848966021,65.21898659931395,53.647776839399214,88.90011134201747,3.7201626170112583
7.160076141937179,124.47010966712722,35.71188482437315,88.7853739145627,101.95601559328252,19.075566149281656,98.02756563827998,3.023513727363579
5.506076185099574,127.54273806871952,37.27817821612021,41.252867240651625,128.69187102207695,43.700741937169546,66.31369990586109,2.6711338991047655
4.400866157932683,140.21882619485322,37.91527003077811,89.96747223117218,60.25621938558942,16.885485256863802,76.34985150690615,2.8987560674270445
7.623658122224253,123.16213493598615,33.65893164316518,74.59872257838313,124.69809560769934,44.125247170436396,53.473372289415465,4.726369872524368
5.770945129391287,191.98044090402945,20.00840476944646,69.61272310706451,115.96823386034269,57.95487090387265,16.736317879259868,5.063995965575031
8.079205906393263,144.87733013072022,28.463681803837837,53.68809225172875,140.10341921222957,45.19260668627972,96.39465085270116,3.854954861093994
7.56661247511629,149.0731228209709,30.399849219752724,82.72917065868532,148.5203224578261,40.746701871299074,95.07399462420004,3.9128748468191112
9.858630347378968,166.618374281305,34.334336322539194,85.05338867596149,15.842515864074862,35.3034362883178,39.049751832582515,3.763291476672687
8.203225561035438,126.16820143773305,27.37868074128987,74.70361999965915,71.2458977654666,44.359525309841416,27.616694393114038,3.6031092762312666
1.1345980755716703,233.73108727128664,27.82177852203749,74.04387185477191,118.29842691276977,16.237962932843075,15.893620883111812,4.771864808744689
7.906003307669192,165.94023575103768,39.88912535211968,62.12350480627991,125.24331892114161,99.45106773793121,54.803693191618024,4.765767720299853
6.6721805919755335,167.4870056280925,26.305131061167735,39.28091759483084,21.599591214909317,59.98052231750807,93.22920411181843,4.130923074566385
1.353008327155979,86.65818867247765,18.250245997399865,89.94659742245287,94.92268374633058,67.25581751464696,13.684723359225183,2.705631624374281
6.25214767092189,38.32592447435003,32.742095108027065,35.855545967540515,135.7833592689484,26.482658702958343,65.03930523397449,3.637021211760066
7.632634205391625,248.50428134297943,24.06354150094918,62.24685696621202,41.78826997224601,93.10642855020535,85.20058024256322,5.520244022656685
2.373347875821694,260.98009874552923,21.213473674097454,55.19238719783229,58.630270112262075,61.40476278063708,44.173225196692655,4.194131396668144
4.631660655748979,95.13663509675744,30.71154918000188,77.68727972796226,65.2787133086562,47.29365485058993,65.07790983617701,3.3982361361919353
5.653619738317125,127.20872140480195,38.85919180387363,75.46792000947372,65.23528543806007,74.18926244709152,49.94319103811631,3.344678367080383
4.424950826660477,126.6648375583675,22.820221377899003,69.54273391087139,88.63887770161095,37.39153495057664,15.885962384860967,2.955067857634983
8.822045628037106,214.73733051271577,24.306781177009434,39.11061984423051,18.512899548619213,94.11766191595285,55.401487086181575,3.5566302217102357
2.104580451523847,80.55369854937834,26.63725093848459,48.02671962575375,119.08656840932481,25.23827119761384,18.01520808591623,2.9384297770589964
7.8297777492901215,294.25261323626216,32.199861404001894,40.17871364072722,27.202791125650016,84.97994587606871,71.64725222994312,3.7264855001065276
7.891866329111627,46.70259831163821,24.898721314716006,88.84369989437738,123.8642352432426,96.99474842798146,37.90877884371246,3.2024715736218337
4.7562846284802625,292.9172233760968,25.627244226179677,42.02805926837535,12.393210584530774,54.25683315493318,82.2252680528006,3.154120825697979
5.625040923059307,48.57116374009016,32.52263494571744,88.1955998374583,120.18363734941103,88.89939095443651,62.83324660252239,3.334423823049849
1.9588432684730486,115.72878705273301,39.62837717686597,41.199169484369314,59.73739681213533,16.440655940742637,94.15276651994223,3.1905194008910955
2.353996935146213,97.6871776167211,22.912601738256388,82.42266892677105,101.8201603292286,65.85300242932766,76.39681269313488,3.522685784852428
5.550815714970118,100.10125571387725,29.633186895410358,66.60465961277951,35.084083276022284,42.0609368676749,75.23681698727606,3.181495376749134
2.63446743786817,298.5607613892567,34.86010471351055,80.74491122316869,85.181347022128,42.78802371112715,37.41515209762714,4.7669529081065996
8.1614211539716,153.75497298841998,20.30319849659908,69.87186770277914,51.87559079148084,50.53269945655709,49.77251084545056,4.581078847563752
6.354071792129231,62.26785251306256,35.457978607229606,77.28604419078097,10.549453471421046,63.70987394722441,77.10118066239286,3.885317611873526
1.0374974448418317,295.2155905407846,23.873265794874527,75.19463802553341,111.51974207571504,65.4412155408958,74.98075250137377,4.879955086080008
3.899828349213929,95.51970479606722,17.775573247622425,49.310283728907365,28.364624323160108,35.044535802118375,72.306094376196,2.756792193203717
8.655046347998322,49.58770131090115,15.622568509683614,86.42765608770404,141.55859028684912,44.555136557442374,10.71559665074369,3.390093238490001
3.1357184563193954,36.52876998057479,15.827171122212054,70.40053573235616,86.12143055529617,32.45736302021413,11.558933760749317,3.0788484016254296
7.3373199431171425,155.0723056924556,34.94105953736955,46.1146265216416,10.234404292904314,66.92862678126858,16.072016629813817,3.1333228599770133
1.3911013109623476,277.94973941380186,31.873465632483608,51.832311665803644,142.289218653441,19.18313500503444,12.842513120070047,4.401815238338371
9.34006971251906,34.57932805233292,34.83725318763071,64.31780539520337,28.589717889262364,48.12170340327614,79.55641527928361,2.891023321336738
4.768783972671041,225.79763637783668,33.823695429756185,83.50047039717847,126.75176526982403,98.06386394808284,59.220516752900686,4.351521750669571
5.169873538121619,100.31389457266214,24.524383424735618,78.82142159978244,56.098897385883504,98.99004872990118,55.44059976077993,2.61053664027762
5.913386246677111,89.14632568992766,38.325463647674596,51.61264036905005,89.52868426724244,56.61669280744309,17.703947282429223,2.9877796948852526
3.9526072262011875,220.02324204982895,36.94863941800366,72.86674717507441,127.00153551132692,32.27140087924001,79.71609517003178,5.129304799574251
7.390210361416735,231.92578141863694,23.708790755937738,35.091125654156585,17.022142396864602,62.514633857724135,18.355991062051565,4.445312063878401
0.6385438742099537,180.9341189035068,34.323525258363546,53.29525761200219,105.20812089227866,53.9614707073745,29.963234527693412,4.020423623205101
2.040940542626337,84.60896745007484,35.49145460387324,81.17773732917527,30.801529939631386,13.823803950107191,83.70182896431629,2.423194497296816
2.293798717296206,31.703198151046138,27.211609860481538,43.31606588481983,110.29542979335511,99.01852240891307,72.33194403601985,3.0567421114845654
6.535731747361568,229.06500410420313,18.010472914280555,54.436739510185916,32.49856115483979,39.44505256203716,18.33519263557454,4.491994545741386
8.960707738466887,191.8959134859527,23.351420494728742,35.057382438897285,13.072113208415967,45.935167353240374,16.65046147361824,3.0308926504732843
1.1045775440726655,144.087483217216,39.72028198250523,36.27229994134634,31.761338699412963,56.220492454255364,46.58473067646091,2.7160477507644796
8.598356699738291,87.66712698411716,32.898384381980776,43.03104450514659,97.60329034934709,89.23329529049612,64.30543766587292,4.574234510624713
8.285379159649036,235.72228649837442,34.367771973849486,40.602468041420515,148.00175089611471,81.92076368121717,32.20846978233568,4.972806944289724
1.2279437905388098,49.14172282119824,37.79810778870158,61.9351139052597,145.81707879323957,28.499513154633753,62.66564477384806,3.068352508140266
1.8606700258997293,203.5296494071797,20.069071892182663,84.50024013499846,114.39677576424245,74.48016773833393,42.34627342763768,4.715833972854055
3.8254305801896153,215.86757265196758,39.21010076814936,39.655293852156156,125.44126379902852,88.71082402398635,62.97680677225724,4.413458913046968
1.589361336373404,90.27946826798191,27.953550193957682,82.8410278233988,132.35503413921393,74.28375244633764,75.29606606981287,3.9189262697465748
7.703718283454593,160.49772658234795,33.61696323253455,71.74868110779232,83.96952687666322,22.526589124954356,85.88459108629188,4.720519928023516
5.288658480762634,170.4538297378662,22.955258199702158,44.28921814855966,42.00434870125828,58.50086523534194,27.626206543634538,2.443601990427804
4.4022637787219425,189.64611936945653,23.235173109106423,50.93550718119262,102.55340310096543,85.47021414928717,17.660841905194733,4.421524035742644
7.387002439968018,273.3207512821991,23.989993213417634,45.680091540573805,29.82299893619873,27.60553738219411,20.6542152078286,3.754218717374737
3.2825060441105305,177.53207700277522,23.70147199394643,78.4114151215577,126.530492440757,58.46835647668557,24.884190386919848,4.193868642425696
8.779548443589276,48.17598394460839,16.562579917607547,74.8805195949497,67.69274441279487,70.25954396141827,39.19191178171353,3.3129261920194675
6.712684017467679,123.14241439543186,22.739357885104923,51.74251404802169,47.30884861999368,67.18329830866995,12.577199539914858,3.143770508954706
3.791800464429639,199.64824865057903,31.184518029901163,37.988388127700624,128.08412067855477,19.59436347252553,84.928479547659,4.385294884247151
5.628790558054534,119.94799910576582,37.54932360215542,44.28074179848572,25.56695219887472,34.97102385715141,86.41496114250313,3.2157158975749516
2.964760522896721,237.3438615914417,16.041633454129805,69.64319987294013,146.47569713883124,59.69195740060451,74.18396825563781,4.87974944465051
9.857317037235847,81.27445964545416,15.415708885281576,39.970504352649186,143.05765444726816,28.788688248072205,42.08340518069054,3.813558924174411
4.638241103102596,68.61138089349157,29.80997787097921,64.5056025463326,95.23033066820949,40.03408450547526,73.60739457816507,3.4786835662842215
9.01935445051107,92.37882082601658,32.49185736011226,68.71109566965484,109.69782076293224,47.35687104109559,61.71459549744601,3.8989086263458077
9.791194344109396,266.5429514304243,30.205963443708782,72.8264484657334,15.200920742873583,11.226160117206053,69.6110970354714,4.220777587442844
5.590028369752046,213.85236928486583,39.32608358518283,41.89456597585703,71.19162460290553,55.938065288288044,17.9095349848213,3.3642014757878123
7.434957915921646,170.4131359100569,20.721706714552973,60.28382344728817,133.84632688459396,99.52809068607093,88.7245103633869,5.38516809045397
5.936344475941479,111.0910670975793,27.031119559288864,60.48681420576355,11.613101651626753,46.744105734586014,41.38120383144802,3.124584461146128
1.369892511416857,278.0195267847557,37.89754998651197,80.9405428332424,50.6867898489636,34.68685524673083,34.23027609620917,3.5724440510375537
9.547971499864865,269.9696288970593,30.43743190003903,60.77943553362878,59.5376925500229,32.76958480231868,45.17328642214078,4.699164832467397
4.838046284645014,137.83812276020768,29.428049126133494,57.37376682254794,104.51114927272104,56.36569881368513,32.256826794634385,3.889820839319076
8.993599673834531,233.23543617110408,38.32104137367047,41.79032469778322,108.67745730251673,51.04093943655827,99.47523775118964,5.1589992403397975
6.7282507864163374,276.6622572642184,23.472570267932007,73.19553931164417,19.1265464126896,87.57866359500049,68.15932138562064,4.903735871644659
1.49931346482413,114.60542085420329,18.92939580886604,69.08842147406222,40.45214104704213,67.53202676625408,90.67702245532789,3.233602922073261
4.462003224179974,118.75395277934328,18.23077224497417,74.43224177094645,125.56962196743872,45.87869352320553,95.5923642105601,4.483295652734412
2.3605574696102876,177.3676990437732,35.546807372506436,71.095579023195,36.85448504388599,44.71721799314452,62.31165386068714,3.5097104286180763
2.1136687126318185,140.25897899627734,36.42370973851699,83.14061052442736,50.11473688294667,59.2471531604649,82.04666318940238,2.7643441575323267
7.293343064992245,235.59948543970668,20.84695856457978,83.25403584501655,32.71420471189579,32.80312572063408,91.47604541189634,4.5134499766085625
0.7851898795538852,174.9711720458331,26.42678362207595,51.9225791728326,115.6042939244503,48.05610460568096,23.500795896978165,2.9658871105290734
9.678335404492802,87.20097382749509,29.621293388160183,45.03266324978231,13.794904161639838,35.65360981857323,34.224266954803284,1.3848069033487853
4.774272071487801,126.22456213879374,18.475852482133682,85.95626257136561,52.26782377262261,56.3919582473663,46.1453039223794,3.68344492758181
5.152697970057953,211.2345441542568,36.2202654832782,74.21719480706159,84.52412026889036,59.19421365090158,66.05580888142026,4.433249503429178
3.344574511725969,44.42724583154486,25.471956390588954,88.40375701181532,10.84285954181319,86.21283343652209,79.146739932355,2.995637632070551
1.3133526917180671,122.38513728904957,36.586843848188565,62.33256369804086,143.55805588469025,32.605944241904965,41.05038289142207,4.244519269138388
6.088305444434296,34.345950130294156,34.00191638008117,87.92338461261002,131.7004814937456,91.42524375320849,85.8419964927543,3.7496522741060483
3.7751677358015656,251.63407820669343,22.373856875610183,41.749533664686105,100.62427246397638,58.17415125812059,68.89249893626291,4.371003944417731
6.42868985242196,61.64128157194485,32.91435540820009,67.47005091072421,71.4783171732105,75.41501330997785,43.481987992103804,3.746101917706086
5.779813174169861,50.8452746298713,33.51762585971265,62.320441800642556,31.74296718545719,65.05044206393507,71.26424311537295,2.647667066128631
2.560653044689249,242.3801144998945,22.78157690887543,35.145470681693304,87.50950855393633,84.61349775321361,86.68310746766471,4.300603561715021
4.88571226287247,54.16685290440098,21.343389751792458,45.60942930734218,43.489116134683,69.68257079890182,40.23562609220259,3.043635077978272
3.4265985892010606,214.75088654005603,35.58569468886244,43.4409683172834,99.32243074434143,10.996617867207547,44.82837772821906,4.032874539612927
2.777378771648564,132.56316545502267,31.94832601746083,38.34451086538546,30.38205291812648,45.124776115286984,72.2650526770683,2.912388035713938
7.812191413320571,251.85885390811393,33.48933080843372,87.14819915679234,110.39669529843601,94.45278038841266,48.68399587916119,4.668999295574694
0.6131126239924788,79.36983871131156,22.826381335736688,88.09519516241369,55.20672214615775,50.630733652878405,25.990115422247136,2.1738489307745006
3.054387156938687,52.79260986053605,33.05485059232036,84.04624981336953,80.27744120693545,84.5546175746471,86.87493749904765,2.9328708345375403
5.545313994883883,91.67001210591147,32.85766424072399,89.38844793106549,32.65558509279529,88.20638211442972,28.138999846273475,3.936887085851555
5.023386890089349,281.6764593987842,23.331873282269836,80.6865319552222,45.878755931006324,39.9320164507791,32.17085101514782,4.191474909455648
9.431570605735837,253.86266275436557,21.761501295481914,86.26995885559316,73.02964645131743,87.1952238131851,88.10338993978732,4.922778054601823
8.514746071943819,107.16257300706434,25.78487133005082,45.86971212434649,74.1453804798438,43.969149607852145,67.77603473993426,3.08260312382572
7.640224958288448,85.65081812165813,33.4773050437025,49.12861226373742,149.96889057147322,12.282438610897643,48.8447297585229,5.00535396120298
5.383742266068413,72.34730972700297,19.839686920787848,82.4136354558425,56.959003363380454,72.49667331190582,44.36284210608436,2.845496290647365
4.574613957649257,89.72491962784643,36.856560045888386,61.37050509294339,21.81289656355573,83.82603535515922,26.49127388356434,2.3770343159066476
0.8474109014985578,85.36186472429085,21.38190055204279,74.43348350058946,83.39060651101619,50.644676398056674,16.112458079275743,2.9754513756499796
8.305848371568779,269.8107244931395,35.990842515925024,65.90500005807078,55.05560335179411,25.606842615405867,91.84797565495693,4.042048830793198
4.5917725895400645,35.396195258324795,18.895238982400784,51.81013070563105,132.88873223048503,65.37563039760438,14.025741491634921,3.5590038372371398
3.549190221365233,267.6330775948346,33.486017388673275,50.66591662856315,39.44174448517359,76.44311235007828,15.55111246489718,3.32059592037012
6.263026609470675,41.184671251004765,29.0348730634626,76.14987808767542,129.7928313854528,68.93352570624137,77.68914425426675,4.387132049023452
7.664309279547556,253.24540423863874,31.53647468504754,64.26523121661096,102.90082176614136,42.02133761153549,90.43695151988935,5.287915645593517
5.46898754506099,144.95175383922833,39.35341490499933,54.76621243425394,36.318524327346026,43.14964591997471,73.87413610501716,3.2292921735567255
1.921040167016221,50.84549974671805,16.313946966752347,68.93718341881817,66.73460252132375,59.41876814914128,31.78688384483628,2.053652361226897
9.255641471688426,245.7314059419651,18.728174325958676,58.09656715247158,78.9405528112062,27.405430788614137,34.35851468441723,4.014619697124955
1.5720701543006068,99.23872132161102,16.977120057556018,61.1291163786081,83.05186798403322,86.15588076472184,96.52401058138356,3.474030927815187
9.710930499219065,267.06757420764274,27.990923983692205,72.28503357414415,65.59328755284734,19.20871411677671,73.00742561814988,4.1447382596510325
4.703532468341311,233.10956663606413,35.07018109375859,60.18808610838572,91.84789360931076,53.789471154115276,84.50240899459952,3.954339245723732
9.492920345149608,295.07802770117,16.37061977419499,87.24673370717622,110.34378422219942,87.3495122013521,50.17309126226115,5.603850720056562
9.189172717510296,254.60568047034357,34.4851670631847,61.68559483217042,80.8657324678119,57.6476197329788,79.88709029526015,4.764972730371018
4.359539022157504,95.05957893067304,25.8263955854871,87.9002551287345,94.34063496525684,78.48545085968897,98.26943530487233,3.9651971417554823
8.100240259991304,140.48810409727375,38.53571632445341,81.62284850725959,130.3433463262587,31.561978564661604,42.104810475300454,4.265369768766269
1.352839052354273,218.0901814053742,24.567402997562716,84.00100489995353,79.6852532877575,50.09612232462264,38.84706237430366,3.8688754997383747
1.2859755580821006,115.33753819411801,39.614948706085656,76.9801431373721,68.28189156327502,74.17541052245893,13.865291574246399,2.956923195446305
3.8815877353528836,177.55597703513465,28.913038642851063,68.24891025302301,44.68512466879376,89.94972059490006,76.33202778660717,4.1883875211639925
6.2929584513601,94.1647220818175,39.749829430972696,64.29672134809566,28.39108565775277,67.87410609758635,31.66029263986929,3.340089550076858
0.5885501632851075,208.99673249338935,30.79714879598665,65.34103165142076,50.91599022492717,31.848985454791613,32.85201058623677,3.625511737481503
5.394163687592638,122.37617494355322,23.6583946022777,46.08001077020365,66.86291023196887,23.166353334475808,66.88064797641044,4.166967249029153
9.76864558561113,44.89807035101116,35.08521712656394,46.79171800893052,116.99607695295948,85.7385839655301,76.49455843778384,3.7543221475813056
8.65523157170186,291.2989968335318,27.17400319147767,36.87890055346123,40.440030388456556,59.86322997630334,46.67285722774597,3.9101067875234503
2.708470887646367,257.85396359807,22.720199941369778,76.00581663632217,108.30044993391539,26.548485604082373,95.00875543168176,5.135156312563649
5.516653238335712,112.00352860438042,26.95838509963327,41.8674928279832,21.064746094560824,53.71090620915894,24.554055926308447,2.9820278043283994
2.128383306608441,64.9986960513117,36.79781484699213,67.01820222297917,32.174772568488805,21.36903841799928,57.46149917955108,2.170685063130911
3.0009713999484893,228.51106678163478,33.30768464028396,42.58577041511044,55.68599718961155,19.465448384581983,65.5596666082822,4.049762932153667
9.26850796553411,89.58165107989117,19.344220417364642,38.66007022994713,75.77507490156188,92.79792320576702,65.56431836430774,3.839166955361932
9.978892280229632,193.4725999077553,35.964945929502676,64.34769027012496,35.329976980570514,59.01644548811326,69.11662877120354,3.367008155564748
2.8043293871195445,240.35136465260342,25.78546435188565,83.02027410340611,25.684331415440642,32.40213658098679,67.04949499477812,4.164287368244174
2.514644793574743,103.55444311347765,17.071712367847944,54.58079393068732,89.21556485744773,89.31401103337015,81.25323230042531,4.403715547347848
4.146663581244955,106.85189148377408,18.67930263842625,85.55751298469605,67.67831051184606,99.89958141990917,83.26738813291628,3.774625929187775
4.735636012344428,46.63541945961002,16.65409317453227,35.56689259938015,68.22492612571668,89.57818187010847,97.97057304364571,3.0336519008055407
1.3478623424934373,116.35900253385259,31.914695088313024,60.615645460518735,53.11253652197087,77.28321745597262,94.57285464667527,2.5592940998404075
1.903232307405243,191.3117884855035,21.439118365145085,43.072044259689065,61.97465474907825,96.58602175909367,56.793476267791604,4.72088958403651
4.535859040524305,72.06514303982968,17.408725068037114,52.36792687674952,35.770443493663684,27.764850764314076,73.53528119257098,2.5959496097115293
2.73649539663159,287.3323544602336,24.14174139272332,36.30524505098515,47.88173699373677,88.99242606208158,46.218579621695035,3.680805487163754
8.526880310044776,225.0522480055408,36.674153268956694,36.944111796109866,85.91820844019304,42.28655266398738,68.55829456139372,4.286112360032927
7.639692340356718,85.05323956277482,30.71820140861947,74.20475278560225,83.12085898890874,12.901411357714501,10.669998428169157,3.8241588744970727
5.595215093366905,173.26650156325363,27.15568598286312,70.99970426425241,136.8298380621133,12.914014824458716,43.083342194169916,4.996635613266075
4.609978531149814,135.68903870229667,33.329866516876606,46.45844982211423,126.55558861430701,26.905091563169293,92.30816522391027,3.687720425110994
8.394384130532917,133.23535241394268,16.89737598447178,84.56319376019093,10.994200076026496,80.15399751994251,70.75031248119546,3.3449905264730404
2.0769557639525837,181.19681391527865,37.069292721156955,72.83873148175928,42.16694804028636,90.70045991780438,11.555179611639986,3.421784149643908
8.93018465924061,59.2006779268366,19.44340478293525,53.48952051274463,134.27732685749194,21.516606690202728,57.041808580380454,4.166540542670118
0.9662351420013637,88.13467897987887,15.53454066214485,57.42092482916633,54.06545201789199,86.08443474508721,42.929952445797426,3.1007659268886902
9.272247386993877,70.41368225994111,24.059010082473353,51.090568831233554,76.87879096710505,77.9925192267069,82.78978953171492,3.8729576593639954
1.8186954974626346,76.97438247639329,16.461183434850707,80.68290164371446,104.49788964994671,14.700169032752001,20.335999506362466,3.389438131895127
8.214940918353104,206.90871097229478,19.17697017067519,62.16779638638626,86.07000044661876,75.82505962351276,64.36567247637947,3.873199208346305
0.6714282447456636,298.96451969463976,33.47496555848884,42.441917343038924,10.681515906035079,13.454130791980901,74.0863167832569,3.6722731124537824
8.24324261888002,205.79865112879864,25.11832703438293,46.09425600897839,38.918885164087726,33.632472816272674,63.59093925253978,4.0840502237626835
6.048672344828908,295.8753509552271,15.17247094483978,51.31184903632291,24.061554277486007,57.78184599644025,34.699156247245185,4.081142999500919
0.6808253837922145,185.79198600924454,31.093931015933745,57.17342460452238,33.47033602922758,91.83330432933052,81.38713327254968,3.359097750934502
7.854992715480343,106.49332728932889,32.67777763053704,67.59519459675613,30.63161699911929,19.48166089025842,81.42349355805298,3.348547584031362
1.4647943599511102,265.52230421801755,37.54908706798817,88.02907390863697,97.1890343232991,41.347482435113236,42.483667464248484,3.8257387023193505
5.629101546077532,48.14159569880857,18.865065257562673,49.406075407482255,66.91904859458829,61.92251637407638,34.00042683294734,4.261251929693124
3.6540374341530146,57.65554337176888,36.42914344227939,53.062196113916734,19.317179517861902,76.61847284113816,69.75055667515359,3.3035865398350257
7.712098482330892,285.8585903967495,32.71769872879902,36.31736002729776,21.52065960641803,92.38497775370487,43.10374929272432,4.765588596303674
8.605604930890179,205.5500038255145,29.09056975955935,55.49035752767738,143.04989607017566,52.19651058990584,41.081437920265216,4.598874023196707
4.9106286595274415,280.81974645325266,21.54424958531213,72.1292606429081,31.666675798428937,85.68095129598916,50.55026431669974,3.9995836747270292
7.700432028791105,65.87936043000303,26.446068324177503,87.96836661877748,45.53761471303213,65.53195267306364,51.22815083188316,3.2182293929055987
9.207936858151973,237.43045746056814,19.95676345482069,75.71042408693935,90.40128966998427,28.364857421545757,84.66601256810937,4.694386851667192
7.04740510600599,93.39882165840146,32.942360065952414,41.48980819645294,36.19481811380332,62.162885406707666,95.75371441441219,2.6193408842152226
3.558909617894442,122.70562976109579,32.58974498247629,83.95212312471982,37.65411494164382,38.243584762699065,74.21166109825322,3.4115884389014566
4.90146475577916,272.72767163735193,19.78824776513309,81.12735208843095,20.162272201973774,73.32781739558838,17.94109746051796,4.531028380568104
2.6849785312726833,141.03894430467417,21.31541742854626,45.39623441764829,147.31496055456947,35.60867895946082,40.40064961791316,2.9740906743817006
4.854879226287487,211.04488117562389,37.52779574277824,86.38885820665936,94.84707431972855,33.65597412825261,27.065230065124716,3.5677181521527377
2.8359595510462303,269.5645346452984,26.79212150017808,74.27544744613817,84.16415550786607,95.08269578443809,69.69385430676942,5.357729270909814
8.168872386145859,265.1359606603896,28.77792981749426,78.05495364956128,134.4138808575699,91.7829501789605,63.83266890121185,5.55079805062487
6.29421555900618,32.40495853229536,38.96563254570307,60.25268152921862,93.21952305218448,50.6570698945922,98.42087132248226,2.8610853870866593
6.515836864334933,72.71812443243577,20.175595278473878,46.0376030103168,46.831656977764595,78.89207256121934,50.29267605177776,3.524890990560091
1.5475012404730506,278.0278425666296,30.678255458705635,78.95078679963225,76.11616228190437,98.38562641894164,19.49127415590219,4.118344502627224
0.513872921712193,181.85228444701048,34.35037387599001,61.25935096260551,76.86101491210763,17.976260754241153,63.85540831417066,3.2471500796643897
7.997273031526752,159.65399699750554,22.985991799195077,88.20866903476869,65.73114230388339,64.55487246139452,43.02496025286468,3.442893003833696
5.651910949418618,47.61962173299376,22.72042005043956,43.4333985493098,115.5082686801793,32.814778298181864,26.018554147728235,3.3485376371309066
9.349757060994106,36.76410505311185,37.42048272141428,54.547193265940834,25.355591577116293,82.00135352452881,43.38897803495024,3.2794954889968984
5.603772770401282,287.4219789947793,17.485148675600612,75.4550876840728,32.29006835630946,19.126977681421216,31.436530201428244,3.853865423080437
2.539445980989064,157.93979227633432,18.93389118250291,66.47548890779069,62.10747734822392,80.99294153228529,27.749127133450436,3.886763256762896
7.1355275599351975,242.33267518624362,25.273879784515245,58.83012905576396,19.964220655081636,28.05483949149615,53.52762523655506,4.01256457965567
7.1593383129711805,89.4003762043582,34.95977417065974,73.5885795445275,148.2353758071408,51.041742310992696,82.90096775881713,4.649889583420615
1.1225597395252298,94.00942717289547,26.374790002356598,75.33430840381315,79.41121633807806,83.2438702830658,89.7098206448895,3.31512675220137
7.089683524549947,181.26893650643575,21.76414854277744,66.75144572380044,17.01486370837069,16.071713845848777,33.42841617492262,4.194382308956153
2.5190181139819905,266.5269757330724,25.507375902205812,52.55068691304605,95.10546725837307,93.5352797560553,50.35671529350645,5.015284055381203
2.917945849965662,107.91658261324082,26.136511049576153,69.03176996791386,119.35464083749534,29.561352563962746,85.86023516575486,4.056695056638116
0.7984396144299161,118.77599561407176,33.17563024143952,64.98833752869857,67.08027503918922,55.0655283551794,98.98096162772184,3.388692561082469
6.460036116342233,178.6696426793112,36.71875202625343,78.87108006608257,77.27450965623122,76.11122489166314,86.49388721061942,3.9270473995096338
7.451429237922325,40.80150437728686,23.0312766127223,70.94018149117792,108.08400035763282,21.114738568712518,54.463235859740145,3.286285646066412
2.68967079992978,132.2657800262234,32.71349022327014,62.32244611151636,42.73449034947013,64.78710705252513,88.31223479923739,3.5205777766934876
8.029119855454224,180.19638020325792,32.53470987912233,36.02875878716947,93.67294417996159,56.40106935181225,73.59645497597569,3.6404894479532723
7.739297218336251,31.303236609212707,34.17368888642532,44.18171753776187,98.33234562258981,62.72508058919553,20.216389122405328,2.9147548249018826
4.392778977609781,202.26094963480924,29.38151592813679,53.5126860738999,122.65011298307012,69.62457823125948,17.57273756458945,4.010527813417062
1.1481390409533332,43.759464101780665,15.367462457716936,68.07582440800181,134.75002963907758,47.85652341610957,94.26377334470305,3.5623461274032033
3.1617606109904397,224.3889083275644,31.39668339353874,78.57973135706727,141.72433992733968,36.88922889258247,93.19981185685481,4.984129712512299
2.071576914826433,246.45318444848823,30.30743944112446,87.79747648599377,27.68569480959282,26.546812531138187,51.25290695103766,4.208966669937096
9.608773252708227,256.47458460797657,30.287986405463364,67.98929667847143,124.27746124345693,94.51593893868734,69.5642319282135,5.17655430797211
8.26857050970632,211.81478884262728,22.032464480978675,75.08641974597217,104.56030853813154,46.12382101724924,37.43127770559778,4.19027797890656
1.2445764785299993,181.6240632360511,17.447135805100146,69.17926627298351,61.901938198768555,35.40019037747622,73.12588098473735,2.8489897882167052
5.377870277806187,113.04160343702179,19.73381474226771,58.665274749605445,139.19356421788046,14.729199527438057,50.15658983355501,4.046941282561339
3.035420130969433,144.645704012993,20.40512731367895,68.53221776728364,130.4163821634528,77.60857807394078,41.36343784356916,4.813897452135743
0.8051207768184838,53.50513539815377,19.340237689643033,57.03701359061764,118.41023952969307,57.49710662727538,49.654392406797015,3.0761363946667686
3.5618620734471174,220.91742049726236,21.113422879855673,59.95016633065862,18.047805382109537,27.186778678262687,50.999869130242,3.5923601192824983
1.7120602912329344,36.66477936930928,16.717291983827188,85.10521385415814,34.780956091154664,90.40364569177012,94.84836464857783,2.6680986735068033
2.615954199309672,141.62801282510168,21.7331455386293,66.01228141155354,138.5660859850948,94.04025531892259,89.64823796460591,4.536984007138014
3.602134388320933,166.67688945181675,39.947130672233286,40.522601915193775,147.51309907336966,89.26086800544883,27.499058828109973,4.5771183206304
4.384459276404449,205.52416986093593,27.78453058612738,63.8071120989732,48.82255912962475,60.48739344235027,35.06211382335746,4.8419566236999945
4.950203305336464,122.66370067974873,23.61057151243129,87.42931181940932,48.83418062320148,43.59517790969143,36.943733740213304,3.595992547705292
5.4418740779806996,149.5527148800682,33.01218057016999,40.502357754255854,95.44268560359471,24.569716292474705,11.041342805721465,3.8458790348097978
4.01500726221147,188.59152322417822,26.73651139630059,88.41530194669903,20.665436099290293,43.95189813001949,57.738724822170404,3.473674809623828
5.234321114112657,279.25719352539676,15.73744906919707,89.32021927189777,93.34416579303273,65.09535669263444,53.44224597701372,4.562528459333385
4.469655364476893,211.4324754161245,28.684742778755478,65.83922414452766,145.61647263079493,30.389803285935237,21.214246053774588,4.566781955805112
9.662170287171062,98.69728869398371,22.60166434638473,53.284130120367095,51.57340191798612,51.756644970729276,99.12137915171235,3.487487606808358
1.142588270657587,258.7611775618227,29.27959748632127,35.47490706108411,113.98430623196762,61.57835827795936,78.51567352113615,4.48125331637606
6.066537734261219,44.867407386643755,19.330450334935485,35.85277552179211,83.48610397366868,75.82910400087977,26.477808266097494,3.4137942639594767
2.3396481281155,103.52074673586075,27.063746428585986,56.34524708037013,50.223586417713115,18.221600470236716,73.47982402350314,3.1583702573242753
4.066659605918819,59.20098168506601,19.841005051554582,78.0689486664472,67.74702465952528,88.02966342977474,40.657023178210366,3.1105877694735105
5.691425193925683,150.70043291616992,22.470385250847247,86.83054373926336,87.15147138822495,51.04669670868491,66.95628260702259,4.039235211120761
7.718189750515539,201.97034150345323,32.17911860009463,43.51280678163408,116.62271802766045,62.373794460189195,52.344180994783926,4.0638890669655074
9.788445561992422,173.368736743675,20.691318983309575,61.82639329621772,85.71129921407281,94.62851033051842,22.49720861130189,4.684119439407736
5.189405799963351,249.0407945772584,25.428434385088188,62.594909907576564,139.5196400499743,25.11808420446537,51.40780350671125,4.758450045318258
2.941301601724768,183.22180437100982,16.828464560442917,55.91668564676341,26.372819073988538,89.60374193896804,96.55184464775033,3.1048885270637414
8.019964572269926,92.82007548938901,32.1790561666353,64.69758364559127,144.0776746863661,82.39873820822903,77.33174886065169,4.562430532476397
2.6049382735500455,174.83390251547533,28.473579682476203,85.87622274943442,87.09119800715152,99.46246297073918,66.39240123739502,4.364592116536928
5.324486386068802,228.58217081382813,35.34476080808008,59.1191032784525,64.85413473320045,45.37380561087749,85.91741858886587,3.789249860061683
8.543757327670848,165.79740834988667,28.376886262134725,42.57788504502554,20.647148992523725,21.41623958146917,84.58490227957662,3.8455930338603563
4.336085835127307,149.33177806351523,39.855343965849926,71.59972621011704,51.47475053339222,11.275853843679949,89.9383526671124,3.638052376842141
5.791288783018011,172.85628541797985,21.028296954214152,36.72559884933709,71.31083309276127,81.3336299237323,19.79738218560538,4.727582636181284
1.6357251812005793,177.97570653707447,33.55266205648511,86.70633954704101,141.18933959062878,22.293657320878594,21.650552401873167,3.7958847755140988
1.031693847992813,113.8504253321007,25.80816636398734,86.69382108496782,115.89954653474463,37.54109059305654,81.90049093491871,3.624840982366256
9.869683471965592,260.6411147857476,24.399112940348914,40.06784319706118,18.26629198443514,98.85835337976056,99.58079687887643,4.246571269255824
2.1995090750254627,86.07441398976552,33.2882331292971,65.29877652122099,55.90508310014479,49.78854540795303,60.62890173671681,3.2635178532049776
3.6877158510748598,38.864672861237366,38.88892594549117,78.85647026269012,78.800524386874,30.808513288597084,96.78394444611556,2.9404750828135726
5.294506428154744,230.20289828151581,33.88942147902843,60.551816386031035,129.0119241104062,77.79102021434319,69.65330454493755,5.267967235723228
4.057480277875381,257.4247181697133,23.253068714241117,61.332439900300756,118.6998483261936,34.43983158341812,17.67870812145881,4.436290166935043
1.4247210702296016,203.53879370188872,27.747291265495186,88.3610001928097,40.25928039599991,57.79196878164726,93.36276704564898,3.9230507940697183
2.3706841770338785,156.61518858639306,20.428499500660255,47.67794511388763,17.064338923654905,24.159878869830443,85.52912230293336,2.9744732597491064
5.187752845081438,293.3054704858085,30.505970265427038,63.947060389368914,28.53255531614964,51.47496319440879,58.2263212003848,3.528489358768142
4.66861497021485,130.10526400179901,25.064677513312677,41.323248880715234,80.46055518045885,19.775593903787687,76.95159839825382,3.9286786208002007
8.082841515868001,139.59242038952362,20.703327171626206,51.634208265336184,22.582864779473347,79.57852433000879,41.639849371128264,2.7044525753289026
3.461985593906306,189.6004417605591,15.527317605022054,81.79974351190825,44.96608683682947,42.86251184264196,65.4202254251272,3.4841164806234333
9.432993642154614,146.21525851876856,38.13310772366475,74.40467616126467,124.98867797378838,38.69233228369175,47.19154396415388,4.099789475663685
3.186698392926634,179.93056170586013,16.970520813362516,68.6602082792617,66.27343407935521,99.44072246683125,57.441989690490395,3.943487093141766
3.647337248827395,290.97220238401064,23.232735313605048,41.263871072143324,149.46050923370024,84.6732273736738,67.28977090315684,5.29947401476227
9.518476627871836,94.12464690777917,19.76134178220498,81.78842022453601,115.83758555424957,59.85327298873924,14.848250949366353,3.8891665434374922
8.48459208778395,70.11198996449866,27.353181902914606,51.396011346969374,47.08855759368972,94.97910130699367,18.642109192560632,3.5385363634011475
3.5111956758913636,144.35883301655593,19.87362113511818,64.42405641729498,11.059847976605317,29.025885831982464,17.417121372292236,2.914739441266054
4.255204565461104,166.07961206499363,33.40527591008997,47.841108413657736,83.8090465181569,61.61368884112086,63.54365185125196,5.043740978250035
8.501472615531128,222.56307778122013,20.620486822634824,63.6405112713074,108.81980859892283,93.61515284704268,47.161695603721256,4.683167522569764
1.3178496250314944,287.89675877033613,19.636416720700815,65.91767441614866,75.7556264098135,61.273587689876905,55.00543131177255,3.804002513161355
3.2994249550424555,215.9409910087831,20.422130444829342,53.725764296596765,136.91065246731517,37.71908044898632,55.025329788369994,3.845753904707041
5.5497829296941354,296.5372920158663,22.439082814262072,62.8256905827775,117.51312979304188,83.04904111942204,13.642356890694126,5.414399987569145
8.374589680476845,96.51144720277905,31.0457846503344,57.33288067164017,82.83767718272084,22.492911417047445,81.64529843519628,2.9415954428616504
5.86385840318879,86.40032394377957,20.240709544398328,73.36224756024389,12.649347902568309,23.680026834207766,73.06192006621613,2.399154860281186
5.15289904885013,112.7643827426691,32.421257210598114,64.91402332388046,57.3545672770645,75.80124009576106,71.91109271241945,2.990045385432483
9.64011690220506,242.52345910401837,25.754272110305834,83.29418551700755,79.2171391294902,16.239866456174227,13.082582771576384,4.640511738800823
1.6058987444337856,80.35897507067185,19.925214451839093,37.73030766362167,45.03280779767858,14.556770447808454,68.65462912145188,3.1951599797065597
7.910626293978736,82.9713134104771,21.001112873776027,36.465126226685975,127.27126899723332,44.11672493293712,55.0411998407587,3.3721667807616407
1.706831146490606,141.16865536590436,28.18334540506384,45.370214398255364,69.42596205260156,45.81158477812762,78.45108809628536,3.657098052487213
7.461860677187353,115.73695759700787,24.465722096505637,41.5217116760225,38.5320696656715,52.26852850024272,18.71843435827046,2.1195046295909705
5.659351376345856,204.54908406882888,27.84308351650825,63.92426750379588,119.07391535021377,76.66589389986666,77.20377361992789,4.464101680201843
3.0141390023204853,270.3450988680172,35.31448972876572,46.00737283722916,95.159729368178,61.19676606631201,96.55193641111815,4.798525013543782
5.66170232879668,67.43835439731293,16.14578442755464,35.88267435632296,37.5909825580578,74.21937195363367,86.58877927614009,2.8341366452607795
8.854452827003108,177.6238302763477,24.840265769104988,50.544213048545004,84.58444673660999,14.49050920256665,90.47535038715047,4.6741647480396065
4.985744884539369,53.86819378254074,25.386069723959256,63.00616707573501,107.23297324023714,38.41329278147906,16.82208105014091,2.4492287686494763
0.5624963756965022,89.80322071695463,21.272928988600775,74.2840331428942,72.78066555189231,96.97662212669667,57.6679114565146,2.863554314391217
1.0377532766293796,113.45741752674805,26.046980072248246,59.11171437867108,52.33348633529703,48.49887271169222,32.199621455276336,3.276385213093814
6.510051285739769,186.3577953516173,29.165827243496597,87.94928806073017,106.55361529536684,30.02425040791617,59.043156806469895,4.48473332412165
6.940349838247149,179.81732790833,29.623955196182152,45.969896424870555,106.21725198122677,99.28775741739555,73.59262535068007,4.769597318011125
4.316861433745892,203.6278879535421,31.745833025870695,63.273409138831724,12.37123999851381,47.01863260210629,77.21418076221083,3.7346382915787353
2.8064136778269893,251.10473265148931,16.919221737669588,48.92510510902681,42.777543262054294,53.09036688798484,99.2436371445801,3.4584568798714583
7.301682588238901,80.55206709440631,26.500188772641962,79.36673497764767,100.48424782022896,30.14174727362598,96.18638425810889,3.5177660975957292
3.389531158129518,230.71326891441723,33.9403141180287,45.32671535896696,41.38026978231193,69.07177664949226,32.243833002906925,4.80189383825827
1.2031100654575442,210.09565783498627,26.376133044406515,87.88805981393782,144.77167924107144,28.65070659149499,92.40537632415513,3.9035693925514914
4.391300125285653,51.521979429830694,31.41215088085348,74.41335725922495,32.79073113092816,64.89312126981156,89.56128883564574,2.390598508810418
5.621816654006236,123.06773641422132,29.76122162737326,65.62757946289553,114.75024857740341,78.16953204733497,75.10925753437677,4.541729775149933
9.673473574659825,37.478824198052045,26.617972982139758,64.27914388672401,149.76516776291558,68.71580492151134,33.189186384154596,3.599695825135035
6.126106271919902,54.349783070101616,16.97321363108651,54.935862974393885,58.520985354043276,18.134404249549924,26.942506557374607,3.625391102775427
2.479041388234058,106.62243601529842,30.83062480767658,36.15643330913025,94.43783305395104,17.17966867444769,49.20466196087965,4.454608709907045
8.405839057399191,95.64136439727511,28.362825113102765,85.3318071255984,24.79967577120411,85.811639268127,13.515197312296248,3.181019188093357
3.2690789221478807,273.0469177484739,15.142114370425073,78.72155348965478,97.05528871557723,91.4103191590855,35.55248527309051,4.710488885725836
9.613142743960365,271.322911976197,20.17141736320972,42.41719453191277,148.2531891907082,22.209433158013667,16.604619954873748,4.14703997625271
3.5904665334067785,186.02422974570501,16.53498939986212,41.714378340601556,146.20028370158826,43.79141685327351,57.20567820962063,4.7238072903844515
9.140420576847536,228.4596009532483,29.255856503225136,51.94553695167386,67.64894655757104,68.86601751959576,65.48925229544395,3.497556578942969
8.8500626976712,299.8923545458431,15.378698777975561,76.97266722545125,124.88686373210993,85.19328564065025,20.01748314990391,4.589731943396537
8.70793110172221,140.75202840533277,36.06052377702922,62.67407666027259,125.72395831175506,91.80866881256287,88.65393566426962,4.5369283179241044
0.8741601634128469,171.05486503698455,38.68634997507957,70.9815435849867,55.817327120578774,72.88144798598238,18.711965068062646,3.4637834644277667
8.573764700254008,205.81048354219234,39.389474883851776,35.34068539983494,125.18466907088157,23.272706646911853,45.65891873127669,3.54662027747272
7.352351130041309,278.5507173530441,20.664611514094734,85.80375014969793,32.73664137296188,79.15158648242101,55.08834704594442,4.185611555131753
3.6758336257954025,245.19446869551547,27.37852138549296,44.11271971249444,147.04308751279208,87.31224404488316,62.39097459203789,4.286281593472286
5.1559350522794105,47.39387993221969,37.279219371606814,52.53957014306816,130.98380988429955,41.61753732657948,38.719487108269036,3.2215529579421065
6.579192881683479,222.4965767124807,32.183375588330144,87.0932810855959,81.4830543170109,54.473741063234,74.17755891541314,4.018680396885783
9.463601293430642,98.02259316907693,22.468651384173793,75.30914443821132,63.94508797124464,24.974434820132018,40.72238283603721,3.2373247249176136
7.910802633498996,98.82345806621827,35.84879709863445,63.1086688001063,142.4328085369832,37.40675496800648,32.74212951704132,4.2512785494233585
4.57075705180416,177.7543261641738,29.348404747021934,82.46038078668727,19.957657564280048,88.2819653598505,50.78588096822356,3.801042289598337
6.6314967111284755,218.001229832256,33.249613268240275,38.36942686936736,79.7745395764947,17.996250770354358,20.208924814194553,4.171625226893296
2.265773316716146,72.99151207726729,39.23523566633121,39.19610581191266,78.17256606196821,78.61808106108596,96.95423567133864,3.0090438726290656
4.5274527594625384,114.91809986026317,39.9377337025943,43.53385053587216,63.38545769957311,18.78733666576108,59.508783733817744,3.364051807851058
8.01736266637359,223.35267114751522,27.620544071532386,49.55140682433655,25.767861100579545,36.33583739563467,22.964838343890648,3.8512014930830034
6.262602287710021,71.0405381666835,18.91531297820844,73.99663173725719,45.19338435694115,62.41711652313562,81.646128840175,3.054135059251644
7.94086690287631,259.42128861441233,30.48898006251393,64.28296960138532,147.6365541831684,10.298204852264515,74.8341533617152,5.380266766176665
5.343258986986119,153.13155442385505,31.09633746261939,58.4324520823162,123.11319439349992,70.7835243166168,48.74559180430676,4.092299708801342
4.111362625800884,188.21736755629874,29.30362230662797,78.04236700137025,127.35964198710461,38.45756513395596,98.53315355088988,4.3895093107889025
7.554133591835489,51.70756756138344,25.55122126347286,52.44383290989602,81.33442332379,77.37132790253332,55.05535286817598,4.0509822159089355
1.3906711555596232,287.7153359613547,29.539006000665818,39.70016023929676,102.65556034963437,97.77130792119668,29.147637512252256,4.999180874287989
9.796764925181948,275.03370884225706,28.35100758188378,56.82215108244228,80.7008303028405,47.48401819468087,81.21299501784776,4.7905658410281795
9.509550853038323,81.32125335241719,38.617315730589674,77.15262004558585,104.83031666892103,12.699630507124427,93.5868119790106,4.0158656447611865
8.86350175892721,209.03761466280224,35.940010817340706,61.074714334435235,130.88557940618597,86.40024191473688,33.61357730041773,4.171617004366591
8.900641939071633,244.14164905772716,24.842228024380095,88.74313628733692,43.96325849781684,34.712051413597095,10.604881403650406,4.017123145783315
5.355033144763546,62.93119849572784,29.271663532641696,82.08700169709948,143.12505798435552,23.375483572038746,64.83520653764887,3.465207712411427
5.2304843443117806,185.91246104050134,29.151322466881616,78.50246221470852,137.90565434297727,89.12907838533575,75.95020352964904,4.812810289189806
8.290780629090909,259.6225611373676,27.767954583029272,77.52493298560898,68.70078119020707,30.927673287028966,33.47693272592427,4.852856242349199
3.190936865907651,166.81280630899303,16.4516386891543,66.96182382268228,146.75399021230757,64.47567625735792,96.72904497789314,4.717638733060723
8.57418090435686,279.4220417796988,32.814862404251556,84.56323361607906,133.55338071707223,32.85852807769891,25.087352856165744,5.173412450883071
2.408362013085945,42.90651216856541,33.281765231999344,67.44296619026227,15.610835241243121,74.12123754850069,82.10410150378604,2.7187890615930774
8.851519075240345,278.1868844028919,27.10462040961667,55.48950787321843,15.89598336595381,68.38719329434994,88.86791258724905,4.4507162384609185
5.640309587963693,293.8488728864578,37.53932415948855,45.77457553659949,109.01984108522284,55.82513920037459,25.379584945445632,5.2039954248848765
8.510504762754834,72.10436726274142,39.598054190157995,79.72022021508974,119.71407555704468,59.95224133385692,55.120945310055234,2.9896394371761343
5.184856443905422,146.35655308445433,35.322819980185926,55.41255149411546,44.81616875954491,30.451917763635535,12.524213356827634,2.913143639508448
6.2801057675843435,197.60652911856008,38.19657657581412,78.49967789144893,79.82313084006316,11.973412367744737,67.77002134101464,4.099393271363134
9.304468236653719,271.1743378379628,27.187566966395277,89.06515511140076,85.4947783135517,82.0638014053771,59.18313604112623,5.6766776032836
4.4730163969269405,73.0720666802293,37.85603218818842,56.9288629179442,72.38340648855879,90.0371156354359,80.04446905325318,3.1822676718558887
2.5927206863861425,120.18754867911831,38.37567007557232,53.74076990940688,19.677140085755916,80.00823620954104,55.11498920434202,2.7871734045719787
1.3643132154021926,245.4410491592753,30.589177567564533,44.355103219284324,40.64545429549348,73.71324429425896,41.84958357948965,3.1703201097647002
6.1048011047340465,140.70123193221724,18.768028134125263,61.14433806257826,124.03150348029587,52.47317153772639,22.300459853721264,3.8219066534760553
6.305308643230114,193.33473818909894,18.80769186826459,70.97101541639472,20.232163854548933,62.55127926840449,14.596625557923705,3.944941191136776
6.39669853874104,181.20149126849861,26.807646026546163,52.2032705421949,97.09969129737247,72.24644848950769,57.594882415837226,5.109849349093704
0.8530781472020006,292.7563578326809,33.38951269015211,61.711608493315,98.7821479950838,12.36053501673167,92.69956572229654,4.223786304477985
0.7604471256012828,68.21343045754072,27.534855214495593,64.53900391758496,143.9086185757159,48.13034807701613,78.94043460786745,3.257165180179949
9.006461690502807,286.0789517636562,34.99624555985453,50.13805377879136,148.24317357403066,30.221785644404342,45.38086084837957,5.1528899381575455
7.107268840640968,182.32069323572776,34.244710780428406,36.29312923523078,142.30595363183224,42.80041829317237,98.53533026931066,3.796680794746507
1.5765134758730655,274.121109674938,20.0902030552455,46.859315464383315,85.7850009389187,77.4308540573964,26.56000685911629,4.821085948214632
1.2090495405419983,61.84437694924053,18.31911183992078,79.17322999718127,15.848601109859226,42.704771482699535,99.78660598709659,1.9445393814261598
2.0376416338685983,203.20581374756966,32.64586326816637,50.2934288722585,48.82208567161733,76.51852719198374,30.71222008466423,3.75372134728586
8.165730310578613,256.82970981302674,23.00951126679854,35.760206300327425,76.56937609291299,97.46483389349852,25.139674145484513,4.7485730545816
7.369317263564294,242.45800538167208,38.28492235380588,58.37217611768602,15.476777915506501,93.10445112798824,87.24990708518942,4.3619232874775875
6.567205295418659,32.68334708424636,36.712693659973,72.5359182708754,15.193626522858557,84.4952370196425,52.19681661835622,2.8525424277651754
6.5875124775159435,152.09547587729418,26.280951294528563,76.38251918012375,55.36322780137409,86.769172844186,90.26718406728072,4.138535109633847
8.659301732526558,61.14361557950903,29.512645611427608,57.764408701024465,64.22826137142224,45.45390875998193,77.32362219095444,3.619886461094154
3.667858014449719,71.2627790999891,36.17759859548927,66.45221153177002,91.3182119702055,75.84241479649953,24.10570303252843,3.672937836867312
3.561185197413647,220.6976816948298,36.784229905323315,76.00295383403487,140.6000709323475,70.03122914491689,20.973185104424793,5.32596694660147
4.541554881883478,288.27647297344834,28.924358310372057,83.90828262928568,64.76477056098493,98.46029336611119,50.208990903701995,4.238848888608272
9.901922114881728,201.2063091194644,39.297828831116604,70.19445797409217,16.732680973990597,61.740865713517124,60.53903546124004,2.944624322153479
5.771539954723769,57.64180641723105,28.024216455956125,72.99745222993337,85.60610727055425,48.67894804896609,48.08927124665093,2.774446288115729
5.695560782945355,95.87907980089265,16.027691529158155,40.42713203058358,60.11474268879253,85.35401561431486,29.07898835781088,2.4076325038222377
8.191140970808913,132.29608730445693,29.067379163304985,58.12476582264368,136.154500649452,77.46160138968003,29.57773669132202,3.87018329245693
2.1916127444291433,63.84653881758604,34.42517250061743,83.89273674207546,70.40972965204935,21.237553774092458,55.89181151016776,2.214205309293499
4.351309577743473,258.95138764126665,39.623378825017085,43.839603076970135,55.051638874854994,63.665217020857945,11.286942403729025,3.6848006306427745
6.59294285882626,82.51639946960866,17.634214443601834,52.047768162409014,111.34323593808638,63.30760070284739,49.50533579972051,4.065064537751714
9.886159299993261,64.97879085311115,26.013429917426087,72.28799604250241,79.05541273596783,66.84623691808102,12.990256168387745,3.932148725789925
1.9674611686317496,225.93486148139502,29.6662469208676,84.61406801903499,87.71387117589367,94.73482806699607,88.58214262191682,4.123358525392868
4.79425441215424,64.24473484170423,37.036589882418696,38.247220165093296,31.289438162533102,64.18320593409683,65.81004363991919,2.4972823022005217
9.103027119996453,140.7862507300987,32.89724961300209,82.87705870285147,62.526979020207875,88.30169698103225,24.41695334933907,4.736039021333245
7.392545149756749,169.1872422828159,20.78115667799684,47.117749263558466,16.49936842150599,42.25427333738789,79.17100770648466,3.7981075112576392
6.330912253351671,51.661909297622266,36.48472960312168,82.34706959950705,115.68303194050645,15.16410591813547,54.33547026430578,3.397851106641268
2.9425294486553195,180.06281509850274,31.606082198932352,83.90795607261481,44.38143279189422,43.770046527461,55.96359888852591,3.5896132211582463
2.2785019748248887,159.64428068849415,37.37892291457702,77.65153339373117,26.87220652002136,57.94024669984765,33.05145539553989,2.958800555315973
4.055016788550528,210.47239525627788,35.859346880231584,85.80991022812148,92.53168431047347,84.99892400331312,45.43807868919735,5.106600154369767
2.923525110407252,89.16940109289015,18.231562062303993,87.86369489091595,91.1201516610158,66.86639277804099,89.03385338044335,3.3901672488370225
8.18052103916696,126.28986889709473,39.011765925875714,85.88523565114022,54.21165973013646,49.798186212122246,23.248039355205943,3.382926264094226
7.346682564035325,208.10694154619418,26.357410624834035,63.222098866005865,144.72916491200925,51.56853469737246,66.13363886609122,4.262232132920666
8.434382148401209,39.61108800508724,39.5638125358083,60.50222197366202,98.97298348092777,99.69915507701054,29.520938783003857,3.1198894730605886
2.1252819516927466,61.26463455429347,19.675178464688145,40.78634429892908,139.69514412967186,22.720945428124427,50.032393312329326,3.0437380362058724
3.4447089045122645,106.55899445507262,34.83295114533754,46.88500329295402,52.08339566318639,28.496447005848296,57.97191153048473,3.2253410651754626
7.801238898259467,58.71622095494076,22.622290018822515,70.88009621879331,87.25242829885725,66.27533443191565,20.96107577607324,3.200941777265456
2.0537099573307653,40.66836663143323,16.1201325836265,42.00380024553296,67.89290204047546,73.12649370870753,17.06593080584851,2.628348761706357
1.8832480426610663,296.5932541148748,39.85101063022623,86.83092912425613,67.8596692513648,45.54812822646372,53.56533226887303,3.815825965401726
4.139059365108915,153.0551951891979,22.588383010925376,47.48752974398708,16.687425074200643,12.891862698798054,46.84092735436655,2.6011714793583742
2.2711504355360947,174.094681376898,17.012981368867855,39.836204433735105,40.749094277155876,56.98107504169853,92.8895836101225,2.872713513992765
1.2495752513724394,98.8243220231539,36.51242965636878,47.93849213491764,131.70556289147464,22.992413283190224,72.81965752377968,3.2675700571967967
3.471357983272428,32.075555318529446,25.800507459515423,37.690137423439225,128.9797421888153,15.044348038410401,90.71312996113353,3.4283322059333576
8.818195392878392,232.69553006020945,29.411310688480448,44.13492938602224,24.71372138396066,41.028366996046714,93.5474081538212,4.01047224770447
1.0370628220763045,225.41330520163578,39.62109232871671,67.32262349653342,12.54072667702938,22.208744616070565,11.715897611383555,2.594436542805245
5.877998646869995,292.58600058013707,27.017726825458936,50.90398912267955,24.28640774975016,49.50972665172772,89.18750286530255,4.3883138387468765
5.848536897185277,35.697562249298954,16.677462823360955,79.06382340184805,99.43219608393572,78.55250172952616,96.26283629497347,3.3533870970481603
5.542985327524401,66.9955982854752,32.27965322456214,57.260355431915755,43.575206802857394,14.234143299197449,50.73786702208369,2.414893661246797
5.302332868642903,222.27808316635526,32.764987338910565,74.26805356145152,116.7673896899363,54.99023587016627,67.23888641308797,4.676462082309533
0.6637464627193317,119.11988208249001,19.855205906807278,73.95616382508075,10.816080266806633,54.728237140823204,41.1379591401213,3.4590402311522306
0.9507862987904163,47.21874550781921,28.635297964480117,42.467803255466606,110.2081619379585,10.15978316371507,18.87918183931228,2.6977478224490437
5.356466620228739,111.25869676959266,24.230523412078213,38.1119761125701,134.09470845337802,76.44259667915505,33.634430996615336,3.4012476352457894
9.698938090774064,53.683569883461686,16.24803959345417,81.30966944886381,16.27290642670117,18.07623179939194,17.24897368866326,3.255075204837424
4.375769914804619,256.1535540150077,22.79006065230592,73.54680512619751,131.43529140390422,93.88497983929871,53.81117441801951,5.678218093539777
4.987104243687656,266.7719519592419,37.73831517269103,44.62395000577576,138.50163358736447,67.54280676458981,68.8228274171946,5.5105703833986315
9.829599595697752,201.96027893651012,22.506183633376434,72.39955432300277,85.01762100474586,35.90345185903146,10.470352105925318,4.279986040516951
7.901577351639405,134.11125913009042,20.576578387297545,53.12073888222103,49.834020453161486,93.27529119827956,30.597724037392496,3.343953393015111
7.816043547617735,237.57309634879087,38.52282121048121,38.12147459724704,88.79398087027016,46.04144690335729,16.639167166946486,3.7254710334785743
5.294986746877832,200.52937110156762,24.55817052222326,47.58195001785966,53.48213486575163,33.42345241549435,96.91683730066173,4.542388246305938
9.030170205384238,243.8351343824302,38.51397639026991,76.5692668906544,140.64938827169976,44.60506807817839,82.28001318491087,5.690805896412415
6.021174901234122,167.94498576086113,37.00585916259163,56.48999865591209,86.1084445065578,65.04282469443879,12.789011480557061,3.406827122952144
6.7386245960913795,288.7531242124846,26.761612503116794,64.96741107455955,121.81862081203002,75.12372883081972,83.2589075856097,4.290233912071711
7.981777442775947,108.30909751189375,24.624041548948135,42.50981985985729,95.39582875678322,69.56398248169762,84.45360947358176,4.005613471623375
4.362556360998112,193.12993041156122,18.442948824496817,40.09632494449232,50.377014554325605,92.91130259494449,82.47157831767655,3.4933952399479904
9.55606770316024,248.17420208390402,19.76541180381127,48.15887313627933,80.01816170087858,96.05541248567856,89.05773488968791,4.50024939122803
9.886068712066253,271.34566109841535,20.811079548533947,60.98957068313182,133.1847863947629,27.73565283001006,52.15833700963154,5.005605062839426
6.077809404525702,285.62203827039656,26.758847346436475,81.58451444315523,63.60221305117445,92.12881612359459,31.547208967075047,4.966609214588236
2.6095261789531126,136.65296261432076,24.302835935407224,76.986538900861,57.786457062842395,19.60136791789567,88.34031871013825,3.1391056649953
7.861569164591667,218.8225368761072,35.00960812281539,43.803542622794765,143.90026547266118,96.12026038225858,85.11821586934558,5.046391876330644
3.5603167330595,108.35322293470894,22.416899003376926,38.930938437337225,56.76853615781658,33.34103623733435,34.72384309968679,3.040129255803732
5.982483265094268,205.3324130559074,25.612992515843366,47.40292599896547,130.330150740165,33.92102378195547,62.26473485749348,3.5946412647267465
1.3236834443540229,79.74110238753835,18.067685588438504,81.87806665875908,34.95930082177639,47.93909959458975,60.12446882801694,2.9010171448028417
8.170211697786431,143.79181989121497,21.780499355947182,63.37161214096938,120.8414946908381,26.356805963642042,53.87756183032362,4.023918860467838
9.611326109271433,278.4640104341174,34.57550346920542,79.37964197200668,96.14223104820121,84.49467870933228,64.77512011516289,4.4594950590941
1.3951044840196483,248.94470563046235,32.677510398550226,55.32702105149053,26.827521023449542,21.22637321294426,17.557270369846538,3.069890386102484
7.450191074245204,164.05666019327194,25.055509163078312,67.47437020435524,18.95232318352671,49.535992329593526,50.91794201584003,3.7863910272298718
8.677969203865093,69.64823803317668,29.436830076610427,67.71030636015252,51.76302123254726,91.64404096864862,35.18847272215653,3.519729398268067
1.5403090844472773,137.6143320983154,26.45834107282625,69.47004523130056,102.04384151445647,67.18501887348285,10.213539581844971,4.0430738370688175
2.8445664608531476,67.44332421900324,37.38051371817318,60.85832010499851,60.41592178715638,64.64483601202923,56.725733202542976,3.145174848438236
4.222776856523001,48.50246230112382,24.867268785592337,48.15817806834713,47.96133002691169,99.51798015359851,42.823338519398305,2.5932168191765306
8.44922315121447,274.75807353020406,33.052862015085765,58.56666670016861,91.46096421012011,12.029417415762467,48.81141377831423,3.2865036969098282
5.1875970222789505,162.6864974505335,20.463228584380598,88.61171510445189,143.3576698827074,38.781431659467486,20.021556896906453,4.280379959424492
1.8011513741455527,54.13495247004914,25.8524279460433,49.96617382482687,27.059382492575118,21.251639610652596,55.50584789683031,2.8133553502867055
2.9355250608523433,223.5005196766011,28.23328554885563,74.86555830684154,100.24138365196411,26.6119551073328,34.31133106637532,4.155706080746947
4.9400894882656425,50.02900530212272,17.616169757512225,86.96010343359012,137.7363016241298,29.440404867474562,10.052386677053567,3.6595023303815997
0.8730103384745895,136.96466262878866,29.68546189422252,66.14406205970324,85.75406434025444,66.42010995105726,80.20099001952235,3.167733887391072
6.494472155207594,92.17844655938484,29.366624733223738,61.913479147543256,144.9860792091374,34.48963214143458,66.50547870667481,3.9669989520315005
0.740558015939891,74.45017646351839,18.96882230032239,41.64607871192463,93.7052411338163,69.77660577731874,57.51244025856831,2.581796298138772
7.918277770590536,174.05828616135165,39.96623779786985,76.42969542515019,104.16428566533631,76.42626854819528,65.98512685513292,4.573210401813154
7.471583906302028,224.31619558022058,17.312332207720708,85.13200577291923,120.7792040046611,46.17215219730329,39.12999176640609,4.144396424792671
8.721679923740163,161.54122839000283,37.382587212856755,88.93766484604075,37.96130146197258,58.26945469581377,21.07330329391877,4.394002449863635
1.9982710347800008,251.61666282095248,27.287891166522314,46.091162559826444,88.42689479749025,21.888295669227574,42.12343174491647,3.9138034862213265
6.224559504096033,277.69446989542763,20.567624029187563,85.60304771580417,95.99688004647943,77.73754284728918,80.99906713589262,5.309963076998992
7.9197620440741945,247.93889822401349,17.819968296682575,55.36473749064304,26.82067310191413,47.72064553736592,64.74394281011135,3.840779515926045
5.399613415608541,288.25274688874873,32.485502825263154,69.0533882335042,73.77165174914953,85.11716841732024,81.21184739088488,5.487589500931951
1.7426411066219298,280.839712301187,33.86126038130366,47.30078499228336,117.89497190720739,57.35975677264841,91.20533602801835,5.236427876345166
1.4397933584327136,254.77954647633013,31.836017065593573,48.66143741919178,15.698872606389507,72.7088179055186,32.46916383509022,3.435054205247581
6.25602537544193,109.01080216285662,25.496771804924833,69.04269870429889,67.88888101685566,42.27244241069279,92.29851574330415,3.9420926713760385
5.227272278602159,77.06965747809588,19.31434247584566,61.665808419698884,30.4004701363777,43.45926662189922,69.63391282331423,3.5846233038503406
9.33082129895543,226.29306977575854,34.73844757315241,88.04190824289432,34.604803656630935,49.285759740784954,60.470037585231964,4.140681938915885
8.421487324721074,258.2928392535963,36.78076177658546,49.54551564427656,81.76043204330767,67.24307851181743,55.28885680286068,4.117154413105574
7.37561732071124,252.24335003158427,24.796772647659495,83.29201639933666,14.127454638324949,55.5880223314532,52.18481882495212,4.170946865797893
9.832769225199753,203.77805899117894,36.030438960630946,60.32610691553384,69.49394096628822,82.38488043022117,16.650813791911027,3.8465088832524694
7.098801493470396,254.0644044829797,30.890005879202352,42.40047360967037,13.598722561799615,14.931764403462697,14.917638600908031,3.74985716169696
1.3774459701415132,220.93487249212833,28.174457941695152,48.151969365933,139.5784145749485,91.04884527303966,39.78777407349606,4.18909230218342
1.236848286320234,209.6487825517876,30.26513239625691,76.56347896853083,133.61355540792903,93.3432999650016,28.319959725263168,4.588661321114742
8.250757337394411,42.57565436754171,17.693773012057076,80.4648561820403,39.62935168772608,31.966811997145832,17.79503898774481,1.9569868786166582
3.9266840442291753,154.32812254433026,18.134975472057757,37.175983665240324,19.212611548524706,19.06987152176191,12.19935411797588,2.352219339356055
9.28069597234228,39.13845066917257,33.16759666089028,57.551630010816105,45.08899182348859,61.4670604108414,98.05491103312241,2.840338619982654
1.62335063298901,54.9399129464352,39.24867723759494,62.179495775532544,13.974867456909724,15.775315352405313,29.088457720946106,1.9791270844891977
2.3884766133847934,176.07125634593814,27.695103535002197,68.82683456115039,112.87043149352844,30.674408276327043,98.6220898690063,3.575234628953589
7.845091243445191,42.81933915144118,16.350017617897876,70.78394278250624,90.34522021518768,55.6809426113425,59.00515089418314,2.99886031557036
8.551007196416375,276.5695033332322,16.701833892811894,80.68073047238758,86.13753875147367,65.24302885855951,27.26492598602408,5.034726465393452
8.738365270715398,151.59205843494908,26.684117459167233,50.03642601086233,129.27611062518724,27.48743434629949,23.077099981380705,4.6864078079970115
1.4418230198889828,218.99099542292825,31.441613400033024,41.156047274541265,123.30374422846509,93.94641658370101,28.072410750181216,3.1236043476116717
4.1271218736404585,69.90469926502155,18.871916410960786,45.25677255024486,67.24342098551452,26.319078732148256,42.74001090830548,2.6722654832244994
6.640670354480239,258.8507175283397,15.825872337203002,86.5265427141264,95.44716488321394,23.829021742609804,28.44923718152481,4.929229118070255
9.228558358474851,159.07806740983614,33.23673207720457,65.06751706630399,71.85311065408223,24.60879860733177,84.52193250670139,4.158312710321682
2.7706427948967742,180.86949829547302,18.653287877996426,47.05021908194799,97.36135795663768,93.65722854222562,43.03288484755696,4.194311825283183
6.203257393063641,205.09072856333495,25.954499600222512,78.22256249292627,31.213479654513115,89.08939177956165,57.42506996145746,4.403364981175245
1.8634333067608138,175.77252827675804,33.35340390220448,67.28540702819191,52.011233075933475,12.97367778300942,55.11077902323332,2.92451821929196
7.599147758510104,182.06052300880822,18.13237456335244,55.203028944068855,45.26370285140589,75.39537894106017,69.358346509971,4.02805267526513
1.7114823383607665,231.02129881810956,26.068829121491433,36.006639160750446,33.44538194631002,16.61398491805715,99.7661314303834,3.8751679255482143
9.99983364020127,247.7472701152416,17.786378190140596,78.05325532072833,67.93733234927488,16.777948948236542,49.92066172230651,4.38064006344787
1.3765355470306786,112.66483712300514,23.687702187808288,74.4592861224867,111.70991567546612,16.841818192366823,39.03850943039279,3.295428486041544
7.010702982361479,278.95330966325923,37.81083238630181,49.4158658422273,65.44793419799106,84.66588804840477,97.66688433512405,4.616825615067038
7.881868924566386,125.55210335585339,32.15333050299397,49.60909857568289,147.56898950569106,48.469206932975425,99.78603875121117,3.902259936086936
2.950902942838107,103.52791367341709,15.577328562695797,49.931841622816954,52.292694868385226,60.13265393384747,80.28394653383017,3.3971667104365446
2.9208723585042815,114.08621397411662,18.361920228407318,71.87308788648406,142.73816948598568,12.773230012544632,81.7902904257231,3.2530052752929564
6.163396990200191,126.7990924947138,22.34551420919515,51.17975061523153,37.097515951875984,91.08025292232226,46.65917452932134,3.179417424030693
6.489508556359754,115.57126356859163,37.38872996055787,52.06995152675891,54.9084420526848,98.38203960935533,58.501205032017396,3.8209577273022415
7.344996773575079,257.81254775889477,33.67715848049466,55.714044664004945,32.971405657455044,31.166071132157896,41.66298975360163,4.155852231932651
6.012792882978294,181.51122373985518,30.4373238972125,88.91107294499717,43.30742108937284,69.0863664653338,65.6966983562246,3.6484027347646864
2.157434352719105,291.26425312308567,18.81486996015849,60.30541238177565,31.995619859058234,71.09226599341295,84.31656266744464,3.43488131953875
9.279363009215606,52.66800535144618,38.22186717898039,55.755644542691144,97.47582356590128,96.96522183881123,43.66594086228184,3.518449212319459
2.082809969277739,195.7746469934234,35.20322867095292,60.85126377044183,38.086121068520605,53.53895339709948,58.167398037545006,3.1934869422980956
5.8697659245328895,55.92656027991231,20.985642227022502,74.55619276657653,21.91850129274631,31.412313590676273,79.74729541958165,3.11378570061969
9.24002702428218,153.88952286374263,25.108147244142938,83.60299044147378,47.29890203587439,42.425437085486365,28.797650281370743,3.5356344109340854
9.173211118787588,133.33845608401467,25.709594964183104,89.49409989366137,104.9760095498743,67.56505392064571,64.93304266748422,3.504788608630548
2.0951115107011633,213.80922708023118,29.687659338974328,61.73353257685629,70.00838221590664,52.52384062597371,79.81821676567857,3.4234412150752482
2.7667256094440877,231.2700995859229,24.370259785626384,60.307866868719884,31.862131814773306,17.146668707915794,14.693306967088319,3.428312534021569
6.217580482065412,94.28528605773843,20.25066303580907,53.16713709763457,18.883026453764113,82.66296084573446,32.83399882311933,3.141926187700539
3.7030611642423974,82.30300044741401,31.674737989762495,77.8500938045463,112.10965890056251,87.78418882446289,12.273185087480375,3.107808170379877
7.443390775043688,143.26781678235693,31.93887601173818,71.05723923990521,108.57535284810089,53.049895063200616,10.577160949583323,3.7226915155411535
5.462841048873642,95.33657113577601,26.059638414489633,54.985048246503865,74.6134598355135,57.112334441434996,52.9855435497542,3.9744896277874804
3.0278555314697955,212.6884819227278,27.16631197942762,63.51979248779658,83.88485883974789,54.241595166627135,73.06070466245775,4.802291151948324
4.404860217317257,169.7783654359771,16.266754422487697,46.32014253068402,43.66900047154722,57.677157651260586,44.47354553514963,3.561907329918127
7.06555517524327,253.28379484147746,26.40247097714679,73.16965067470375,77.94715593242532,19.236010465054818,65.89787665785437,4.49123228032802
7.958842912311983,294.94345141524207,35.00995633445968,48.86679509124399,112.0049260078708,49.02695985924034,27.23380010326446,4.579249112564891
4.0108294063733885,132.08912342052838,29.787062182741714,54.22503379624078,118.01456643018673,50.30877717099976,85.27821622023359,4.311106129474459
1.4973611419633779,276.2391137184694,38.017475724047046,38.74652193804508,57.6692819932722,99.79429015217421,42.63315998141838,3.8358740349010647
3.8561315687414943,239.83650403167073,32.9128341238724,47.09287408724349,105.03907781885958,14.378785619024159,73.64867364764471,4.714671323780409
6.489471836090786,70.26332110645583,34.44092621901544,45.71854029536852,78.10781926588157,38.092503284907906,21.694787591776898,3.5496172213772343
7.718405528040818,255.70064294184138,26.46039184518103,75.44186759293414,113.50701387748887,54.639574141763106,83.62972539815543,5.309983913234655
8.856762767041849,160.0069743217387,19.336234877194485,73.19572836418979,106.70929132304131,86.25118108620671,56.6254079692602,4.219754502649295
9.638447881456127,221.473435224052,37.80462715995574,64.59790948702059,115.04993784532411,51.51134035151337,97.3241287185423,4.5581225398055025
5.528959657695501,219.70513316631875,31.479912124959903,56.28810813083689,33.08367264211311,36.190580311041735,46.48337694802847,3.0648640069435023
8.861970709933342,269.21071307668484,37.73686531235413,83.917721577317,55.097090358666,58.17413908059282,88.56996119060551,4.454864578622087
2.98974116744351,235.51446993147047,30.438061376672657,83.62458412477318,47.09772417748371,36.73241238685249,47.08895294953477,3.8320089464498146
5.816691287040967,252.64840929183083,26.362023513377245,68.15593452594408,72.58963957579175,59.34893252117748,19.71030978544662,3.9249135418137913
5.62415679571251,116.64622356704575,18.368478286400958,71.18714247628975,75.08774437040496,72.08742329643093,71.88709631639315,4.832301792178602
7.802594341186232,292.7471320097391,24.94261969100304,78.80478881296432,103.42300779758286,57.7704119137767,26.466943187202787,5.326663431424629
7.844667070271387,208.62988374723164,29.938837248375513,74.75262272416806,89.74499876201025,64.86716945438971,81.98670569516058,4.2329160117502695
3.210758104068108,238.89674400923985,38.26910671563405,47.36958152031694,91.18248222035496,13.48456975227776,40.1377809600077,4.822243095136217
8.915683623662861,261.89794708843124,35.73268963495751,62.68483859328865,98.61787759622271,69.29200714799197,78.07821345670637,4.664244291624493
8.969183341652741,63.421469240942756,27.8285417095995,43.35372470359482,48.20455880480671,97.27078552143433,53.329626596904795,3.788123214502358
9.508294494684453,120.8309361121382,26.199772684947195,79.51594694197739,41.65842677055887,54.24802786962282,58.33045068161567,3.7508388748692716
4.8476211111471175,255.70271230137635,15.831834446212248,70.94672751170017,40.126397575793405,82.24374090645715,76.11685308556731,4.062989352589793
9.880436079392668,278.9351376057103,23.779710257344732,88.85001696124877,119.12275339821767,59.401480625176454,69.8550193690129,5.0889710001394235
7.956657642260833,234.14522395427556,39.53294423559949,42.50803275400541,23.616639302277676,73.35988512527274,69.77937139751288,4.507138964972736
6.70528013102805,160.22341151867772,33.525633977640894,63.05812265703723,54.25297881727191,37.89209391133501,69.3050618372855,4.134026318026722
4.606450717889715,97.80301117366598,28.11872636025523,74.82056860437567,49.238216272183465,97.01777330077135,62.67429818082693,3.5232152654073556
8.503096597678379,171.75742228023873,36.55748940714061,82.70382828947183,92.86960555690384,29.363048417241778,82.64599708765743,3.16415174039774
7.759306772261221,137.27106068292863,15.57639581523709,81.93687521813379,139.38682183743578,24.31878605860271,37.00180801162965,4.211323570367928
6.062803519784611,269.12031499892714,38.94060552538255,46.10997032353379,133.00325106211187,14.0971952850906,26.340757215564324,3.97058463590961
9.972885926564018,183.16155246814313,32.49171825673275,89.02765162629277,24.754225003327008,58.70715061854553,76.16440467868077,4.06463246034828
2.8698829731436,135.8579150010771,15.33285368172517,88.97385332030997,85.6294318976906,65.70108193941658,58.58458501951294,3.2105234764196773
6.596663867222827,164.58957853650153,32.63829521747675,88.29822563073654,15.207634603320834,68.45697757257915,91.0550463882946,3.3159004519512396
3.5507080727409015,282.0632368052862,17.07819623422805,68.7487045332579,120.93686428272159,25.500833629610018,96.85768614792099,4.565108795359468
4.849510783244485,195.57978920347264,30.989931733869277,80.75643921606112,62.460549022721594,68.62933824037016,88.04206053668061,4.599976750661327
3.7199916943666658,91.82443803122088,22.522140991719667,39.181848423544245,40.08107004815197,24.859590816328733,59.28030513696156,2.1253311205702548
3.6782744499089866,165.0209463407115,20.30230599540931,49.050322918946264,77.77426899479873,77.94938404640799,77.87124958521363,4.261608823281943
4.079848030498963,155.72772398844705,30.7020369259359,40.059774525678996,70.91446519223123,34.77201340813637,40.08997872443914,3.686731598396332
1.0384559764649925,113.80915427877615,25.851019335812616,62.805839437326654,142.03796930174533,47.984132566674845,11.328530373310127,3.7147728253771315
0.8786802918055864,228.80086817806009,16.61307545826749,88.06015877311367,14.646139790545563,43.05043399424406,80.24228236885573,3.0789463972755358
7.386761490655901,102.43747635171405,35.558571871679774,70.70439126277128,142.9977815875318,43.09507408418853,80.33481155095235,4.392047157620904
3.453631253153798,162.98822863979558,21.653068418227598,60.36886643626132,42.81197413720394,74.88491341411913,10.723462796774223,3.3104672342267647
0.7015388028229985,149.08260979246825,30.455256579019924,78.60596547629862,30.304502597362365,99.79956280891962,87.72374842706492,3.120238570381583
1.274070987479002,156.05292015636127,30.23401631624024,65.26849119428891,113.85533305930137,57.45967763916852,89.32947079882634,4.026987025625434
2.3605677917423735,183.02940051791882,16.404028917398882,60.170621682271744,83.16077009733822,46.09350042973431,38.858088921020965,4.463663768475085
0.9580164343755065,214.49026183555142,39.932913755910306,69.6130499560099,135.39063707275528,36.43292015036579,11.552161933349156,3.2541943207078967
9.488398441797566,68.60995752515437,26.191513572158037,63.14903777761356,85.96919407371013,66.20304061820784,88.84183976810004,4.132768658383088
5.899428361513576,107.84777746003415,20.13391597560895,70.28498668161325,80.76546560050008,50.606489367794666,16.34662535147505,3.507948584719988
4.243231512928379,238.6659271519822,25.91869221058427,79.14503614149703,38.86266300215873,79.55522815779243,30.898396265071064,4.077570248060192
5.560766221600542,275.09124514438724,30.07654865909675,60.43301813500872,142.96833023196294,64.60202251135937,58.83169923828727,4.541132195229832
1.5717909581615976,42.057386230131115,15.075994514591255,57.82616867904807,103.02863056725018,47.07292494313726,83.48811026070165,2.209694402935094
7.167533010103393,49.808705277284375,22.503338953369514,65.72660454937345,94.2196209915012,95.77101279544013,80.36357598830004,3.951754874231448
9.711109695209872,282.13401383308644,28.40825627393688,84.76144987609727,120.60780476737685,11.013811797583937,71.30587297964748,4.525608791712878
1.741242788001935,69.94404153833766,32.361924500606676,58.26402560674005,24.177938166510316,72.0539222153347,84.58076609798567,3.2358926034892335
1.949701164612483,294.4080652450192,22.83264901279884,81.62623459932271,131.29788250549768,46.97123112883212,71.68882619847739,4.492301567677136
6.4723021559366485,253.61997558436184,25.09774132798212,68.94395788197956,80.06757951649588,20.945964903539007,67.39200143192716,4.871188353903833
1.9433343098518054,62.59019514086706,20.530710730148257,35.68184306259046,122.30982822735038,18.34259066916879,25.092822762821253,2.778643812999589
1.6975014883727755,57.681764370227384,22.32600814921259,61.19114143510876,109.76831484450973,68.4387088182487,49.592951929080044,3.0685816240310997
6.869596266916329,293.870171063516,32.18393568267463,46.57944853755518,73.17638741580784,23.299583539935696,50.62440548859328,4.109399618116167
6.377245940153226,98.80215591421246,23.431546453554617,43.270149804154904,117.75937534318517,87.04684408060216,11.664853577732206,4.089487006233769
2.5685016026631367,175.44014444701693,21.990490434400403,47.89408374770943,110.89675972487028,37.98351876743645,46.49671265125329,4.265624293844008
8.3202000138558,93.78363985589922,22.46399812813041,74.18306409340619,10.521063601190114,40.945857465872265,30.437994831057168,2.9277442464925794
1.499883030545658,192.18211854529275,30.316076050451777,69.50604986946428,109.29464134756343,69.41119920028555,18.070098431155465,4.3351674196869805
3.659461542899112,256.8077068559754,29.020419837120947,64.52692205826283,81.23041779997722,29.814749417053335,59.16888487670759,4.423394968162018
7.519242616134467,207.36548032739984,25.17253478612291,62.239769723097105,127.5259197396174,10.63352887144456,31.331056112671874,3.983091464561585
6.3320614970179205,42.58649791505309,30.80790735140686,56.40479032047975,123.35022455822173,50.124640612001265,27.134044444353606,3.6900823070765436
6.200674054958553,190.70112278111247,31.069857199792697,83.76123424595319,33.890791962807604,57.509180052027,80.81155920508996,3.734210019031121
7.019604224997856,208.47449134199093,15.327739093166333,86.2849830936463,13.046213467974269,50.13059773973767,82.90838972744257,2.492175723246434
6.641395885968114,84.24246034590965,23.47648782541497,77.04407886458065,37.48555995657834,51.219253449610086,69.47712272012555,3.149200968505074
8.805572028007697,235.77183320001438,21.10722196244731,50.85235005741709,113.75753796793731,69.91650083727141,27.070191285843375,3.9853201743134017
5.903289801914957,199.26120979989162,35.72803963346678,85.2625245337457,131.98919443588713,86.11199083864196,66.9424134995759,4.08398631982501
4.312202582434974,32.57773779919466,21.885902322548027,80.05244572330473,108.08036227700995,42.895500628381654,74.19901776091531,3.26359531746192
7.777848608360556,286.6498697154009,22.93240229710893,41.82145435093187,124.88227733646173,81.1084197557305,30.997888917776773,5.11705605575626
2.9627770977016126,150.3064893970321,28.444686197661866,53.792265292467604,92.21372269107013,15.641538962082139,21.964915904336635,3.2158027376932177
7.716124339642576,92.74231866435746,28.68498247364316,53.01832649810023,80.91289474359637,53.223477030333996,49.01746565507428,3.889785099674154
3.159847799897109,53.27339031754819,35.274337713171136,75.15257296436252,145.85096330481196,43.853672893127644,48.187621939593434,3.491034423605987
5.063617205284474,131.09581369235684,24.698207009465996,63.81442083244802,21.28262219115777,51.9346520492017,23.797271392479168,3.1063247219512
7.522336523285806,113.09765998392444,22.029106053153136,49.67865213910791,68.98959756480092,18.23300707562157,27.254344674154343,3.4334711238091757
6.462762854304635,110.44734820359082,30.206083052489262,47.69370393069612,48.928012579241035,22.494639231568172,54.96554846252611,3.8157440368320743
1.3140459303119796,244.164308157773,33.20702602617231,60.162777370524736,27.0871364047677,36.41319642099862,57.46804198207049,2.586547262239508
4.742316930416827,204.3987119853704,39.81493768912182,71.62763663687045,94.78077966374403,34.61784636806314,58.407274754394514,4.639730231237571
8.212627819698293,65.92431295137101,30.45747049157589,62.97992637592431,46.85505278330384,44.658692428706594,98.38302201201545,3.0903251069545825
9.96926723752656,221.18000799769217,27.26833936457181,49.35684301256351,74.81503646620173,51.15329894078958,13.564718881916422,4.0031099721738475
4.934580826472373,225.34014146157867,18.326700278734403,69.09917890315064,29.12240514629541,29.905526442708144,80.7661433033696,3.692003160534452
1.3162943642735028,168.85253017043118,39.673077120372696,89.94017692439114,64.59811154835994,65.72983928099723,41.66272037030076,2.851311913872073
3.9787642487519075,298.85709414556607,32.12479537867385,44.7167813190256,38.0356781999138,43.8239405537007,77.76166686840727,3.7948344022467753
5.154268477637429,106.53940374458816,19.125435904487183,64.06197666263886,135.57119156498788,15.412175260812067,76.18961116271822,4.323603853190342
1.197571018824993,45.78302233570369,26.491932264688312,55.66108714843314,83.13546229837254,31.932704000296823,65.78608228515245,3.0139709852036267
8.710460340940502,37.77767674029918,29.007558389744606,47.012873537242875,121.93610190916164,60.41325644676692,66.80387583193769,2.8637679886446
5.61851549661769,116.54797563620784,20.42193267555615,83.15207260279695,78.00168652719063,64.61894421491608,69.7236901491085,4.037388513652902
4.453098175692984,164.4378524625861,33.31203582474737,87.67737763752041,15.93380353275906,81.9694782856238,77.28416431244953,3.7164262958775933
4.273252793804469,51.12238595480811,31.258438907244916,54.26076803994851,107.23749836840102,32.09307940241641,21.845801780672147,2.5465096111679215
0.7689311000231305,182.76562447748603,20.843683860298075,54.10098197132929,16.69528048794183,60.59934514547172,42.47549637635455,3.1564256580102494
5.429318403302811,273.2350526165004,39.74390926713617,40.04691468358854,65.30566000269673,52.84946971910043,85.78077686945593,4.537790125696682
5.017972775686132,245.15295997952865,38.71671302430103,68.97642687020789,86.57150965225601,86.36636567366308,59.30957518553899,3.769054179591129
3.785909941887759,211.56651225988264,21.638027740807843,36.45999462955304,119.1759641688176,75.69925618480949,22.324214364553548,4.458652299211849
6.757434273105449,208.66755752689164,26.045303865248165,62.291573024832786,135.80396732476282,21.878691196742977,96.54838482582761,4.581448326239103
4.404806329096466,227.18115277486172,37.36969853952162,43.40479929737042,38.67392934846115,96.28967360758925,98.90528310103511,4.245076388863263
5.93175803646779,163.43572375612334,25.157396081513113,71.97750565591068,102.90010079643483,41.9693175218843,56.140949106654645,3.8646832720484885
8.907903035508516,138.48595088371553,38.87051292269928,86.09005517715316,75.83202129850714,95.91322499130017,57.987466302168,4.348559951440125
3.956923658721607,112.79698584085224,20.010188409383822,39.8830478632646,117.45219921427616,35.6698943022907,36.2821607804423,3.4881627397144754
4.280276477041212,56.89695849537592,33.10055714075101,77.77572644453032,141.57812532627753,52.204494251826965,56.45456438835011,3.4337104374521275
8.726087727035022,181.78388715483504,29.987651677939127,80.68124565261849,84.61539597762601,59.541743292649315,97.19063190783952,4.104636542953532
3.901892337259562,157.57988272839737,23.654623413279033,44.69134689539861,50.14794208045801,15.72325325737992,32.9111923948807,3.7474790392377164
4.673947541152501,62.10378174139622,32.94481383717449,85.74532658976233,121.7912876163056,74.40990720885553,37.415517731447935,3.270883085772825
8.107716112403484,102.43283211084814,15.605262737926001,69.15048116638579,83.7430232735481,19.4239328017283,90.77509289569065,4.1199899801351005
6.122735572718583,242.5447857487256,20.771746233719927,64.42153178266003,133.51897533610153,24.77464994004404,44.59557581137608,4.875319619520087
9.37191556331751,99.01309321372787,21.532388213905072,71.92768776303126,89.2502395210484,36.12179833798118,97.52745719224268,3.317054372477516
4.971297931636174,144.9441686224157,17.936760167231434,50.84600240858716,141.1972135048161,96.46716649791492,41.462973624884334,4.33012346153407
5.050750879611502,73.55306708154706,15.849027610911337,36.3975976702171,12.455126632328039,97.58046533216859,10.416909172884326,2.6582939275928092
0.9078195218065508,75.8585852387576,23.823687674494963,59.312817300314705,113.45423609793428,54.0384798025634,95.83532237644988,2.8358307847914386
2.374380054787258,234.2133440335193,20.45686649970809,75.88405220377602,58.515314167881485,57.998899563814184,31.328952699472218,3.954903456068812
5.629993502492014,48.00203430920651,18.32167373876155,85.52577159422721,103.60685237653428,29.065880561690534,72.47084338864019,3.5714726094178717
2.277551051225955,106.95705886088103,18.932768609328615,58.65570995139202,141.92854761434896,47.62374809850184,14.264518397637854,4.188865288008548
4.809042258981835,294.8280122977601,35.6566617240207,49.50062303809595,101.54756480267521,98.59764469179463,77.34276231670127,5.44710114989139
3.1915132112118636,158.4910867499666,17.372571787985013,42.22125265289626,114.29795263702869,81.1712866617186,29.80621006372676,4.973712219075977
0.6977266417504404,193.6776025383974,33.12138065571311,86.45218841254496,32.12706308906995,72.76590929113493,82.0226179951487,3.3649805204091163
5.013539561619701,203.01319220695686,16.348860504706444,47.701979173324105,33.8725265600778,35.057342278776936,96.99399935911858,3.9223195778264786
6.639564831410956,82.95744341257718,16.015800287828956,85.10891777941566,90.27969410251558,78.67533241788163,14.070378371238725,3.175499710639362
3.7132201164029284,129.72236537140694,26.056075842435888,45.10659119589107,70.28462625194041,96.98985164834498,43.119286569242476,4.597699397416095
7.877006134527524,138.19079219583273,24.546325366713887,35.99730065407771,25.561076156764734,98.91579293911093,74.42006623755698,3.2754903063713092
1.8875123425486857,92.28446424261378,28.643712966283218,47.33211789836562,111.96694893079079,63.98129366410282,99.6791730681033,4.501099659044589
1.367271486509969,93.17562922367358,32.56607690467,62.103424528416404,107.85392493128622,24.46588430057942,42.67402462180641,4.007769560654533
9.380994193437596,194.12471275551988,22.745267902904832,54.1787747282867,22.82060916666446,96.76630511767307,99.54818176582303,3.822517453629339
9.255737203216608,59.28840957313571,19.86018372166012,84.92464051214043,16.81195017767989,58.724087430313396,90.926653476699,3.5359493531983306
4.3621703607997695,64.86927055479674,35.552920278811584,64.97964952004888,63.03386508329779,13.450651881342555,74.73806511029346,3.1958660488437016
4.489352936455074,184.791553190893,19.13267341267506,41.47732173110001,98.61078681550913,17.33473230155488,44.37071416910092,3.66785794966827
8.584838008074648,151.32127812435195,34.96131843529773,69.39325926441559,135.09945252627233,61.953214170133215,58.32235440097305,4.413779638867224
5.539950621436617,195.22203577307357,29.678671891888776,56.392076822024606,70.83078023644971,85.17644534038381,74.83120924832706,4.406303797888105
1.612580988538384,37.27906888208735,22.23424958214733,72.34177399713475,21.77441819767683,94.73692851418024,71.71559691713921,2.8821761346175414
1.591297705821014,220.32724636464627,22.85647660033958,78.2397183110838,127.66524767449356,94.99924998370356,35.95600270436487,5.208765994797533
1.745742013942109,259.4702032959956,24.265736531867987,89.2053294731645,27.485979748271376,62.0753008456418,60.149581566825475,4.157439930277524
7.917269441187786,171.51788065748156,29.776993194930064,66.71553323293136,99.23478063638633,98.32682898338416,85.15222931850883,4.27697330049402
6.218014523137708,257.02688629000556,39.49066951960371,55.17128687026438,67.88347510232222,23.46364847091136,52.75680369016004,4.43754685133062
3.3477788155361807,137.90891623700838,22.956825475442425,58.84801933123322,137.3398187010042,18.520088560344227,60.96185132359265,3.268083592373446
2.03969749383087,51.30954988033845,38.5466977927053,57.14419591814013,108.687527499081,12.725009849399052,39.47811892968895,2.6710413102813195
1.6729034460229895,131.93692604016718,20.12867130748638,59.77955326320475,10.019963446834481,79.67188968051765,24.409239338624623,2.769056084295263
7.54318133345096,150.51946484683523,17.82395293341003,36.653226772723656,62.18667140547561,92.49372510666039,15.938166484541036,3.960956286936907
8.915694411286504,263.6951795426599,28.3028445495356,48.60305312970152,35.24327089569043,85.58503371792465,46.5450023842415,5.259942974055095
5.5452446733765814,120.37345855459978,39.41202176771855,89.32684424573092,49.69441022123218,94.56725714734137,66.85928461563714,3.5029021225234924
7.840745923258442,115.07722283880742,27.12159487080057,86.04079899198518,65.85380664126231,59.326106484159766,78.40127017220142,3.665682521978219
3.1897198474206037,269.76470731078297,34.99787650469764,37.655893208130905,85.79391416773579,78.67372981134481,17.564890791892623,3.940513295930071
6.063806037813808,97.76082088194732,26.81365830041885,88.87694827171745,121.77343585866751,40.30388859658798,38.663900215015516,4.264369493344523
4.661369054528855,203.46056461226124,36.25004532603808,78.55747894499689,22.099952906635572,78.99210044890519,82.71147800279023,3.6731765088276713
1.3330948257127768,118.19110248873464,35.31851899304993,35.15109193756585,71.75447143270611,77.77413988808873,20.10298168122653,2.782608666839816
5.1299843575102,286.8930902148409,32.15481249564685,85.24049553676187,129.10055057364656,49.20425896786825,99.39524839477966,5.566548955983735
8.544474115490097,81.19873005061805,30.385264898595597,87.82030772226132,70.50523314464726,13.938908462130481,66.94197861457062,3.9070232019140967
0.9919339193469522,225.46333664616384,27.95357067876221,69.58169099373214,82.70130078181084,33.96366628422406,94.6015838487406,3.6921765440186136
5.032506781225978,178.51730950179657,38.91897262728848,78.35809509777482,119.00483478707432,89.66665339326161,75.72531009219148,3.691406363782345
8.795999222579834,294.2511113300891,28.9344960373715,53.28924104735541,109.8052192938414,62.8539992914462,96.74899723438227,5.266673072532297
8.005683330028113,298.39523820582167,23.428451543452386,66.47766938519032,81.39968349913042,46.45839231859807,69.8799534228992,4.507762182748757
5.187774806833169,244.29848711446087,37.05542715762432,75.23524720259647,145.39302999466256,95.26557965105987,34.12688363589875,4.367806919831053
2.12777407300503,57.933137715599635,31.50087176573259,65.86934910029524,15.0698972043835,42.97977068609338,82.02445559293623,2.154661881930034
8.560998864769246,156.63187496821172,28.95432513281693,51.75327904940904,17.631436126096663,39.52746364300461,30.346279458633962,3.907783525310042
1.9547785323689055,260.7185027387627,32.05426438462378,70.70601492175071,69.83074793488503,79.34464193938071,60.85051983486209,4.639165960040051
3.129796775372467,202.3904885946426,23.72180289190857,81.1130409073399,32.098904464411575,41.97741669021046,43.57369587107889,4.748377043228537
1.680614318796226,267.32173624071265,25.521324731871097,80.98045181689457,40.311169406966414,50.16098998115491,81.91976018093798,3.8512066047676194
4.860586587065057,245.82887669877942,19.889868998970066,42.269403181168,31.01155478713578,75.02122290605304,78.35408391444957,4.656389431875671
6.477380315740183,114.49932977152504,36.3755202683399,59.49814379000101,106.93165250263506,48.71081632177953,87.75048717555893,4.1044040243601865
8.357623954364545,82.66765243033672,31.639801842578088,37.130657265995616,68.97759105243591,39.00591473643259,32.22525519333102,2.99460761168279
4.882707279627635,117.09225282342115,35.60654338458861,69.80216544402923,126.7844626473469,11.384995262753485,99.78007091750044,3.87456095657877
9.721842580059302,217.90514758446625,22.934764224643985,48.31892181627099,45.05380033578041,87.45126984349368,82.48336628448095,4.136185944084115
6.160641380824574,159.88754355840425,39.885932746697556,86.16951609226501,97.27969607932245,57.40334137113642,44.80328724558437,3.9628560790721354
6.241895335113219,41.83901517239123,23.930254353326664,69.00407685094252,39.881856001075846,86.61986853471367,21.489736921280553,3.5602931882363045
2.1652362814501873,230.4687851092693,23.842825690820174,57.03396881083059,12.02778504292737,65.60579134435407,41.4482984605027,3.471500091315567
2.306102327940916,42.06815394335307,39.0158864864458,75.23047541021779,106.44857344783193,28.059974355734767,19.55642061791391,3.218419085080082
5.977948492293253,140.51215064493152,31.376622054771868,46.40654323325937,30.372790403093642,42.68448559102628,65.38349653213612,3.928985289879225
7.348354335676609,154.81678101280994,38.33605821006448,40.02874932222294,107.13349174295749,47.553235843861,20.163015586946585,4.463426820353686
2.444713532654072,165.81724991709834,30.578547157497113,39.80598419259883,106.69400058156441,76.5753387954635,48.746136682936644,3.410436630546763
5.098167938079638,67.55453982491113,21.16187014158284,67.05428379163193,103.54016199288814,59.33558732123427,70.08107082447589,3.653284402202353
3.8839005824275565,231.90334895327976,24.768412690627923,83.88777001207853,92.87436749291336,67.2853155945251,50.77635965900033,4.8160943074162255
4.668255682777012,259.3305021867934,36.47280935517975,47.251695763004676,133.8891184010247,77.77721524586009,89.34855693267414,4.4261182221359
2.610243911145859,218.43314898311303,27.23654823099494,76.80266121686256,20.5891326199119,34.64751922801989,31.689330245104077,2.9972524120456523
1.8368672083073019,286.7890766180982,32.724490573275574,37.06929391260243,140.454660300166,89.3792618436865,57.15028061211162,4.8607033582895705
3.5447597760117726,99.525172632472,19.163219149563208,54.43370402587115,19.235709505807836,50.79492549683845,92.18626907896206,2.8105152019147424
8.754708334971964,73.39712534943013,24.9942152025,70.95440802569382,79.3452707926678,69.5009702578368,41.78798300283553,3.667299231055049
8.14964471533328,48.16972049086434,35.98642960035186,80.4437809418281,139.2526172717121,29.63820688397199,52.54385413476125,3.4295940710213086
1.4657142702707686,224.8103286967949,38.52525844297064,86.87554792358708,47.65009936688182,31.003512398973115,93.95602551493447,4.509379644328118
1.3341808666634276,73.76896304319283,23.10751660654983,69.79137007275051,127.30663863935999,76.14904631828578,54.93822530515733,3.4458537083176983
5.1830366737809195,283.30898468020143,19.31432045914348,60.44708279092094,93.04647975542599,41.536546906810095,87.78169536714773,5.050424069034001
3.1351309203250386,191.55462866227379,15.585520968153256,38.33500156098653,130.56600403703732,88.83619909742461,94.64143082546829,4.612972937835994
8.322545052606971,247.11662990025573,18.18461139334934,50.16062057626696,16.79943146783522,69.82723806718447,33.049209023167236,3.202516574768623
5.11872120600431,147.36857152444736,35.89169737366775,85.77114932020365,87.83178900415425,69.8886026305617,80.72566928494246,4.560405061284695
8.600723534292717,228.40838324542705,26.392098791804784,67.05930986941163,36.41115004204019,44.22405739553566,68.8379475229118,4.590955718512389
1.5278887771025826,149.7858054751677,22.290536925239362,53.84725085742573,12.529596392483068,91.24032877894109,98.80472565536182,3.365886823043855
9.715732228920233,175.4662281097867,34.39150154058379,48.684928033607136,106.45360784239472,95.0175518295714,62.701376225399976,4.940867105508967
7.787462749735738,238.86706791514666,34.83614802314813,41.251136522821085,114.95575957422638,33.21453246721013,81.34993954142877,4.57552174507575
7.4528273491273405,94.30145999647007,24.05401158079475,76.33827381819077,113.08146484119426,56.31063137394703,41.11237160276303,4.3763051948486
9.432053531701106,268.81756854015634,37.534191101410016,57.68068750960698,111.77654412460537,91.62386627186734,64.5752331315759,4.1814768335969745
4.9678760321391495,223.40068382179552,26.577808328605506,86.51021509565851,121.99185574955642,19.115249058401993,80.07223094463335,5.012633922188241
1.9144446835875877,231.56583634090939,21.530779523149242,59.99154411576103,75.74256687692754,36.78210987045095,97.0222006248377,4.21877246300152
5.220557085490223,94.30401180967482,37.49389728385046,80.01071099780503,58.66062742420491,95.89838666908567,32.6656810872504,3.3987085535559687
8.24462647440031,54.334393503280346,18.823786946222526,42.16306927840958,117.93483642962796,53.64762294092553,17.100530289009246,3.088336457140851
8.665658110173526,49.67124183903989,39.89858798184864,43.299919500219296,103.30448096301473,95.63834601177912,97.86742399062402,3.4884835414071294
5.141184203464412,204.69447115455142,30.331305661579506,50.026655310817056,38.0008912780161,44.21514508120481,64.2377491640446,3.6972269358981094
7.45687109165579,70.50064325682777,37.883686610064196,45.5179062687567,70.94104706651378,57.47496755150165,11.552577284756683,2.545742181877702
2.846050652272284,299.78169160652953,19.47089518536159,88.72073229912843,35.504172367580324,50.87105992998721,56.79905801194739,4.31375486523472
2.690196898143831,289.4828684809571,24.727781613573686,79.44779628608694,119.04647270216142,51.14927543836944,94.24389604206878,5.753023576570717
6.069465747639147,37.87772437668681,36.83127331586837,54.16267338666535,44.59833275090508,92.5941634705139,98.59822194085035,2.429363440612419
4.506636103197197,225.7655488786032,35.92752209751205,63.590273644464816,97.17738558962213,72.51785456498271,39.314004800681886,4.571073471825395
2.0299978895099233,100.40845450324794,36.796278746018054,64.32864642225255,112.95143183049201,95.11583286486955,80.37181877692548,3.52250537657956
7.732943681869602,122.0429419258433,22.011478748843672,68.39649802481838,148.82456264860278,39.657880549980916,51.282870157108334,4.14332606311467
5.555400753396639,94.88381800085794,30.44045062284698,40.698921130808536,70.63995737262171,99.450449965932,45.82088119584019,3.5746141819637534
5.4437269204573,254.24731823939717,24.739963191440694,54.19390907599393,132.14447188315847,73.68980059477602,78.23740964941618,5.178325211775739
2.298440436956958,271.313127953734,23.019360086532288,39.7261389704854,103.00954986748062,21.817918593156108,34.297083074495845,4.386771735083031
2.7908360445263085,40.90842032391487,28.00319008179705,85.54858702686515,11.18277341223071,47.1648795251319,48.37395571613,1.982838555658677
7.080724901635335,102.91029055780396,32.87632368653394,57.18996304855512,64.77907258170927,32.38010191680526,32.187862281020124,3.834794302051214
8.59307928376281,151.14858482588298,27.96294576989027,74.98593743346241,65.17653512225807,31.191341305151507,22.83738560679113,3.8704687861842872
2.1835153947359807,170.89194852768236,20.76244769978633,85.6454525227326,26.74752100525009,93.65975538918599,44.13690046466823,3.694086778292899
8.217284351344727,53.66465709873599,35.18731584063853,52.01905293414771,71.19259464678447,96.39545447083462,96.33055501076447,4.052481075735348
7.986904085481122,254.10761210346024,39.44471698650207,39.83170574758731,26.30434569381706,11.275003009787248,47.69930962157477,2.8101653410941525
8.241662276465615,282.17457287986923,24.07196556182432,53.49189346984694,126.95382847552236,22.423306487529008,71.49021593190318,5.427601691875852
6.026566231972395,138.773572400982,36.23132047396232,71.90431482664246,60.665609640433836,35.006066647413164,35.656553450077524,3.406263554541082
3.842499177562137,261.4532015368236,36.596569294362226,62.48886065764536,35.63704255806316,86.29618068578935,87.8821345378035,4.663260409429902
7.82469875538091,212.61582031716247,21.51303101428642,39.12244623078276,94.25520642140843,64.99951737194719,66.24103140792052,4.0925621424333976
5.059481504934348,189.77077499175022,32.63267819468096,38.86079302157262,130.0614971906558,60.888494803766775,95.54086139129028,4.9081152952332365
2.6077087733499,251.14354048373525,38.46043004278256,73.47588828368993,140.8898579950051,63.844692139344176,39.33568863702915,4.149322812307798
4.322674221493413,157.7179966149824,33.49639853336161,75.50999364632042,135.2000007195321,95.55283180263467,58.42302146631319,4.631106019077816
4.848309992163316,177.88333781485343,15.750544089664116,41.02292795191114,133.48736545907747,34.821139487053806,27.194109376121162,4.172036474677459
5.300778951521144,104.1597820945411,30.112980797554656,78.70948407832302,58.727208478142124,21.098989823028717,22.229581184694837,3.165075156077689
9.026853966383456,222.28988512469752,34.46128542876235,54.00575163936593,80.75900128875054,64.70338313505994,62.68236703443862,3.9615793326984594
4.40606761947455,72.9467944719809,30.453414555555717,38.751502597556104,61.98323182070783,97.1982170248656,82.3075071415012,3.1951541922184186
3.2057027618896865,95.65362247722415,15.718496114535341,53.362357151713525,139.11662875819766,73.90038370086353,27.981504585547306,4.127581714675655
9.642305598067361,159.5786576376354,18.004227086056037,75.1761309838039,22.995664551323625,90.29047250867599,73.26248415493092,4.488626649633722
2.7985078138453625,134.03437117626925,35.04055718976645,71.06780314952303,87.60475445147546,90.65708606103814,70.43994083029716,4.693056625050424
0.6056047620498748,94.68615103337119,27.20133402382466,61.48089825691497,44.566809419056554,29.733138180208844,53.42939480660104,3.0255072137657724
8.573299672151641,81.8099075621923,38.949421885940026,50.38089739867415,129.05239465752862,71.70386101310677,79.02205759404362,4.00949418934854
9.567234822297497,262.44223773832607,25.37453973145913,57.98621504725869,57.49056605470892,87.59988027855525,63.45158013020844,5.014844039409941
6.980253500992728,189.53190229511992,35.54270661979514,55.98858742875831,130.915791107034,19.120679855921246,95.18499013218928,5.318692336570084
4.372671714825148,131.89601793325343,15.887313520767389,56.451249828432495,139.92600785803515,68.63304636857356,78.73350357751792,4.410150994769913
5.665669509345883,258.36072175639146,36.02536825598949,61.93311227276594,34.07547060561317,34.48028480155835,89.79339536209557,4.1342151315095235
8.404014925418235,252.79333141211384,36.476442691949615,60.04061107247319,115.59537615892576,83.95034587757205,42.523131507473906,4.743737341342047
8.910733134492656,59.93950536403334,24.051895730324066,40.63578981455338,58.996956323395516,30.0886853539955,82.98992629858441,3.2069098644183938
1.473995923753738,183.16711913157212,22.736301036581878,50.95932613996364,66.45866387787517,43.60784491822914,99.28217700239448,3.898035129001863
8.745968813789537,112.51548751775141,37.747719437921845,42.10101127367768,48.41337874656801,70.90683322119156,24.711835343069108,2.917827429277662
6.364823254055007,176.02541616655688,34.442618108361856,68.11529180227606,96.33333176197452,60.02435434337909,56.00615008029344,3.9295142811403476
0.8066462452919689,223.85968062880536,29.948718225334623,58.2548259404949,58.0433978028149,20.797841668268603,87.61023847778726,3.662634166274932
1.5306141744187707,32.29704929051406,25.908623284649096,71.95591393652931,113.68621725864104,30.27656262675856,45.69637301981928,2.9690473989938764
0.9325750302800385,168.66322785543758,37.80216545887136,39.81817610110944,118.98888368812827,89.72560567979458,55.7409856441667,4.0128887444518
9.511306439561698,108.76773181613127,33.6805524469739,53.96999900268952,65.31851933162548,98.99016322327607,77.2864623050999,4.141404821915376
4.551920075333503,174.18294304269955,25.42089776198307,44.91934553501329,10.664164080210464,72.45748360736161,84.22277138620113,3.7260294300802337
7.298348493149583,59.65737890115157,27.418003325868575,40.064824298212685,19.251385476446863,10.87882053407765,27.957743494643324,2.8853546943958315
0.5163147428051558,250.7429329235166,17.460791383662414,77.53957285079954,48.33371147743997,76.9060592063479,45.19989865544878,3.774249591279993
8.035133682467634,176.7904820402782,35.26862497614163,42.201514173181174,143.54224474040046,67.8543026384086,45.50546855693742,2.7823841747424636
5.079336179476506,86.98713161789948,36.04255687805933,44.620320494029144,65.13330627423994,47.06383198994859,23.754182671747365,2.636738682006503
9.274225362745446,237.8148768165064,23.891056023802328,55.17277342914301,114.19293892617722,30.524123126222413,18.20364899745208,5.009131798420216
5.448526166924308,40.201255646262624,22.741343347963173,51.1019534559623,141.05090870850432,24.912806866530012,77.02247911165766,3.2803592259675916
7.993601417628471,190.06231519617208,21.305853857031575,85.5900278607813,57.835026406037734,17.518317596931116,86.67931807510638,4.3759883943563445
6.479933567923007,165.47563918622967,19.33646796381979,89.37555392230962,88.58059329759436,67.53433379562442,95.67267853281405,4.590323606999561
5.445115490076369,40.704154120219144,38.69462793218942,58.23203857586451,129.32488973242306,40.35471162223105,96.06654938534311,3.3731600448094934
9.508319794250765,97.42047777173173,33.97583717610625,46.06241587437971,96.0717034346451,56.6211933195058,99.52157474332087,3.592638377874269
5.208192610191059,50.8279190378403,25.835137523422194,62.39614274610564,25.710885193283815,57.26875311856958,17.46938382729195,2.885763482808067
8.97768946725468,227.74447177615178,17.754262728025516,62.26177320547235,117.74076945675236,64.65722354117253,45.7117646786877,4.73690227788364
0.8427374862812553,220.558161887569,18.485927208997577,60.632125169664924,136.57295721257378,63.50914098279165,17.394047614671422,4.474181999829077
6.7454790298666225,54.110451373038316,32.744710425607565,36.11849258692627,117.62861278241043,56.71690690171016,71.01009793158053,2.4966712070927124
9.160785002724381,59.48593985783657,20.077025987991494,42.06073249571432,115.35542893691712,23.960598806686193,97.5152406218471,3.3335934964307947
9.043115630119601,267.67619766045823,23.696849146932276,42.75547237962044,115.79748502405756,12.433884739714612,13.301528338986154,4.2528634250033335
5.108009489800829,84.228809610801,38.92522816151971,54.34686058637773,95.75544282543733,61.85663209462974,57.369671879848866,2.2740265798582753
4.984923076711964,111.9884892287716,29.52994759266298,66.9433327893793,44.693390412571944,48.08979990202264,57.99369978642487,3.1927988470499815
8.199877628920776,214.75564438630812,35.208681895891615,83.28139399996195,137.51742452077565,46.91067925116318,24.69474250306789,3.942392379415047
3.6826509085089363,46.39527009906705,17.59703346512901,47.28459031838739,28.047020805995224,48.70590913258396,85.0121743420046,2.4722256339755844
9.403033538987172,285.86725817473626,23.259654808193456,77.41600317956141,125.8214044949238,20.218781810783604,45.525051332124576,4.926372566461201
2.881499145265464,36.212431915685094,37.39017631686597,47.4414322649261,60.31239994603003,26.134116573753612,47.84181213103263,2.7064283057076444
1.2067793594746374,259.26847804175725,35.261577106478086,36.793918571329364,104.33481263823931,69.59389925705366,96.57624927455319,4.192080029062871
7.833277549822135,127.44463527064768,33.086249600556286,70.7422082550037,122.71359552989747,56.240332626137736,32.26453222621267,3.3878476262514443
4.344880427366371,70.51077902838014,29.68512171388483,46.80481119278585,121.80246359919448,64.86960977310534,44.69212169336469,3.8023310602732705
3.879885001351731,131.9225913490123,21.723501595996602,85.58102545873211,32.55996559598596,21.640656045346752,79.31353160819846,4.319862747786321
3.5486445704060667,292.6672183610948,29.63701380567909,86.33806775894936,95.528531579086,83.272565940088,53.198427984050234,5.337939472515206
9.81420122476737,172.82400202509749,16.26899896365141,40.77674834067291,40.03877079512318,43.53757529942614,64.30779884646228,3.9446705865316862
5.93092820419555,46.00565036997599,20.057354844763484,45.709527406909515,25.694599682856136,65.17647890265144,53.00318238478746,2.69664029913757
9.923187204688514,284.2163037040699,27.95663151473522,46.57274848517407,81.89858350838753,51.908789771203786,35.49929703117752,4.601042850830596
3.7640193892629603,68.76161975077805,15.049433275371461,85.1291178393758,148.25378715883562,52.14907635927874,24.645444107528512,3.3108480660189796
4.4327077672729525,44.76565480805552,20.805670881176397,39.29130930392768,147.43295090826732,80.07224234906128,86.5120738273013,3.9144145178739533
2.511745632032345,42.26499519984542,18.80620071688455,76.31424205643873,90.27616540098964,19.931397985588625,34.76914148839069,2.3705710936915576
4.588459105225284,253.11042238629562,23.637819521562076,50.823754484370795,118.10438294762591,16.731119781827708,99.76306422648187,4.857002426841327
1.089050757584347,71.3151865356435,36.458830275328765,67.0339008772255,44.954915315164044,19.095247310967775,10.905787401783778,2.0765745399108466
0.5052995933633773,78.32538157404323,38.68547751994453,44.75051318472938,41.410705955090336,99.57701246516508,89.37525553907274,1.8706732554210006
4.8041980230008585,284.9111446440121,19.126460249484857,79.35913117115332,108.91323996346387,93.44333163309798,95.26314717735202,4.822861588204766
7.587227283631827,195.13500925645525,20.776865284048736,71.892456749856,120.03993561741231,73.04981283223579,15.28344506832856,5.14288142304483
4.652119081389514,107.06317353348891,36.17193158461777,36.16307058361985,113.85719733333151,50.27912307427475,66.48160078537086,3.66495888870537
5.42105129205249,188.3427810872591,19.316904850212957,48.04229048478752,24.63105744698305,17.656408962119947,80.44112028773519,1.8924562191131378
4.733351007872456,95.63497999752914,33.53291110276134,60.64926446502601,59.878157408620886,83.88061226005578,65.38270840279816,3.148151025374848
5.504640659252272,163.45159803381466,17.13696146705331,64.21464984622969,16.185223230810156,27.04983395649716,89.21069753979657,3.7915824171245935
7.868238453621933,120.3480626024944,31.20762751919958,80.49993138175418,120.06271703532951,34.555784380277515,21.92322415952708,3.8229942944975015
8.13596976087523,198.10916501432243,21.642503063949604,56.28305151915936,53.644491036153966,85.67127478400046,95.38812457180269,4.565405117963433
8.46155141526847,234.8783410805308,33.73903086547635,85.97644234687584,70.16287406176014,33.16009663872401,59.545750994349156,4.101166801888295
2.5180841266613556,124.09703003562649,27.984330746710064,45.663697071482,91.04436819586236,86.01188401072127,40.99357190447277,3.767383378215434
4.849522335267211,68.85651746231532,19.472375473077786,82.17421405332291,10.077351350115407,80.73447068746334,57.266607361016455,2.886368732912829
8.394554113933928,126.04996339520346,25.055726185240967,84.73647415140329,59.5768294159719,85.35612166936826,40.538355803275444,3.57732450687418
9.447850688834304,234.70181862561682,27.858820898074967,69.46778317781603,111.81963556324953,70.68620817790938,50.98987823431522,5.267223758784812
5.658342132839085,242.51206457744243,39.899419220392915,88.21380946819198,50.049139851269814,41.69132394404462,24.081532203766198,4.4904543399827075
5.18349979101623,242.09875846725328,27.009059860736095,57.582301295555425,89.86684078994523,68.78510874717252,86.01826549674229,4.915739169839758
7.76365032590087,293.1345514472685,18.780992018790734,73.4605739888392,146.80399190517767,84.61969444871731,45.065736114143704,5.512173294893484
9.921095979224138,252.6913601541911,28.88069477631942,35.55537237736648,26.54188065480366,77.44776011202218,52.0310423095924,3.8729970270781866
4.546355884337584,291.5147182593623,20.505314168425947,50.10742498436025,47.553734104132964,87.582525444886,91.86183258964753,5.020505952399739
2.0684469432309185,199.23394372031888,36.98914056316638,66.15029534809246,105.75531228733372,98.51778793307243,91.63018237810687,4.075017231022784
8.425914610325982,91.92405951105997,35.851704172184924,83.17635685708541,93.77285231907094,72.11307406331892,80.92739200406221,4.045132016876298
7.249039480559811,194.2129994460706,18.216178032316467,87.41091198976558,146.9204736420527,93.53144848642572,12.701398717742082,5.035108840641329
1.8782198339551714,83.41519502927048,29.709382428054333,66.86883548523733,14.844372042415037,34.460002459984864,91.57390051840096,3.234675147986031
3.5733383190114902,53.03808842282005,32.41268080990328,82.07287932920434,132.91917927527896,97.61344667625765,26.986223856521057,4.105082420819416
5.755622226185129,111.35761693237431,21.291612115698417,78.95778249937342,78.3963074976028,91.92921099078859,49.44627379338111,4.245028188064066
7.448922823105325,127.94940008926633,30.659378339738886,77.55206940022845,41.76586044923554,13.71186800399678,91.26917776676883,2.9502946435869757
7.916142543773114,221.3997428918548,26.56721515225599,41.13022818658846,80.4709980290933,63.14030084355183,18.553943275264256,3.9721577118638964
1.9794480133841827,128.03071204042857,27.051967383709442,61.32514471618391,67.70746816550422,55.26745254058889,21.979273700621285,2.782998068330944
2.559131370387888,30.850068322919643,28.782263823420408,61.74427101505552,35.106867314803324,83.40447273537627,61.84519100047542,2.162429487002279
7.5691638870379325,277.57415118060015,29.253436228501585,78.31020285007338,40.71540295167598,21.370612032954256,52.094368368702746,5.039985712791628
1.6030675413538142,189.1391315425853,32.74495147222193,67.23591318138851,50.33982112731243,57.48753460722911,45.0709054401603,3.108681575687697
5.232522269783338,86.90468035846439,26.310696535629642,80.09189849841744,87.30783858136068,55.11374166014921,82.86973297046681,3.2541213164072724
5.686925466720865,98.11765889256995,33.065890219615895,87.60478187914,21.633910621239057,45.598512633898146,90.52117245729262,3.0733718819660667
3.7238681976933474,63.51786388131477,27.148389239506177,65.50651196801496,22.438362282021973,99.29644798012863,99.22856151729711,2.9075455575853617
8.065194034205373,274.76762201965045,31.570410433212597,78.54410685871449,56.44446173334442,58.55917564703835,21.066513155363054,5.4964843307441
1.0264502020850086,92.15631877225009,21.577747789537646,65.83079925318998,109.02072462413675,47.19199637161811,70.86213534899777,3.3150452680125357
7.885722700417568,283.9747265937457,28.542535120563343,69.41364742769895,146.96271594009085,87.07630453518219,88.42085195651048,5.89092047233569
6.6373111089923915,101.36406672548017,26.699893806018054,61.18034799658415,11.680459162277534,22.514896032562564,31.646594192931218,2.676566048106871
5.318566968897281,245.79782304182004,22.55490732123147,87.77774500727682,146.12769019743135,35.88060704729239,53.20321152153018,4.151453331976873
8.787540626046717,32.82208115248854,16.557800004591837,79.96675195391238,106.04581308369423,35.100272848222744,10.645118645827152,2.892247541490857
2.421341161319323,160.48387070864752,27.75478493196715,76.35677601138138,136.13801851856812,94.0330616779846,22.115136396988504,4.01989640007748
8.107353333681315,129.6879239113299,15.243876530202487,53.12708288761294,85.08737010766475,89.22967443985235,21.300784776950213,3.4564433252850386
2.283858137234692,120.33815491214756,24.745756336946805,61.69782449155755,74.8115017192931,64.60159152691205,73.6806477429673,2.9149308218503722
9.909237923618509,297.8821992963751,24.266372566470636,82.45999360995849,119.92235639938505,38.766648533122805,66.00243013566097,5.379241718766347
0.8112653139532016,224.63401207006356,30.843831303335072,86.50107804082762,87.15552387312707,52.12933947218118,13.482751762933304,3.63026239560605
5.755373962191481,99.0600381570022,39.685723403520015,89.86525057501655,135.63116933909313,61.40318850103156,63.61250944465145,3.1292813179657117
2.0961597351024377,233.15927380700796,36.4500299716277,75.39360819809788,135.0288506529342,58.607815550660014,16.132851349823262,4.411783521550805
4.375763131497031,64.98356850548839,39.3770952802715,75.19612038029082,84.26376729215019,33.03418101870746,28.197999555123157,3.3468080869234793
1.9054933666583325,280.0006826179264,38.77342710838363,40.16314428233436,90.32704977104483,21.743884361828222,91.12264331737101,4.676896981130201
2.341341792010131,145.12428066065527,16.85281854395149,76.3347458003795,73.87855209526799,91.68727216577118,50.25372090154529,2.545696048511366
1.0793148329016378,81.47898622870692,22.048684602984792,54.07077230028513,106.51686798288785,67.67626086518315,80.32116616047234,3.085627457449207
0.576033680101584,103.66153072065082,22.424689517249,82.55429446893876,105.52985582776213,23.05831450842468,38.288050185503835,2.5509662606637145
7.3334059180133275,71.8901867732549,16.77551363686091,35.618792850441416,101.0830482237732,99.08591324983388,19.969693931006947,3.207912367690366
4.8078750610886205,281.25065855439345,36.166264412082754,86.39121030499653,18.72898808519662,47.01495845299435,89.93725015122281,4.6832774205124235
0.9331257591921613,112.59127538347522,37.38323340440978,61.613446224246346,144.90158173363716,75.96731062844724,24.744436517438103,3.2814126761569016
9.42021327939678,68.56973953682763,30.12434996676217,42.03756653345434,56.98431472505107,25.904324902934462,41.467738761265984,2.930973399948159
6.823296381894058,249.48320921282863,37.27477317360112,68.05492211250888,44.470323094579925,93.9489126834566,73.11110464118902,4.00115543071633
3.010594754318193,87.5799628527638,32.8592290964467,73.06197195778347,39.54691850768974,17.128657625408113,63.26233013804398,3.6281026739898943
4.667603897640936,55.420594511053906,26.013848578642126,77.88890742089607,19.699704572414866,96.02394788352566,93.51910460942752,2.1793686083971253
5.148033487603514,210.46662614533187,18.74660989881233,73.60161375184988,73.98550943834803,75.44103325509722,98.89034867878156,4.135455906518948
5.914314240323209,31.999534940363112,38.9624166388449,65.43564117749261,15.819328399730853,30.45201187047221,23.19678245835515,1.9457389342652007
8.64577763786084,254.75356029230863,32.30696751326625,39.50692138967764,32.52663182833935,26.281516637125467,30.392813752108168,3.1631612033058243
6.1040526859744455,181.9315825530941,23.85459772403138,82.45941064888484,10.738523538760727,85.33908227985316,67.52467308005536,4.275267598666334
9.7978984159262,96.64097382653108,18.21500664579162,89.08724718962927,34.45538239709248,13.593155621594768,23.205850003313785,2.1917070559239233
7.404686348318896,157.8703144505729,34.97424410013974,77.7903842337532,149.334368354881,20.285210599912663,58.799726643229945,4.166663718159054
9.890913383572686,100.85203652893158,35.0503744423325,36.91081964808751,85.80352154033747,70.55704715717303,43.5546225871149,3.5799837571816937
5.732116937126566,173.87142279806625,28.57522955445561,76.56338314834386,19.40080292391798,16.96302934094128,89.93169762093254,3.261817892208341
6.945267290399351,184.3439127251209,39.99892728200226,49.83025702873505,88.98054513585129,58.71208555533686,92.62853268728834,3.3046331777120903
7.510036434614142,238.3541831812272,24.660507615608864,87.915510165446,94.11078156002621,61.66475365219638,33.2947085325801,4.562293287195733
7.670096828405472,155.84360342041668,38.551623741379586,38.492915800786946,86.68175898660732,11.608434390076262,18.610129936546073,3.1410804236312817
0.7320814691947637,242.3922092241755,30.756551711363166,40.07421160563423,57.03831861258435,43.94468627190282,99.19718199649154,4.141716764240333
1.7110060469840007,48.695790461858806,33.41055968338895,44.975368555588965,102.01377198867695,12.567757368944829,23.490589194246517,2.9749279720384494
2.6633626672763486,278.76259158842174,37.92692627693117,76.42369610231398,29.965287040810914,97.01968132556064,25.609132736529098,4.869846713505885
3.0791976633259717,80.08735520802671,35.77878441367106,70.82727292144725,40.73881181751634,29.378954339653774,32.69559511340863,2.814158399166377
9.100997798305565,255.87588169373535,22.216697551892878,74.9980188024108,149.2608858674694,72.07390254447418,40.67686748091809,5.5896828883251475
7.364730622988137,163.55058160571699,36.68086821799878,54.46363342781571,68.18229710844088,70.63890625522782,23.300123585547105,3.6008657097123393
1.861175300076504,58.27369967251913,28.492718609612204,83.37666662647251,30.69085865186178,79.5008694716737,39.00079372608805,3.525806525911674
4.5503728142702595,127.14665004900154,16.120721284005448,59.54408419188036,40.38355756983615,40.17948203635576,11.982162912261796,3.0773692016323966
2.8096546787262846,277.94926591753807,31.845448615149085,42.376294312798194,111.37849422960375,26.59582061458159,82.08853280121733,4.521483113819131
8.383704642422693,255.37276795793662,27.49244118552437,77.21107205333851,26.275025639570035,57.74519909727942,33.719687248594944,4.520900349732354
9.219071367185778,225.0252608303166,28.41559475696006,64.12461074681882,59.5571068023679,72.4903035832671,83.60058486291832,4.294987190687429
2.060756299729097,132.55838786642684,25.28813347179161,67.63760557734457,55.97551332823217,77.97712049880909,68.22295865682284,3.3944647854019494
4.45742242878635,188.97351964663486,16.60213058828578,56.1816446741864,41.91735878700109,14.402386199345505,53.249148708635055,3.7055582480851794
9.551951359905049,92.67293215297583,19.505333786776706,74.08957470657487,76.75731673564012,77.73937720580304,97.50635570925877,4.240882612316613
6.7423497055700965,204.91774859026717,33.91136503206265,36.95623748204097,25.417911617421964,20.118902889658415,44.80031881700257,3.7367060493756603
8.746920249257874,100.45388791017318,20.855719158301117,62.01466711538637,73.91940000465391,57.21812390417458,26.05493727958924,3.585447559462543
3.8980904445394655,253.83184127225246,30.693167327177342,58.4937217332762,14.566848013302941,59.986995019828235,61.9695366735515,4.05680377545207
2.492172479247413,220.21452069540757,28.546506584641683,76.05629174053468,145.84786862058763,21.434517359821292,22.613475591878966,4.911521722664337
7.067385425300825,134.24419672778225,20.53496232433322,49.62280652186711,94.68233465020631,96.75981331862509,34.913440142881534,3.534265658786767
1.8055501813359558,208.06012157769018,22.014282585839418,47.8541287537312,20.509822890936405,67.42147764788257,91.696522585633,3.5863832675035865
8.479068018899472,117.78676149540217,24.589190437342243,52.590774882523846,36.70150474439201,30.150229945926053,90.2942738086022,2.2291404964804378
7.670952990126411,72.02629632700724,37.004659845586005,61.42989748353095,113.10294347712794,14.580790996176667,51.9152692412933,3.813611608493567
3.3966130327546322,93.49966610930339,38.53265459048421,46.54325694190585,112.43402877074172,79.75210821083778,53.04436813404018,3.1506711101143905
5.237759437330198,103.35576918438164,24.668887034344472,72.63138574571445,61.09767641412093,85.71840776796839,61.01053149495397,3.3862460403938983
8.092342046384061,91.18648619701374,16.153774152969614,53.23861931818963,30.78121650270339,18.156705867859976,17.57626152523547,2.7897470837622005
9.381648037838042,213.1561200257217,30.022459204494872,58.183996360242,85.0298194229131,33.168762564212116,32.784044782126784,4.616355776862303
3.8455247109286628,229.7085668530456,25.439395098842056,65.66763848975313,48.69561645869213,67.81400919899778,62.19867840048652,5.314304201354372
8.004922274660013,153.42758499248356,27.30788245323835,55.72814338739137,23.553199811340896,47.70794221949474,38.904955602330105,2.8685637322046564
2.347437270395692,296.70434901674787,26.048760617472112,73.56748878756363,58.439795887671174,40.82610596870833,29.205169220021542,4.016628739237682
9.083631322272359,270.57556342520616,31.3643389137417,71.09073589644923,115.14176070209862,48.20061562944196,68.26247392951524,5.213252636223539
7.019375096899586,53.503549953389616,22.611002946674184,76.62591870212339,59.57960838263435,55.477409277495845,60.9792213651813,2.979649875778476
1.9510235406664083,154.3216772031982,37.315784668686554,63.76525177803601,15.709227615481577,26.619633025565047,39.43655362167124,3.2110143598559655
7.528374755294343,275.28871130314104,25.53123365393012,55.2082020002925,26.855619919236823,44.92568792462014,94.36521470837184,4.403587231888382
7.378547877048667,89.47133626388107,23.541535500376096,46.06202410790641,93.48844701418527,16.284289574456004,79.99207125837168,4.027135293107533
7.55182584071234,132.1669268937398,38.07362464174646,59.02873619112621,83.10139332764298,10.545007659369162,63.65274849826169,3.4626127490667225
3.776335465534468,285.6758131563056,23.953572699174437,83.01580730941387,104.480779333246,97.76739984971837,28.85189878133637,5.190754490576956
7.5281023743049404,239.53684116603776,17.07682497488502,41.65643543468412,90.0450429959087,14.93270746118774,68.32869619216427,3.8486277692368125
8.352415539695542,254.72775023077222,18.88340158682835,46.847096583460015,79.6120268436813,13.913010530859289,71.896466402642,5.274083597036251
3.797724640640281,267.46061989753906,32.85737490024948,71.58851947601528,76.51682246273862,90.09657781203931,62.31398558344955,3.8672639297471196
2.4755978325199157,76.21743155148192,29.058137822635583,66.62234330760796,144.61528106342396,97.84331292467692,67.41642607534288,3.7286543915387504
8.93485925418273,218.8039846753278,28.365428514910676,85.39020393888532,130.7206275845823,86.00813433598995,24.600565846220256,4.289390802054357
6.3965936173211,246.75634833127424,17.049777596332447,36.59682993004717,63.60299231365864,22.55954074517254,40.14938806903726,4.336364928803759
4.873678105927022,91.14946455772244,19.10190513369921,83.3183957518494,101.48598048704041,67.55785028664174,90.16704242867488,4.0096475340144515
8.857567106429876,41.70716151582507,24.905361503711074,74.9019455575287,12.860592688599974,72.72320717260848,22.340079717155422,2.406962373663446
1.7920536139924033,78.15606985559542,26.200142164982815,77.65341779209729,12.933109890428284,79.44962549235186,63.07220109041945,3.3365656516310755
8.200553755679264,230.17877522623183,24.414554154438882,55.82668935949334,54.600105867628486,20.159998172672765,90.78897964661057,4.00860273210052
5.162802120891382,217.4584720728987,27.568606235111034,51.902887293355406,115.66738032397862,45.16774579301125,11.274021116757885,4.607564547620437
0.9039804844212977,270.7660599240023,33.33870924179338,35.79078086914249,139.56419959916238,34.84872314023009,97.04093760459074,4.788243763464502
9.73982051394611,115.57731575891607,30.89260838797425,78.30728404643054,105.61662153830966,68.90644113419611,89.5007801150621,4.131059655514614
7.891634056114002,197.8708965334282,30.282136044429315,43.88542684625494,108.89452451991399,40.924136376760316,74.35589432907352,4.855627758751489
2.5401803266184837,37.23421943589037,28.944470431529034,47.43710462166959,14.496572281328572,55.7940342979744,73.8221194469636,2.4526446316575234
9.275108010012033,282.47276241294696,20.023206639337328,50.21087960957429,140.22230661553948,66.37937125513574,88.09508642097826,5.546097752418219
9.385782807229912,179.71300367299003,30.115912278219717,82.83208782105206,22.151080450688173,87.92295401062363,25.389323899875606,3.6992531352422064
8.104423200916923,232.06404387855218,18.96140204746118,50.83452184353172,142.56714201813176,92.88251491760334,72.9941006212627,4.264841948358407
1.7081191148497135,106.63030726577318,32.82287150157806,58.41257783594994,29.8388817819169,72.41030561966568,40.909896249916315,2.8438659280344125
2.2706226657170427,52.12768074193063,26.307187905332416,76.10394877887919,14.673832278321992,24.075218176618623,88.8074929299162,2.2701700966461376
7.663312881590366,46.96195586188588,29.536515382104582,84.07490504253354,88.90539304596683,90.00254292959741,57.99979530565358,4.236367222593144
9.181154819398422,249.95830606486174,36.56986476287694,78.51503898814299,25.91076578555075,28.40640162021889,78.9235024706086,3.440404458273734
2.5426723099969912,71.02540687987072,24.327432298789766,64.44776267709011,14.034120469571818,14.786946179876878,25.032321865064507,3.0915094638103486
4.8778644346242,252.48049988780252,17.494061740566984,35.11985590800151,103.4958395886086,49.35440361873648,31.78357274163179,4.2531591710261685
1.9705426169832996,101.62172937112005,37.28492515329898,43.68132538261174,113.3560687268717,71.61744211132722,85.43513287308988,3.6831704950358923
5.0410745068915945,176.14345316163107,24.124594692690465,48.94815230641488,51.01184233044603,23.442791246883147,45.571102699230096,3.0307849465709022
6.60402673532988,100.71748006612047,25.163088057109245,57.75710546975495,84.69115127948832,36.94291478788314,57.50422008235512,3.5788199194566506
0.6762714398889194,43.52262967627624,22.40058677448493,54.92042880437181,92.04632320640124,17.20539465553748,75.2982500801684,2.4934812637988
6.60780832109582,176.41530495268012,25.504237271765696,63.29234887649759,32.51864584917791,65.63857631921087,25.27179974789378,4.761041136291398
6.577624313014473,129.12251087152976,28.02426904788427,57.661514019922436,71.60885800974913,73.74140312852671,37.22715092538863,3.5282298985456735
4.822580625223544,147.47969536108042,36.08278222249557,74.93366873242806,99.17565062327903,56.77180712012635,39.30838070159786,4.377253913784638
9.006321494645023,192.42090407340984,33.00400714059078,37.87268897351233,133.99694284184002,49.99888793771713,92.50107984189752,5.1675758483053285
1.7807806664405181,114.68839098922969,27.83202278985175,89.71004967301005,68.6406745916731,86.29315261691436,22.38298452213425,3.8561454964855075
0.9874623893103718,182.227466836368,34.09617027022706,81.36823688955037,107.90668611735877,47.72671752982584,43.41864396175987,3.480323917563618
5.210396019759231,207.59876033612912,36.19478798572639,53.42316669811653,80.23530394383225,49.75926746872031,96.33850538030167,4.972578786024293
5.563827940780041,54.1771321630889,16.453714658881086,56.824115954955516,108.9919237415687,61.95952879467615,85.13830045023077,4.446571274064319
3.0335472693150085,124.52607307727008,29.80572099884933,88.00386901444554,120.45792164521897,73.34644815230835,70.3418032759366,4.1653932452622024
9.63546321321002,54.28577050674218,16.08170383868777,86.46923612715682,84.27720560656654,79.9327493669474,59.403878503958744,3.269140492068621
2.9104087798399214,31.872068664815217,22.70288753129772,56.62454610478124,18.55441582524136,13.673797204468102,85.48575433910835,2.0781233369154783
3.066537372964715,43.83214123036831,34.06040672932359,38.2788705825477,132.55656538229488,86.6040918887799,95.17567712525039,3.7668205884666843
8.204371320801464,189.89799308418708,34.78213327458343,89.33815017222135,94.13912808517516,50.618965950036625,93.16643446776368,4.344987428796698
9.266824920373267,52.76242305292114,37.09568027680688,70.95643591629775,94.08999736735858,91.5285220410871,67.52118167054772,3.752184575008388
5.593327587046166,264.49542970899256,27.45594808661975,73.11509957378064,81.3250995705512,58.27088854492351,75.50899444977759,4.195674427017094
0.6810128759923613,235.04990170380339,17.103437938742513,50.102750359490805,34.3559661861934,52.824979475765936,79.77756316301996,3.4905985374054107
3.8766313842806728,32.380933147222024,18.169630698533553,80.02874583590923,78.06440760001412,27.584780161057346,82.84126317476792,3.4910230886849334
2.6274283718503444,184.77620298844195,21.107736851795217,65.6615031996803,85.15528989260585,52.26437123808553,75.9764314173521,4.396365230186447
5.354671449679226,32.768016387725154,24.304567777281157,60.86332836021191,63.72716431220357,54.36366964288646,26.195417303199246,2.8661222099551
6.984431998053407,59.48259966616935,28.164020640142876,75.76610950168211,30.874415683201665,90.50304580425431,78.36222695365635,3.290346629061425
4.2281447113761175,296.82730466336295,31.148434043613648,55.45447117295761,116.7131673822757,89.83775565448886,45.133970904434555,4.411607140738571
5.604919816896271,153.39626245998787,19.06258766118016,58.617264982774834,73.92252631667532,53.77731999930118,27.981861740451787,3.4304526297001314
7.718672986916199,37.34702445888364,19.72421374354829,70.87797554040824,108.09266595761392,88.08106280136423,19.22791094346236,3.441569646567904
2.83839658049508,259.5849200198388,19.32474522879616,70.17725310701046,16.577200929447415,86.89516620941552,31.628252335829924,4.220450376981437
2.3616950335057227,277.6831042009981,33.87342630061259,88.41522818576877,80.61295997117777,95.35465666011359,55.69748782879274,4.158685642455656
8.153531994858225,178.0635287477892,22.552196195052396,65.95682200973188,20.32911781872248,42.54429825560089,32.21909793508066,3.1961501587988383
0.8517244264879338,220.60436760213264,19.167785391655702,52.654199710750945,112.6953558666051,29.10053208278809,69.9319042899501,4.3331033804746815
1.930667545250368,240.63270695424896,25.784393041730752,50.80913826083547,91.33456023291458,94.95320395079186,96.79537489025415,4.4102947560019645
0.6173890818915697,228.36137724541538,21.187910036004254,64.3710453522028,73.19475490453004,62.63752126466887,13.96420190272492,3.3848524880511204
5.776155537831114,163.52097278975413,24.232476664219526,41.5757417991789,146.19791882511498,51.99918398115189,21.758822718267012,4.744527580045783
6.20081445217,254.8247986036313,35.60035055473805,67.34543995331269,55.642323399192215,47.03124607230338,32.25531654521234,4.400462413125759
5.544791596510286,172.37870061963585,23.347416281857903,56.464021743032426,69.20454852516649,17.62768710803894,82.39255421771894,3.8222388457438154
4.435555778447662,100.06588214031756,19.37148492464153,54.35983931845093,113.25420795116976,28.368501737787046,34.41433904724656,3.398052432504355
5.525776672475409,31.098121009117417,20.81131686379996,45.58625447059278,83.5071817977887,36.24243878223135,27.23752067837684,3.132432620398547
2.342409114401645,126.81927960932336,15.858932099214993,62.247734933928626,102.19295819281972,59.618522413078665,23.757966239899687,3.7529536602608613
8.34930588594349,52.298131288764466,37.528233240815354,37.06981176716491,146.67918617856412,56.504052246543225,23.492603964574364,3.674295343720509
9.81734353520962,47.08463303151166,32.42419202454137,68.39511592174557,107.3947593588682,58.857977969430344,74.78369160694359,3.8189053212809756
5.6359173851375175,156.69054250601712,26.584024859750343,50.70519963525221,31.09921928125948,16.88153494021685,73.73100538418217,3.236679452357952
4.056377614024699,284.79209254844363,29.021620553725654,84.7788514642304,39.308604029404066,10.879587569355653,38.00184464102154,3.8377434741697556
8.021935807312126,58.48889557463936,21.352274526141784,63.94990421483594,131.77989797438502,51.68367714796302,50.44979766866871,3.803322514977378
2.334183345299854,103.91249999913218,25.09220153060041,77.9322980359846,16.716371859693854,27.413427870338097,66.53720323430221,2.4851668575305204
3.5473488779104354,254.12110321796982,22.9958904385874,81.81538743808477,81.28472062422817,90.25121209025704,97.75530211606464,4.228248778917666
9.4298155426356,138.49400451457507,35.61358471981294,83.3440750001572,136.83377589616734,48.78213128935046,76.88319898504858,4.311262480891633
2.26979463987039,234.87700743404486,33.585634158591795,82.88470444675161,118.67189277316017,41.67930989550784,82.2726179849894,4.865128346457948
1.565097989447531,176.43026930320966,22.09701226393051,47.40078050099264,26.193392975000407,58.9604979258399,97.99564768397457,2.46167666434358
5.690360108622972,193.06145446884906,34.05619569778275,51.68235528731425,113.66510283568036,66.57416665462071,44.29874118367195,4.144658046363549
6.080464698486204,73.50870821069097,17.348340397490063,73.93659615444156,63.4895825880589,17.377062646053773,16.218978893963016,3.1349251849052453
6.17292598810374,125.1161955922228,20.064239583416104,64.56901131188752,136.17987280794887,76.72043727265468,77.2209458412591,4.869848089083302
2.0625431758886736,197.8739688635821,17.659482273661425,68.51327583041623,90.19138285309936,22.3820986123962,20.898669397690263,4.545256172110767
7.350874909241384,37.22741307356662,20.956158172795703,72.27511232437908,86.82818901864977,44.805938637305196,49.4735861348466,3.2326894209518335
2.8016707153610008,80.84815898017374,20.654846874116107,41.283893823708155,11.219594119195316,42.11808582167207,76.45363524972679,3.521793258930912
9.50697423399554,134.35354435647866,37.513863538923346,44.256854158627604,44.95186110191235,61.22456686694846,60.251896633560946,3.6773031091004214
2.665593184812761,212.14053897029143,23.18473845709812,70.0809923777322,67.78559933798734,72.05209396034937,43.04308430865905,4.482647576771958
0.6644590514587105,167.58897223143748,23.880449340478556,69.3954225925126,111.3485437074446,82.07365924025936,56.29174120693012,3.535781305936158
5.894529336515453,224.0576758400684,17.49376563105147,79.95873872756013,82.80695420473283,57.44309780966319,32.070300090881034,4.44016171395659
2.427054794513764,226.25275225024092,16.649561157045603,73.1580011590026,129.35545122900947,23.98526261229655,16.672479876238988,4.621958230334228
6.471451340800423,38.38477936644429,20.48468883202877,46.42221505774468,14.809035904333772,72.63584093215204,47.12385625550031,2.395018294355376
2.677526925424004,273.46235158133334,18.36365346308087,38.853980186168336,55.20448616272227,53.09195635210921,15.248313181711062,2.7459979374237253
4.566801459803118,252.53809107856824,23.61524941619049,56.50636249198363,93.66254293370594,63.00399923000613,98.16910953499259,4.838411994205834
2.205386807486121,103.18844622194094,19.651109074014848,55.41997913270955,102.22583956711112,49.93367022920566,50.287250968731506,3.3523023709108366
4.573707892235433,160.82172845363615,19.45428314919606,77.2078819080694,80.33729367289051,47.4664591408183,89.41313517830818,4.5650787084692555
1.7969432178722629,113.20048691558097,31.188417069942602,71.93158466925539,65.83935723241082,73.12230091708861,95.66089872908559,3.2618339990664915
3.710744048395524,274.7933829677932,38.55264830929563,82.97113519549974,20.017830016160367,57.169771738236605,50.44333961351918,3.522460644122864
2.3898503597691287,133.36112771569617,15.312041955491269,62.734397868474886,107.47394010525949,88.10177552898622,47.83223566789046,3.245205103213251
8.252967791439529,136.9343458522151,32.638901997727544,50.87844934553042,136.52167476536363,76.91013755798939,90.40826298029968,4.207135682555808
7.4288637941478495,276.21625011969127,31.479941805045765,62.733770600218676,123.23732527670218,52.86806407696508,13.121375072183804,6.1596477351330785
2.084784282556988,192.1873515565724,29.626361358023686,46.85261069065747,108.17219949466957,29.278748793648543,53.84831345867254,3.2478942898216876
1.287593249012938,67.2247963850539,32.307453245270864,38.3291834143353,98.78252483578969,11.581715918255155,34.175315938013284,2.1834947151797595
0.7445737571237763,199.02454709555738,27.717487354782847,62.48256781743639,118.08570114977292,28.485985204057712,77.74825888734233,4.068322208850916
2.653382063277187,244.50089083713158,38.1729433355374,57.74828127378589,118.74243376576389,35.314296568651784,85.30504795053653,5.278316302001224
5.061684976968757,121.21711507484343,18.955622320003997,36.77259793236216,10.971661178671035,20.630188036428784,65.8001682401476,3.1839145888867586
4.298890370209905,172.2914980442457,26.838786501271713,74.67005608696161,60.09878027456707,70.21819328517118,46.624095682289195,4.6684662799684125
9.72924080174431,199.24721961690273,31.325959572989795,70.43931182252281,131.52750802146258,39.346994792491266,59.94999813804891,4.606423483640897
8.026333629323549,167.8125130661882,37.71746873807656,39.05911936818447,129.10969922354457,12.722102676856643,61.67284322580753,3.441581646874073
1.2427734861047133,299.7636175567186,27.185888921612886,74.05129671085457,109.39375945882361,49.31896889836582,67.16208060654169,4.599091513385538
2.0098576340663312,166.8340687096507,39.42490633469312,39.55522624455589,53.26986414086574,80.5882461055599,92.99737226199696,3.339763057641182
0.7526909928111363,203.71070790372227,31.412071666257553,63.47111481776236,121.70773924648708,40.577306727364046,32.421092496116785,3.9823576551965876
1.8131504336634368,244.26914787168522,32.48031345706323,69.22357727894328,42.41766335339596,91.20985046591863,28.141446018236973,3.853266921575193
5.529462913849758,66.87745980602318,35.45518055175748,62.44420522508325,41.37386735765134,86.75140631672569,27.120293527149133,3.301452092738428
1.2290113355894872,41.85578639467835,33.34795760165288,76.10732241708942,85.00270085751356,90.044052242287,72.75271454570291,2.7494305984861045
1.0687454994462067,292.7072618644626,28.065673045071083,56.206164206710405,89.98773722968207,70.10109134679809,91.43999657088345,4.2336734686419115
1.6225342908113738,227.70997043289697,34.315426796989286,46.71255639241906,59.185946334749396,82.5935784056645,39.41104560559094,3.2361153810003573
6.859429628195528,136.18613339151813,15.893323810056353,61.75243901174848,94.52852843917455,45.007759616131345,47.86067175378098,3.9086675831463893
0.6839021866270435,34.77057485101206,38.31918226036373,53.82303143786048,109.27571003255483,72.38971276141925,97.13687514734286,2.9887349823371943
9.711447951843594,74.92791925858825,35.57874661288093,43.32019925024092,35.23049941305554,30.15105678775445,23.075262601121974,3.3427938356219538
4.11746950338825,32.63190402439998,30.941529378810053,60.909589648513496,50.4061299541418,28.424688051895835,89.15993576552341,3.5697149611544594
3.697579929725344,137.04346188922813,16.718861800785966,46.078672136594,107.97733651457705,94.92535128078786,96.33566836489318,3.4773794022893116
5.010721922694698,179.8109404751965,22.373096207644146,60.866291074779255,139.81516431011383,59.39353706667977,81.95543500256038,4.673678040807307
5.419687048857991,73.35746429562843,21.34070469265326,67.58904120952322,133.82189119218248,16.45098084811316,40.27652726989635,3.6247739763108475
4.490127195156422,202.76147362164025,21.425624558131318,78.02086849131445,28.1506023165055,27.757091925386007,68.82229986401222,3.0012891991039243
5.120095867735952,287.64513818205063,31.80255844876884,81.92412914595852,89.76154960740618,51.520547931650235,36.22777799669015,4.438496580648077
3.727472057118219,297.4216247353185,36.90345934731103,71.74898193683379,122.02457495429698,86.13032991455468,20.875283875702998,5.633457706282967
3.5590704968726063,254.95493650485068,32.040756214271,84.14482072475428,43.22571736715604,90.63578583860982,19.663559642413436,3.8074567398024364
0.75949501859498,149.8486552385932,24.718993383920814,65.67840545901939,100.0466959277218,20.211196003865155,10.840914266997416,3.0930941031839136
6.882105073731953,177.80053207968427,39.23091052572941,74.07377410300482,69.86931561852708,15.58257417065294,98.05207159020568,3.82621335356289
6.364083805869759,165.89288361144756,36.56455891365458,77.36994334004274,102.78239048797063,20.951936735040665,68.95728119662472,4.409038430711192
6.853793585035911,72.03001586878631,32.1354602342509,80.36652676539777,14.49487878737655,70.4255673329049,38.91134072852271,2.815234047547015
9.440023013617235,260.69182617684834,24.93664122229734,76.35182974701857,53.813418256797306,57.95465668481943,62.11707374080439,4.726568508052829
4.994305026853613,212.46355297030246,32.09568602882133,84.63277692615176,53.0258636061131,76.4102006142383,65.71665549382567,3.060303981113844
8.876819125871297,202.24261637101665,25.199877826300618,61.00701524304962,68.61424631222448,63.40238628872115,26.4636063649901,4.580522489763289
4.717460845149558,89.48941545084931,18.879675116621062,87.44151604089224,26.035319144946406,18.629676869000853,35.99813633982016,2.8548178399530135
5.037333260884836,71.35301066737195,30.470867614778278,57.01576273765622,71.12665295411708,33.18687671655147,59.25499785584043,3.645359688246286
6.513048918291451,265.71714879932824,32.45255713076899,38.860474652235965,85.80975482750783,39.839637322607985,85.58150494669812,3.714126219042381
2.5510632941633777,78.441766127998,23.73259314679928,45.01635188828562,13.732244597277045,73.69267966854176,21.662979866392796,2.541100113582191
2.564883164292482,49.903986321458305,38.23269543350423,65.7046239914305,52.12811159704289,63.716681556152544,87.25021707125596,3.2802543426886404
5.343402520086333,198.91340430501614,36.356489034045914,35.80233492575051,34.82076744374737,95.21412103106397,64.80874978416875,3.4792048652294243
1.1517932683427916,220.1726794735715,29.571313559425253,43.656678118732586,146.10277341679367,23.09704134770474,54.06934097682986,4.288291171450608
2.7482514695279425,62.29805078406235,16.505894016486977,55.57425419275538,28.230270048276548,94.47636882591667,22.954635989643972,2.5006126692527717
8.037415459018945,85.85203943612588,15.43039593310642,69.33634124276546,97.83816181986096,29.81353769920896,59.49134712842375,3.424498830115873
4.905467559599276,242.9662246666156,30.997157058228538,44.10525665004274,66.25942403435238,40.91203077735416,41.8268446986701,4.643471710541503
0.7529083687166054,280.9880039283205,35.345147003272224,66.61753072234522,50.22637774586429,13.112132401979403,27.007044911888535,3.0232053580684197
1.0770434744417483,158.65195360075143,27.508820836278055,71.47300989191882,129.57058982641837,36.687464445570434,89.19761016708016,4.089467309929964
9.235396096440004,243.84134267014807,15.587198204235563,77.00126873657831,102.97220515002213,27.973604548479397,51.45153856864763,4.678088062322422
9.588825259232781,116.23803182735162,18.620722042853235,71.32633165270377,96.84227627153327,29.55260447806126,17.178042900423595,4.19754604748609
6.590486459305043,219.87316399818303,20.281123146681537,48.75455236860071,23.112061622734632,61.49834512591935,37.19248229368874,3.7457956152932184
2.2569785311465926,180.44952404379657,30.69389334294677,89.85481128759395,46.25570207001991,80.27084817394004,26.335439212892474,3.965632503207968
3.996818970798968,257.666946666193,27.151488148333808,83.85367729793875,48.708913564936324,77.04615808127541,94.53206489510154,4.454041218107275
3.401937036952391,239.49329587983354,17.555169814971443,55.5435429073914,70.81316520859957,84.62330002743934,31.87557740915775,4.212235403721352
7.958985047803657,106.7166880821535,27.54186011377396,36.605431404944156,139.00553596708403,75.82023697360633,55.57570368055517,4.287470883092165
5.602352008694769,70.3529096562672,36.73732058394484,64.07895236349424,66.51137761513345,97.88550305187253,77.09702420082795,3.7285563130748427
7.906737211839621,248.06732859508435,25.977875163742546,82.58543245048706,55.922941633344735,11.662604426590105,24.265978867560555,4.4883321998648835
3.9248507970424975,38.85399416870767,18.744059981114937,80.20687959940483,19.93116032216161,98.91064752990485,49.373883604575774,2.250823968327734
8.760358903028711,213.3404793498222,29.450197361420805,84.36563713009676,63.894103685477376,46.88457810443267,68.7953262468838,4.407746114330652
4.577042559930033,158.4968459170271,38.234648622457115,88.32339413822243,17.330059469088862,53.00237418759729,89.37583519310041,3.498780209489342
4.465053649621817,50.33081251924199,17.897761106397155,74.21654775858036,61.12862436865326,61.96150231595591,68.86928549552047,3.7698222703693243
5.14643516121363,215.9115299867899,18.91019370522786,43.93186480886987,145.4898150370741,10.767094315825489,17.20754632905196,3.9020845418914734
6.122154660191927,160.3760034356464,29.171067780861087,37.00272255389439,87.84850546286587,26.353898483169313,38.94053168009782,4.039445533407036
8.994062605002217,262.22735916597344,23.499917951164726,43.327400517212475,39.241872892977526,50.137352999112004,41.5838981678469,4.139211559038047
4.8486776755751775,86.33062085989016,37.38901528154149,46.060493145649154,51.89077486276691,79.25655931652777,44.944610430680044,3.161118866176671
9.336294253532827,30.620884395405355,32.81909742227157,38.376466461757616,89.9539974022581,88.30792815107694,94.74566853027969,3.015014857695934
4.239849185985362,65.2314408227127,18.677195154521584,59.9398448681434,12.699962289275348,23.296022222475354,13.213301694375089,2.4560615815630293
3.5834405981463,102.7947088619091,36.767959667817955,78.1132742296251,135.93996375243532,33.66879015474621,37.19562529462898,3.809045374907015
3.302933269528479,206.1059794721567,31.057301044235874,35.23384874722423,90.93933553750455,64.6633347628561,54.32103292001359,3.6249345586853523
0.7009440446487101,127.91367142926484,27.340858461432195,79.19944745422077,78.91975426519085,42.488474651540336,17.775642181998606,3.871259348488322
8.566867435831636,61.92666659242948,21.413661060867266,85.89190359169788,110.27273795091749,36.81218115242963,53.51841646576852,2.9470430180850435
1.252720508745026,295.0248350558095,31.242765197830717,43.359227635873026,38.03655508839255,44.498879818419965,19.641602548949596,4.0465970079188365
3.6761478495790545,59.22141020710433,37.46214585028054,36.17403872268712,13.030079151264474,73.14362060570988,85.40039932291634,1.465903825141697
2.8793394706786968,125.88249261899738,15.961906432403348,61.365071905404456,96.13105427428358,27.874007570180083,34.30759526814036,3.295740463333199
7.572148974835605,266.68314925276593,24.37875010530163,82.76916158173844,32.40033745589332,15.571540603159983,57.07100642547002,4.443472604756487
9.359578168873533,206.20615086798978,38.39148780468243,75.52572818852846,11.713594216955634,10.311120958210937,65.64860689335381,3.865146262302952
8.258742947324016,116.34543619738119,24.572736146091778,36.908450054005776,140.04834165204807,57.40029257351504,37.51530553514036,4.157906578017839
3.5399841326939008,291.99363050380117,15.89675754235666,72.02954280512942,120.37863100441253,32.50156335607768,41.61832298045464,4.625885902485096
4.829694763543826,165.29660966308802,17.53610309816621,79.97597084492965,25.98815263968077,60.54747757130759,55.94644485229852,3.710647930163261
2.8468505161287845,32.18967188477149,32.269000864485584,49.90773067156135,135.4891213100594,89.28923674416446,82.48912289606723,4.003733992574862
9.27781181755301,31.664100760860965,32.50301275364882,70.93773437523457,19.46034848243546,36.42921624992634,50.74226893142454,3.411730998115857
1.6280734586038577,284.0725189884198,17.876125964767088,62.167192776391786,122.41856808336507,26.521341637056903,54.18063319019273,3.9596390585495347
9.543567328624711,105.91877022846268,20.480400263387896,46.30959866011782,68.02602032284443,10.141777644291626,63.627844285788356,3.365179006292452
8.229739860452044,249.2575408297384,29.09682346687049,84.58301696533726,82.54534729818756,98.32176309616172,48.26902958465953,3.8198448837469154
7.2599882689999475,41.761205908833176,32.16332461960272,47.26546006556802,103.56600744862438,56.51440424752674,75.34705206486932,2.864326433076208
7.852939738175335,69.66761950593911,18.919756141190515,81.22614834708747,23.826618943265565,82.1885021963004,10.441684656471079,2.670743647479504
3.7237946655694487,261.3304676567658,26.409558546025373,73.59103577221163,137.08590545909522,87.22895152636853,53.47177610619253,5.574885746644179
3.310921820367566,298.4046555469437,29.050879961953136,47.14999562880664,30.10972246376432,99.56930348662125,93.07145620697864,4.290426501314193
4.123498222892696,44.01919150237291,16.24258835044056,74.12277791422125,141.82179060103215,87.36696634455791,65.43133913385981,3.6175883465164063
2.2253258599971693,75.26198280961299,20.593912274930027,36.430270508657244,22.807598188830386,36.46529088123912,53.77597682004309,2.649526904538167
7.5904208093629855,225.18621051651147,37.972393438825975,47.99493687222899,34.08117171147182,60.79299496160934,79.48223519243197,3.6250192540750406
5.012916451557189,172.96579819654457,36.99953882828787,50.697275403813244,18.057798247436963,96.64619614123019,45.37006682787027,2.5444116526471556
8.91519460403731,139.61083245092613,23.06207791014009,83.90544649556345,65.68989100751267,67.00402225404036,52.052105325110375,3.5977328204659185
8.8446243381301,82.50623524708041,36.69942701237116,85.34631192417646,92.72125809789803,79.21573884270433,27.564374926673416,3.5228984732077953
1.980611846534176,285.26754682769956,30.813799972852664,49.904563566936986,97.5104555146688,91.5995673247836,21.17837358171503,4.773757967554353
2.57877355240097,76.51250916602744,39.540554337114,61.106221287667935,125.99265383755173,65.22877041528398,12.297045175421953,3.2263279881587352
4.401082143780703,101.61738276741731,39.155473672096186,88.98928960561577,83.97317673367036,72.3219900296204,75.83580134698897,3.6490973643169315
1.6287373663675202,117.56049353662894,30.423444992016393,71.628764124518,81.4156273429536,62.94462964170116,52.13711027610271,3.8989131337302343
7.0496219052236295,67.41746303312442,26.695985782856678,38.834181793427064,55.66042871184163,40.477375978124286,94.54179246372804,3.8251504294162046
7.5071587256968,174.78292518323,18.55702006096767,56.528760074751006,101.15477166369797,32.39156654517261,25.913444472187,4.125197417890253
7.352828408561351,122.15777044625193,28.258767497272675,58.17910482558546,137.19404902624177,67.01808741419762,31.958508671560867,3.7982403916112784
4.966997983171654,194.118825144618,24.957466898236348,51.85181656827835,59.74204160340642,98.3011373127797,67.4853351881163,3.668286004010553
8.510554107739685,129.32168367497195,31.140172264385207,63.59522621070387,59.88965928160421,92.45237405532313,14.91379170676192,3.2726653610736776
6.255534594016702,61.43435283759265,17.23727190932779,75.48113963611291,58.06543856597641,28.88733472804693,55.30719286172315,2.57256421655386
9.93931187377279,265.60129182531927,35.87294400851964,73.03253715146303,41.83785708785648,85.84814012834889,21.122336567032864,4.452110984939039
8.246663072037201,167.60605974571627,39.17786229047521,54.335149316817485,89.33948070838775,11.899693794628988,24.5257708830839,4.5459337599164975
7.3614587499390876,116.89963229559122,20.234068010314495,75.51518536179628,24.78051629357494,63.05039524786903,56.08898860085579,3.481499958376414
1.671376623916165,34.418483114136244,30.81959117258081,64.37406783432827,126.87159694926908,93.73025111800243,61.21637283811752,3.431918641347821
8.40970035750097,191.41854713848215,35.04846080406098,77.32322690822312,29.285388035672867,96.34018851894925,29.08312704262207,4.302713812035196
3.402936048751468,241.27616909438328,28.8602321447377,41.26389569583708,34.350184408152614,64.27521216841153,34.411475428130004,3.484812719961846
4.479685807676178,205.51653755862444,38.38592253842184,57.26180055706101,19.600393428182052,66.77328450663276,35.569682887041765,3.941909759808118
4.8962227038927075,242.68421500479087,27.796664520093405,56.705735685918974,63.38860399334207,45.091591759310674,22.76288451976854,4.64375766961569
3.6474500252977435,71.84617623824329,21.763684795009432,54.349154745129894,116.07034226071899,75.12746031559958,96.91487669572345,3.8153415414835443
1.5301686012298368,292.3598042262563,26.790004827023566,73.39186325201943,137.41317864429834,32.11377381056211,72.29799377729371,5.925797758272825
2.393956554939356,87.05998777689804,27.196656378280316,65.64206853992361,70.79930934983372,13.048406975288394,19.975764828446597,3.574364085140814
8.132931317106495,102.03049188482811,21.34278664776585,56.22406289330035,42.91911458922405,85.17734740982965,42.144416372963626,3.518178328157215
6.696566256201289,168.3289819421631,34.67381978182972,64.49662699559647,111.5916500831758,15.4326006783686,25.534251604000602,3.940801692575497
9.456994164177942,31.40279228289491,30.443665387870062,73.74161077739117,106.34013850311177,69.82369946309063,31.09475199924264,3.405360460867293
8.300149359688906,149.46109179200005,24.259211442630846,72.13200960186924,105.43026482488848,49.32377879596352,94.55299985170426,4.386528764464801
4.321092147457095,82.84582430746131,25.54140570037857,76.83707657727237,72.07927015023569,13.893123161734435,22.30776579658103,3.182995846759196
7.968958429050532,232.23489197346893,24.29252796470984,81.83112985469916,89.14175661124061,24.38342660011994,89.18305567150523,4.482001419603228
5.9760773283996125,234.59341372906283,26.197463442210886,75.66655283621444,18.675364994012433,19.064717892473794,85.7651531366901,3.9351658034049657
3.2198602868372435,196.24840805292135,28.202364011525212,44.907652433348815,45.00177415946357,29.296484468282983,76.93014267143054,3.1471767262058834
9.763348476689522,143.85499733646392,23.273174304089,81.56183841895867,139.7723157439808,67.17492571406187,54.704982152879666,4.352570638588264
9.320664436864215,113.7631845708058,35.45391936005234,53.2612776547594,15.84916016665127,61.35590860026768,33.253088929361155,2.415960252683017
1.5658853110283464,253.41473320923336,38.209178204335345,71.6286540676553,52.22399841679481,48.96424211708242,84.78818791235545,4.089801408283248
8.474504075804678,166.91527718770712,28.070007486551958,89.5033356094738,41.730203651435275,85.87481353431217,85.06674690753842,4.088300575154246
1.2380238377219257,164.04603220537774,32.78406984759974,51.20531324945712,28.23344984366826,77.77701241688113,57.278439581151225,3.137511065654285
9.323782340833102,60.626879998316674,38.26347951691708,49.861601274129,139.4092501872372,71.44363138911854,14.285204777455137,4.0961107123891365
6.429577406727965,88.96342292109726,19.79848795230821,45.018989851166815,27.625447948773907,63.89775114937385,27.366506248269825,2.6008703070173618
2.082531322249649,127.33210881794778,19.743063463117416,89.12428750045254,78.51198686391844,72.64988309847985,15.04751135554156,3.030801192145995
8.263993140175408,218.6902675516372,16.815275748658127,58.48145527432145,127.53132815384195,30.393448681993902,26.185421617941767,3.846394591032343
5.399927487253321,258.22316762303035,26.052574811743515,78.11260033949549,10.542081488853444,33.38395508701451,55.75791526969692,4.494554184188082
1.0657238094640276,298.07227474408904,23.278686589702396,37.70817270972231,25.193874985183356,36.83037769356304,86.87561104973464,4.162557096556124
8.085060155521472,145.4066673922024,29.01335131146442,44.92332006470202,57.86518822788226,76.69564541451726,68.7913149224103,4.4933590777342385
7.989212795397272,152.36517375257884,26.27671734932973,38.47514371443312,30.65210051237058,48.904721606538736,64.0812672571025,4.331969019336211
5.079569495076396,236.83634610294612,19.75484769522074,79.85992655897113,35.572343917644645,96.35534345061636,77.31581878855854,4.048440353194707
7.445541831695497,116.73128363475413,24.779507871685258,40.86044232577441,92.76181386344685,13.618167902635797,67.5920327102666,3.421138135588476
0.8814091256241436,175.93985352381253,15.722420885674898,85.77388695374773,33.88836925412169,44.485011793722904,49.90845380091106,2.216076339972277
3.5220126697402776,212.79467724673202,28.434618905717926,71.50666050197151,99.43861240301413,23.925414545254654,83.38271007367929,3.882262178862278
6.8956126343294155,93.78742189025087,21.776503702146776,85.02458512501956,138.17259206559643,83.46886171344842,37.91660234080841,3.996995439713162
2.69075439248468,105.48928633404479,17.808970865428126,57.48722567136235,42.12001743668088,53.16478819294129,93.53034165537358,2.2129081680383127
4.778908106877517,126.17147204104775,16.646421598755083,63.911181550130806,39.71990067748068,65.8015250563735,20.457152426556966,2.75816917662946
9.353494208495595,185.97490545794986,32.86122268358367,36.51647552869295,11.595102754934366,63.81546421132913,67.39119035778606,3.5744017457955204
8.354141896443878,103.01217244398072,21.18351293496835,60.62482507879196,12.053295062451694,17.11595833665779,55.046471773612296,3.4560229801111095
5.800967202795706,86.2053012771583,31.469924404330126,67.48943159079087,65.52771853408547,80.5364364446214,48.31854910089989,3.2050303388100474
5.978805143212808,70.3672182586597,35.387712872101964,40.53245441925026,78.46589119486241,83.97791086946961,48.67447418154222,3.357965501454975
8.926557164378055,248.5136724204282,27.499643730354144,88.96793989135149,35.593510404150784,64.66953660412548,13.798677163514252,5.066621531294897
8.699061469975739,269.2123042612283,18.326316369405692,35.2415057890367,55.21831565425379,35.28526090690215,77.63624243765305,3.513167632120202
1.3388189766381984,274.27492534710376,30.36369668871408,49.70978359667767,29.643393177423608,75.16826429076343,41.71123721458585,4.363788580687
4.922985114729588,251.8410910650376,16.79018785377756,68.85918694860993,105.37460070801181,73.05992095832372,52.897272127603934,4.861826572177592
2.3131097089286863,67.0680902575549,35.42858829411897,62.37010666318322,65.01149536837168,92.12850159440981,86.28346782734722,3.7575704338860527
1.2905876923344801,56.3930241522809,34.038505348155354,48.155927666891294,112.80677556867342,20.56001844615153,61.939765097233035,3.4020291738071573
3.2777573324362117,164.774368890412,25.052084706451765,89.27145221267922,87.04382832768238,91.88233462105309,86.62929356414497,3.8833465081874072
6.301116150780422,170.78527732574955,21.727381424957446,45.388257192791514,62.82187975095867,89.83648311862413,22.337145510648387,3.895778419631011
8.046518048137038,227.86226196421876,32.738861344036664,66.25935434133703,97.6913355190033,36.77746637019375,35.36357947250547,3.824577870135586
9.168525510494513,90.17780348717645,29.18024522339417,41.37362429237032,11.003674400487904,74.45779896198894,30.51391729880157,2.8436374392841346
4.518083280487708,281.3564108616309,18.627304060732868,38.08768614897953,106.65102325960191,33.73373406922232,89.77008526518286,4.68077287899666
4.512069196455402,113.68104410870855,33.979676833409414,61.83294689875282,61.946785275020034,31.158623872947583,80.34014756324352,3.5288644193266885
1.955899204567428,186.00841674663906,23.349379297357828,79.2585036218137,81.90068499805172,67.73814423974875,85.06907712108082,4.410176457767111
2.350992196350665,263.33767400388285,37.34618731447644,64.22232656991993,83.27736927746493,14.503000081180426,61.18152041080991,4.805037720228251
1.4737014616577337,171.33098929155625,35.73670912603565,51.14967395386489,88.17773107437327,18.682953211823246,29.8674020600998,3.1622271444045955
9.771055190058316,233.46051010500108,21.89532950250092,35.920133118762756,108.33411187357753,69.41292606870743,43.929853690338255,5.216828873282417
1.7121756459466344,232.2370741099715,21.381343471729377,86.72926539243954,25.49045804122458,95.66822719680033,59.527078586299126,3.9122573406767818
7.688103280546461,243.30573655768254,24.947237685377495,46.653652646095814,78.45688641303522,13.06348996899371,11.708071948451835,3.6768169445789933
3.518760756584432,248.98303156267335,35.11207918594076,66.60145205523622,21.641421114810107,12.062659625380826,67.56780409677728,3.6299920210163923
5.602904094967963,135.96499577603728,18.266351578961473,35.85394418544277,42.78145838158398,16.729451902701676,86.93825472137947,3.3003310322095465
8.790747014990503,128.1601855090787,22.901276029849576,40.3462510455521,36.497031805498644,10.149800886855042,39.30717928721735,2.8860569345647975
9.393590789004902,246.9444870445868,31.477698597913097,44.359323302524494,93.81930793953576,93.54812095872808,71.18105878701255,4.380332197569849
2.782188029225497,186.52180606478802,15.837263907789442,41.177262664337185,94.85364813465681,52.663776296366024,53.52069600236283,3.3044071706006046
9.157059331920795,194.08258663530833,16.397503864837237,64.19145191509301,126.32591970095227,72.29021931459076,10.357974277074108,4.287186056355191
2.89449812679221,141.21765771439894,34.05427744106768,56.837937823944245,83.05720437832295,47.474819154981006,35.559297362431984,3.1147756430741835
8.145573424986017,84.4359578418466,28.058572036550117,79.0706759303371,114.25499220626314,99.75205103734362,57.50742284432801,4.714625824519398
0.6448785801556356,153.37125369921156,28.940058148673444,41.39122949612319,134.4709172645193,53.19382475915841,75.24176305371414,2.760524332219956
5.584699024555922,291.8045457576486,21.221599234928938,58.70874064537661,28.695097658719725,94.53392977530854,46.18303906366883,4.5195994685199805
7.395220523288609,108.53405739695368,28.29458872951684,58.55380100007761,110.93570759514274,68.46494059901346,26.762085596622597,4.249217486405906
8.469920204533299,103.44222517101716,28.625142099285114,47.69464899865806,55.91105361925725,95.29643686880704,15.494474873469718,3.149721211491336
8.490724420749611,65.3117274360482,25.34428506217396,40.27788165515079,48.92892507845894,54.56275823201522,74.32228900905586,3.2130431253722933
3.339244417490921,159.91871907265337,39.1105814588299,35.586454724246884,144.817569337963,89.09920849906132,42.853720637188694,3.928514110238177
8.6049212900694,107.90320689142241,16.231600377920074,36.035533741336074,38.90394685394064,40.04980543502684,68.23937835064964,3.1325477481835993
3.5746467636588055,215.5234073690413,25.37320110641863,56.924376785574665,138.03742574922538,69.50785388085443,29.957665473170966,5.001726316356427
2.7207899944281184,66.48363705056306,36.437166334837336,37.985250854159084,125.32030642839823,65.54663144697588,77.92169834388247,3.662297396679273
0.5139960623419866,96.77437032780296,20.156744383116568,56.70066571986786,133.00854354222946,53.815253925891454,40.99475491298624,3.132255858046884
2.739294923767345,46.69978335948929,38.37493695270232,59.057524518291345,92.03768631666058,55.13343418786994,14.713181212923148,2.1907557249006375
1.6251688259992858,41.197144258138856,25.637270491720997,59.49622744350961,91.85881276439918,25.310901754484554,55.9210149743364,3.091050838873827
6.911897724690461,249.8187375756367,18.91497436609557,45.54105092406672,66.3614916844705,91.54244021508507,75.83019825483129,4.228010949315219
1.8754824637284164,274.5870882488918,17.327489690441993,62.429341073877005,66.12871449887105,50.87888291685756,93.92474421512826,4.031792540882368
6.0611434185733755,236.24998554957295,23.17673955568848,56.57745053302962,129.09340781707505,23.632223531559248,97.37720028383316,4.970454198778193
1.7014437173896149,263.5941369609652,37.993098420211524,89.42398389804458,64.28572254178489,73.3895654863978,51.07776464491791,3.7783137488081526
7.191976062187529,53.38095983499635,38.477390307055394,37.495295991079104,78.13756291687855,75.44449883758985,65.0686021367892,3.309533572830306
3.212682265654734,272.4962559184788,29.08161202578861,37.96331792134668,149.49499968400823,14.060549248943225,60.14988346939733,5.9324892481109455
3.4326156823272114,155.83075584711105,17.954757897207546,80.34914358824874,59.603940062390414,39.95381969370845,58.0187429234713,3.812238001219381
6.583660493593026,237.53383219132925,26.414811722661366,49.631045375861774,125.16283568799544,62.58346096059802,20.308520368636167,5.419483717888062
9.419980575246331,196.25446787274166,25.44399230603291,45.108256101270385,48.80768176401881,83.94243117583022,70.3778540727323,4.50184660393526
9.92020997459126,124.46485034109773,20.77669918670515,83.09668937985774,13.510308157188561,37.95446543889063,96.87432235208965,3.45956804883174
3.894004309882539,101.4957388342664,16.900808341291725,64.30010041102904,93.07990084479623,36.96894556938763,21.412259974145154,3.5965798719145243
9.49010244556051,61.89514381921024,24.539345189500366,68.86843146954226,77.10843689642829,76.2911168940953,38.066905712525426,3.901737691741862
6.317053948870374,141.41579739988043,24.296377825513964,35.43783746941838,120.13416675022397,29.728396522755386,16.93449239998245,4.314156833563598
9.111451472609197,163.40773335497693,32.59949247289856,49.341305237488015,10.581359806080954,90.63988288567883,46.250460769103356,3.613967603062963
0.7645954075336842,295.4410754458631,24.855661342458347,49.25616389151981,19.878454307176952,81.13739964849039,53.35049044400463,3.373234085689926
0.8151420925552987,40.06842860875652,15.328343911059314,76.84907086072226,130.3550480804879,90.37497791967469,42.22162820523582,2.5115236108042938
1.208452788188811,189.3402737991497,15.500467208226695,56.20537383119495,77.31633826427935,41.837114697514735,52.89239297611102,3.7201994008128056
8.141733518371154,171.74860192065998,32.18788671407587,66.75894049483817,80.89228085513325,24.91623408308503,82.2670179985194,3.617662018646299
1.810586540663201,36.18197138382308,31.519644213057862,86.25469709342602,41.514972502744776,62.65519735472671,29.253123393910702,2.8226521288216304
2.1775576105778924,119.03042937068032,19.00880961093166,89.15724319231992,139.62895490096582,27.097206976615652,78.21745256538496,4.391566029821078
6.061299068869333,144.1904042111221,36.655626430560176,42.00311381955292,138.0188829033627,33.95018436902134,81.39591977745388,3.9997332380529067
9.595735689655083,163.45283566958625,31.565568451690613,65.57269084237883,82.33713411824863,46.051084235561376,62.30198179633437,4.716085174049738
5.887568627264177,93.03314321742396,18.851375475677298,73.45280688256364,40.49529652014486,51.645562978634835,38.37890687967243,3.296371222908435
7.459660108259037,39.20705937230558,22.19032286422437,78.01290329552484,147.59080190510682,39.01719812926132,94.28507491173394,3.9705956060847836
2.283475503156695,109.33764047214706,39.341570855965884,85.60595066783787,134.94389747721817,35.62479442975708,42.751320048199176,3.5280518272869
9.184653504912111,255.8176974570688,25.193660494735482,75.0585471384621,82.99754124858659,32.205426043560095,14.492906642382431,4.2591032068595265
1.030828161378879,248.12162659678364,20.91930326514354,72.9464358581043,97.69579572159618,72.11223120507269,22.247906678534576,3.7973624371674672
3.186780578953992,78.80270911544982,28.103258997842673,37.975372011551656,71.55349262410192,37.52905815347394,90.24310050799731,2.4827182951575955
4.810379817629322,204.5010447275679,20.138793321454983,64.96505374577558,38.848088533255954,72.49580321357521,23.49788330785578,3.5075106548054946
2.6486354700881565,279.3847911888914,34.79292244817279,67.9320984718113,105.40311790022237,76.85962689078197,50.26547274406854,5.661289024951792
6.805727734073151,76.46907655609925,34.857557109329605,73.30736781840002,103.67877947983763,74.28068857432696,72.27744047393185,3.108102346069147
6.948528115435263,64.74261185611854,35.021079618707134,67.08498125284669,86.62565310590595,92.29935996477208,61.6280230831304,3.0886288395160517
2.5126511768461226,35.97949202430979,30.431734348269362,57.51975554986484,124.02243564032214,95.90370970199078,68.80345301933022,3.1896212365464724
0.5816170529527671,76.55109546798262,32.35112232482229,61.81016081355732,73.2571235505834,23.21745450704077,41.393319807355844,2.3735581840691977
1.206013855911197,249.76719601290895,23.035083271938323,88.20257742519365,130.5283414670168,38.85284092145196,69.60125245947802,4.621817917310377
0.5040649077591186,249.77722984376797,36.972198536896734,53.100711380492115,40.382569357252315,80.89000269740455,10.81770175157078,3.1695812186011723
9.101240297224882,175.92206079783264,18.60404278965033,78.14513312083076,144.6527629752493,80.36228331922709,33.692521281723344,4.6216097825817615
6.405824104609404,120.06240877216071,21.36217838240867,68.40920650076134,38.71123713054399,16.384873821384048,21.123985915553526,2.852003439627063
1.815135116016851,247.83071313053534,39.817174018112986,59.41070151462955,32.41667687348574,96.58333821149479,50.97366795278459,3.525010383879142
1.378872760885183,82.65411573300489,39.00991785013666,57.7875180151636,94.47565098033655,87.05841156717416,23.124077412453154,3.0472787499459377
8.267151212546239,67.76057732647104,27.69051596604696,64.54746449929779,23.031190273210207,90.92837549417138,59.263396450443686,3.2760553708300675
8.204876159875145,54.08675884184543,27.47769336716657,78.9885875736361,33.51036834793551,28.394631552812328,26.259853713336284,3.8623382566408413
9.310106582035637,259.85800556105096,17.920509467605775,41.71825848546792,112.06482769812996,55.08279687747827,47.283820741339106,4.7500812078767165
2.0130980719174927,223.00760465920783,31.491250004356413,85.08615590364354,53.1412141629573,49.64879895998168,16.67993625936374,3.575667452077744
5.461610221515459,198.63829663394344,15.775811438528107,77.57807671259292,122.01698253990502,42.4268826540623,49.59822435962696,3.2148181312260076
1.6540225386731304,226.4162147969361,22.85866148111989,54.19655469127166,31.777397347197258,30.46196320672512,82.718495131606,3.758958858242142
8.058575865358668,68.73924689460685,25.459763771278816,35.55998686051154,63.94220265518933,22.564590752263193,38.52111331471092,2.2921595360385285
4.418605446167875,133.89305362262309,37.34963139037946,40.78741487908993,64.08031267662828,88.34575840933461,73.56850626744182,3.7707793610022593
7.110342787487856,249.81111194181722,39.211316578196765,42.94174385046815,77.25553306627113,57.73920828677712,48.33874839175345,4.296938428533106
0.7879799811917942,277.52668755989686,39.34995117505379,40.69690152230478,67.45490849461245,64.07439589063593,31.07906484711824,4.1072007962957775
7.890344472372105,168.53582115903214,34.97092515767939,40.65284387209334,64.15000085744143,33.544104564488315,37.31307397316302,3.3494195092140515
2.6801197051294823,62.956590442404234,22.24992837170471,87.80798483743453,55.981260926740845,94.15477731326374,37.23204398809576,3.0814769279306278
8.506641399163312,294.1996797514289,16.13376840397442,71.21530096065376,12.12108920138789,94.27389840413522,76.81410172102007,4.8080485127265105
2.2656555972237253,136.65770617550518,25.640441631092934,80.13512996720081,96.32265414708807,70.43050815441768,28.084236498593775,3.3826170772095563
8.005923757152361,116.12855930360567,22.43490669423285,65.95475692542115,76.28879137662457,38.84976848321545,97.99943769996126,4.1868546152529005
1.7740044509591177,62.397547243043846,31.379751325556363,69.07165841698927,62.259570844142075,30.95597536702437,71.87358359620882,3.1828601145197557
6.802463764012059,33.40999766857308,24.276458927210573,83.45490761121317,39.59806973064837,63.57441905036914,46.103898938067275,2.9443995079953678
7.902957889490074,192.9918015710348,37.26889892259726,49.408305850503936,134.79461171947102,84.95911834843858,99.8203608815882,5.44590709697639
4.169212085565604,195.3563750312932,24.350825202128327,73.19885529848692,43.305135413868065,97.02854201970814,29.45543933216691,4.2415882935058296
2.821159832093793,93.24510691495632,24.449904371877402,84.46199384563745,138.92942925888588,16.137136430139893,78.66200932237564,3.061741355386548
3.7730121491131614,73.73642415973241,33.977967878361284,86.49607451187919,40.416957560446676,40.07768552264308,34.38432078251189,3.222744066379842
3.3176207603570322,172.56237613471208,29.750672702870034,59.42265317027478,145.9996410979567,45.203444336116064,58.92080061815558,4.119514244594945
6.5141329883721415,147.55985086582703,21.38221076673472,82.11917138500034,68.7788798391003,43.212283684871984,14.897923171822814,4.029804839173391
0.9233365725604921,111.9865902678837,31.91723906008821,62.71227594471032,84.58043611235469,70.09985763615822,86.18132226721393,3.557757891645557
0.8936456616994378,88.92287273303978,29.07484282732686,49.183728848339854,51.833471978178636,59.248583698654194,42.953671189394605,1.646984178371245
3.233839508615223,262.0125817296537,17.601485815130083,48.80274891902862,141.48532518999832,90.22367503645343,62.603775177469835,5.192795211987068
3.131246936091366,295.6335489584849,26.681595963878532,59.84715831427684,49.55991869836778,30.029608327899112,93.45554485310919,4.389566194362065
2.182167262655699,126.00706774333537,37.967601774505376,49.183868845880895,112.22965428112512,45.93986099347226,12.722205284573686,3.1501146070795603
7.309741992592815,218.49531224650508,20.294838097287975,36.64882538063991,12.868716804800542,58.704374576021095,97.12156931518312,3.6484786093922414
0.7257477758035396,263.6977478687646,25.365430689718742,40.8050846072159,88.22062387838389,83.51170775367927,57.266141401181294,4.648739650882618
9.280230309209125,37.27293082017463,21.898744432652823,81.7071074608385,113.82058101763161,84.09156864280796,80.2671916535308,3.4396021449005003
7.696124851398926,275.1775177339698,28.423007585756718,83.53798128480194,75.92225670307543,87.34350061075878,52.574028904526415,5.381719671936758
4.328098170077638,164.7702280748439,39.37782372904263,83.01741202747947,100.06439614764349,56.72212549951586,83.43169999002795,3.2554756228696236
8.659876989380296,180.32230030863178,22.746356377344373,65.45417882585608,117.52796380899723,31.74394761125813,89.25029448533063,4.735123877078568
6.372458415239635,175.76579630482485,35.820880303991885,86.43695460224347,80.0333200381896,75.36299652163594,44.35066502859135,4.332032742654643
5.917180835194756,95.59034222041613,35.95739680138943,62.45009365348349,40.532877970379175,95.92061724804883,75.03690075602182,3.725821037944481
3.4736696789876333,241.20518906749228,21.48539083915623,60.43995945219889,65.54808172414485,35.67696981251218,99.87562071454678,4.350933179441458
6.7994943993771395,227.73136058463942,34.31516636047843,61.09101860625638,112.30906109751645,27.85433373366853,78.14185080349945,4.475233034533571
1.827099755302799,55.86393423494991,39.70304875024201,48.976156328467,47.952871312746765,12.022825564091715,96.11918447901067,2.2027809018678868
5.486543296594223,181.9537251154167,38.850526641963455,68.74268529148532,98.48484752803438,69.98210781442788,76.29555070309398,3.6639253825370774
1.6030455770266003,288.3970744603745,30.143510625151748,59.69231244037074,30.760878098320973,59.05135751964971,39.68982437152924,3.692597685179797
4.728895941910347,265.2125097250764,18.79347924336911,88.60617167783741,140.24105264654307,22.124292696478257,84.44365073726848,4.441544105042037
6.354576492170694,198.99418026416106,17.98354708908029,44.45897679121046,94.41763752665649,27.956414644034204,69.97066882475997,3.609357032451359
1.9772826566205526,83.6472028154882,21.670525808905197,39.218734218649686,75.55788268498667,69.60003240104157,12.976117610610004,3.8242738867770765
2.6101363147372716,123.75024510720961,30.03282422910904,54.31269006849902,123.61322509275875,49.2415740810019,25.51906406004077,2.9855549671734676
8.225948388612228,70.59667875447607,24.655639450458118,46.85524519873076,121.60394730749758,30.99078202714643,33.51457070741227,4.232627309228884
2.9292722387246894,251.92126604719158,32.47552335671663,89.55475216700097,23.625225565134123,64.52408983273536,76.920742645474,3.3327044556792504
1.4077825516504914,240.24112444357843,34.69445975618956,65.72180428140248,52.98888594395028,14.739919495054627,81.74193933668813,3.2741029673408106
3.6415561520744406,275.79674298063276,19.510540962238,54.784469662399445,74.20081806040616,11.458253258181566,84.41968930394351,3.863902778477275
9.383829432916992,47.116797817151074,37.63235274842806,70.35076253938055,57.6755942082084,33.47899615947313,16.04932637823307,2.452629426360556
7.0909343349093135,290.4726400453629,16.514325860273097,59.92113273156755,54.42210087484668,36.05668755803547,16.494101332489826,4.721351876074735
5.966626042380509,290.9353808772191,21.623204537005318,46.48538265702875,59.306641645985984,19.393158129302577,36.9498896009611,4.602141085719175
8.48398640422874,212.09064425859782,35.37000169810691,56.698561901201884,29.886906120352702,20.337969805479606,71.3119057994718,3.675560087896237
6.7717788753027115,268.0720274028023,19.593305449717846,50.74948966281431,26.71842711068021,25.102272655850243,85.79664179980212,5.340293553895181
8.205881763654734,148.37822575931324,20.503440616636794,70.06759177995696,46.44351182913436,75.21479027326053,88.2438100393778,3.9590063757652443
6.742991520838755,114.6191612715047,39.39140905438744,79.91127309842824,19.811442186667136,82.55491998142168,28.676378330752506,3.111522598262371
8.710449291622371,71.67948312130531,37.80910844351365,49.44174039554094,81.43079904364586,26.3444460113772,79.0673753065073,2.992609807776806
6.428077667395591,38.526456876983524,35.31898345183836,69.17296697035026,31.439077457910887,69.10930705510324,67.66974394746663,2.563894401747796
3.01631125890939,41.339285235679,19.345027124160513,73.96639241227504,19.45940309591106,31.028725223766738,93.40570172525065,2.3645966458822527
0.8906223570863923,216.72301105310595,21.378456465117907,55.35059489352123,127.20041060834191,89.20527377485175,79.55749394707983,4.8161951866969375
1.5005423457405587,120.8751596877786,20.87919271833191,61.81446060845245,92.25133087317374,34.203500569751554,57.575915575570114,3.6734526564033607
5.368234963370274,44.596652130458544,19.728108470692522,54.73491707511829,135.77040382540054,21.67942715860324,80.48748545428744,4.162269191557501
9.731799615652298,60.294623588261686,39.26116273858757,55.50977325626556,147.67498769632073,49.52313814886229,37.74499252151848,3.4439640350363674
7.714886019134875,209.62661654030694,19.15070429700616,59.54190980568678,93.09439095034294,23.879157881624742,80.75307154622824,4.629350232004327
7.866705366961858,283.4436581315782,33.66782935303239,51.24826091460674,121.43682507719161,27.85301650279733,80.30516272862195,5.121562765183782
6.805977658496128,140.15411192583565,16.275369161926722,61.85814815569975,32.335877176049955,40.51565463077945,86.96877313607763,3.64521612284781
9.083137260069757,239.9675432235147,28.595159637903894,76.37348722494366,107.77161810418988,69.46484678427835,31.815644833815384,4.49226813257603
7.486863535649634,292.86708873080175,16.771248288975645,56.68637513263057,86.93758826478292,20.516869791999504,86.41007558847083,4.264452385885306
2.9544524032762234,221.24081070145678,16.5438383146094,86.99907907837554,104.69500181528433,35.569811227468605,25.214519664493466,4.268336140880877
5.245081709122196,225.2117370003376,20.755812345860882,46.9897540768995,24.661387635879734,87.2528165292969,79.47096477911758,4.400725956812536
4.341258465010253,196.2932144290644,38.1400848274554,59.72276118212348,141.01411638247853,34.63924305222598,93.69257402465905,4.168515080915657
2.071212772033082,293.9726589658767,30.970754182290925,68.09267555000505,68.44822888519496,25.160214884374902,13.221830315256758,4.482806553224998
2.612582115036626,110.94762927603287,31.28503760051236,64.87954318062563,118.61190020091405,58.02547955350748,66.34113823680975,4.3721241337397
3.2089894882106687,241.40688175939385,22.441392186184455,87.08173683982261,148.6856817491853,12.998429180307829,69.36325503005469,4.546773517842026
2.149614817426719,142.071076797275,33.090411851635125,52.838041986387715,132.26367942476443,82.35560499121672,83.3628612312714,3.463897230865049
2.5644297927394484,71.96330336446087,32.038812400637724,55.769772283702,53.63876775205127,30.0215468301496,19.254105916258027,2.1560324555570136
9.20573692972591,229.63054117749735,26.542136002013425,67.76248632431779,66.27666930071831,21.957220399490303,91.84876115308492,4.252990568403395
3.760772477988777,253.93851697201046,32.06513512110078,67.80017915104781,100.81157575177001,82.73824868675624,99.44084077833068,4.640009171809009
8.361408551042311,263.1717622501742,36.678385991371584,78.30925348642693,85.32324231470089,85.84794214307894,70.48947455437161,4.766207584208185
1.1117044711122372,278.90719363584725,39.00951732481829,78.69836605709376,67.4420643276272,76.12583602820959,48.693968485297326,4.0406419857743225
9.827189201131892,231.1261301725509,39.914847600309,35.59790271432784,101.4717585202269,31.113718272884228,67.15138547446008,4.181314846120953
7.765521542251574,172.45700988798936,27.20780393227777,77.03096599532356,137.33397170772474,57.42900138729251,14.923550472733643,4.9009644431052575
9.113802637199289,283.44776512786643,15.81882874060135,74.48277707599627,53.32942805330012,97.21594067322124,77.77307496000721,4.435596309614329
5.496158030005859,86.58273256098872,20.72945377391817,67.21735990222959,27.967367284687914,52.9989489024725,16.296993173740947,3.5796899150514183
6.52811022290321,50.873636124591506,19.921223471795408,52.43427131578214,104.60493898269817,95.4675753994943,39.03318986250423,4.013242470430055
3.9277807787230365,146.5389445014835,22.513468752184025,84.88808366520517,92.54329993471458,70.87315451470187,22.545885057495763,4.2424928206224
4.604296599251426,187.19901863726386,24.012554061193285,75.60207944643196,136.78232425814207,86.04962745204078,75.34371291909353,4.510843118368534
7.632056736121298,213.59713394077448,31.716931718125373,49.15080719208766,113.97229306777054,27.316000861610895,63.49854340884958,4.427130833094762
0.9747020799895996,250.16393148935626,28.14222398207961,51.78711099663702,65.59438628126058,93.40613574123454,72.92834295896,4.518741005079835
0.8472376862960795,37.22429413827256,31.24361459021918,74.07506401861914,98.66610907085068,86.80100269384234,15.810951768145038,2.8766013586708863
8.811749953420765,246.55251207290033,39.2959886383602,85.47098753195219,130.7313855003748,80.65446904979039,43.33657030949709,4.537203860200439
1.5450725804699224,192.03474346002545,16.2267988563868,61.979764809634304,58.64624228337393,94.71007768210424,46.55526995948507,3.341720603909894
7.349784518728795,287.29587911819124,15.359967014359523,83.35598296890203,11.93571679917521,80.99909704360905,64.21586773920417,3.9217995211494467
2.395656574326396,123.93230420200783,31.637636026525414,56.01629694862179,97.68766865234552,61.90724006494203,19.209763064272387,3.0109627831985604
3.9789844209760012,196.5841840565218,28.65634412599557,56.73400612111419,13.629554082541828,68.38211840697275,68.25132813302787,4.97430772279062
3.2887232846879444,236.96806969666238,27.068729076357954,72.72676609652484,141.247186228728,83.88048423866614,45.52287169916526,4.111850172434889
5.158187153768718,169.42676360339482,36.3331878570492,37.77957266552367,33.547838949584715,77.42421264861697,91.53279671784587,3.112454379477311
8.353284122574673,72.09504480977907,18.97189380551268,42.640700694744936,62.39690049707493,63.261238710369035,50.48282258550466,3.5470955628980607
8.817573863053388,43.44593844539442,29.340484200185223,75.06337556978792,142.4797766783892,63.82714077946216,19.186441627987655,3.5923199307825566
2.6094229893419305,60.07817856157645,38.298178905278114,48.314702062768035,21.190283269617453,89.22539083409725,19.3061819059563,2.2982164738829387
3.70766074201515,163.62423723389995,26.146338111545184,44.62934822828654,10.607954741430687,10.892045282412898,32.88660157613961,3.2730066616736613
8.450710162288773,202.6943688466989,29.49789266897794,39.897899841360726,24.509117970276577,74.61582242175734,31.583046648721954,4.288082417840869
1.3515325183873723,184.0406877703688,16.749983867298745,47.36699596758545,148.04538547481934,60.90948857375412,81.70175834615841,4.086536872238729
1.61051996608524,222.48735829744322,23.729576405722597,48.775899986418445,146.0420270971037,85.44645936301282,75.0149694745475,5.136740846854221
5.05602348703745,40.528553765105585,16.03495767747307,53.76387184607891,63.84387490362083,28.489326677808517,16.900544774131046,1.9385680559788154
8.006371383063762,66.81199481285634,29.309408078816826,86.60812544250484,114.00398782250375,57.28092091656339,86.62906449609272,3.616117552896461
3.6917737203064003,235.5078294161192,29.761853616941032,70.45401786995319,113.03068262552638,21.487988136416703,18.65170402915917,4.626131310512852
1.159603140157392,240.9192394889406,38.77100821129714,73.13224790678555,23.974268875733138,69.34372058607289,80.7065032114673,4.476144631603041
9.694741698461533,219.61933526578787,30.960150582262308,42.3011614153552,42.91678939370833,78.73910729361778,20.04553864919344,3.640933519656248
9.4196575614425,231.26611168160636,15.074574141143415,45.59666787256048,134.45752774512775,66.11792246072756,43.872250961544054,4.246433652338455
6.693063454931707,290.1288233556291,35.83085990347331,84.42691052679072,33.19755335330966,59.92941517720271,77.58375600995099,4.514231942815961
6.97782592456224,284.9390419133183,23.24140703245216,69.88700198003042,82.91974995868102,40.904106365727735,32.827149173551106,4.816211793528127
9.370105837845248,204.01009697568378,32.85679233239179,79.5308047428903,44.18134154617876,67.58058553094008,20.19969474107161,3.6751577916339224
6.616702439973618,116.22033625914449,21.60071315269333,54.66044479499398,88.0660379351527,90.95548926110666,80.8475739850147,3.469306071163503
7.989918078473486,33.809670536501145,34.005620634925705,66.74637802488795,37.51429787840294,74.92764537103473,72.18780145540012,2.836968746239976
4.9034007522264735,200.53419264539832,38.18726682514839,62.621418652525406,40.20475487617944,12.065773688051404,90.21411395423806,3.8507872935096086
2.6660246824138643,146.4520386460083,16.982976318427816,46.29766055897518,16.55186802307773,55.784928300579104,67.73972764420535,2.874593763422652
8.409055442000952,69.69741198551702,28.609048804177675,80.36232310765313,148.62399429316577,76.27752500240406,16.6555647951791,4.646461512161481
7.001628330041438,88.1195919612403,28.51005045848006,53.35659320091014,25.833332170158137,55.37467251111446,67.4771200321413,3.1633683191348814
3.250840627282111,282.86291529569667,22.160943057643713,60.678810029176404,68.18663439132645,63.221504097000896,84.0256364647453,4.872898034309144
6.42111773602789,47.88008597712335,23.541858972331152,42.31462033628032,68.45811741895753,92.04259680478856,17.53106905480294,3.354971863711749
8.256597830372963,242.61710941547392,31.904019200552582,70.10961826314934,52.50767373081312,88.65550579906522,22.212397228183903,4.245982580856462
3.068279650208231,273.55331940944035,22.315276970866073,78.5124494012831,121.15864063434518,17.318296721903497,70.98105312877462,5.115642679309723
7.797445032858119,215.8538316631366,15.765680170898372,57.5713569050629,57.27686762309682,55.94978865291402,81.2197429952508,3.6036495866287903
1.187262195422307,46.56224315521237,34.22965503062222,88.79726055312406,97.56304000544615,66.00846842301695,41.78359714363332,2.6555585269605917
6.437013829338804,258.3802891606467,30.62982275685688,49.16711770829276,86.02005339373271,86.68282357557185,76.17354410680889,4.588964385713851
9.989869439440811,206.38801408644622,21.261370886875188,83.01943166716777,130.9640436132495,33.895055260264485,25.063140928929364,4.810861029816871
8.730560005290023,104.79888283040977,39.03852481016268,74.66685232828587,124.72756832535545,22.586854579063303,49.96047826807527,4.093095935468035
8.8187514967547,200.00695337112364,37.46070074534202,85.99938945192339,40.51262451184962,63.74391433113266,77.31766529360726,3.5612295849512297
6.963392951963597,66.86655194140832,39.10939642659359,75.7356517394158,115.0156512558614,52.085091554455474,27.90875383801812,3.0471985469576817
4.8812777121605295,221.06483930005365,27.805908223532434,62.21687527482807,120.95958413325074,33.19346812765359,41.40067109566373,4.614674462466183
6.933547553613825,273.80881690283184,20.879162224835923,57.740875494210556,138.68599291735327,94.86353273187457,66.6159248800606,4.663010283641555
3.5513272025652363,170.85394144696104,19.345729436756393,80.61697177189032,144.8504644226114,38.58003823839149,41.13956874585681,4.715530343665311
5.751301105480046,287.06860678193334,38.71308795869135,81.21999100015795,113.17566016475955,14.97573367952677,88.67424440932858,4.636278639385012
5.626959149268423,148.28564131151558,37.2707150676703,67.38971547830428,72.99036406567959,15.291930691470151,96.1053503670361,3.1612989031381726
5.665438333773221,261.5430985809927,33.52343543509669,73.61683796217383,51.015893664110706,28.097401748682643,67.80605603649487,3.712137496409884
4.4138821092927145,238.88507228686387,27.762870819178964,60.457164487712774,131.05281010551374,20.50622423855104,80.41602152736387,4.935725842162977
3.851617388432416,53.875968872686,24.61018890118018,47.01042186749323,138.177628425936,45.521983637604,91.60268482772646,3.8943828402260614
3.6383678863626265,276.4161960418436,32.58612803429402,37.7489263409437,23.6585655418444,17.24182446843333,73.16734038397523,3.4693067575115255
2.634943153654994,275.8154665372356,15.238222673239092,70.95379602471814,87.6051807076164,60.50486817949115,79.59827596902953,4.46224614231396
4.666198826909562,124.8822837918391,28.106940255736063,71.8067167956142,28.087198928450974,46.755210205403706,17.219728113537805,2.748096338187266
1.6185837095370554,244.2284980523207,31.966494149272215,71.58949589398586,45.221160164967976,63.813264290484746,84.138641673314,3.8967449755941437
9.064948652048912,90.65211014606533,33.84399960120676,65.93241060342429,63.647458454488685,99.03128922316229,34.71081484302637,4.305009037156566
1.1619960972793757,38.20613319515036,26.27702852971061,53.832047376329456,53.56299014680858,99.27114346025735,16.372407172366373,3.728622600418108
8.455477790111384,86.14302540150902,33.62847958706048,48.31201524076933,110.23985118919809,47.532613746742115,63.05243696213686,3.648240764719789
2.791859879461616,160.6767165688045,17.39604250134453,38.6137653703466,21.055273342872237,43.03485403210543,30.41082727196187,3.1532868917132952
8.605582205040232,45.597225940596715,20.83186618632353,43.14048030620704,95.92829582365991,71.3397593844914,17.1862174712877,3.555938495099382
7.342528850098672,73.20166944007909,18.615317983924186,69.55640013732261,91.39803405732559,43.0911652827837,64.86052918848951,2.818074258063041
9.24926365198957,286.6182582130275,23.495948350775556,77.243924004689,120.20729766180047,80.0453418384624,18.869709259621573,4.749180479776485
8.767213254363817,163.33704601499858,23.604825646445512,84.91925606999025,23.534989181738,64.14813927670231,89.85047766760525,2.8006736859418355
7.160331473899888,252.2371430409953,24.348491583678815,39.61542187916817,56.56464752846802,27.953850062490048,97.23452348292238,4.582696602401953
1.940948819372824,85.78814229549928,26.64562228830068,79.77144309291293,107.59447934062658,47.33504378912462,76.4373097316477,4.47234667390922
5.715930538143989,53.90085713450996,25.908343386923043,67.8580878251623,109.63619498920716,87.72922438308741,35.889691761823286,4.290133075173466
3.7283665094417886,240.74797512289476,27.261798274965678,51.57240126165443,72.94761114804365,59.801795490681535,60.62869474576608,4.3708291202654665
8.91486853858403,124.18513372169467,33.81491661260799,74.91860098179548,74.64772066351149,73.8926852564228,12.824711843796894,3.7109478708929604
8.786170693520456,154.14719754653103,18.55041847578548,89.41447181961632,145.09430334575035,73.88656328155794,65.92595652132309,4.416008925389529
3.4833557977877527,297.8748368730048,23.767664380012597,55.86797027526059,55.671918186060715,53.393974487026334,33.74566859770752,4.908817418102247
6.88114600314095,115.4632554995402,15.003376051375447,69.50908504646145,31.01605756759112,36.59422397283472,50.95218537096457,3.2818918186541755
3.7137058570435273,157.7493639173975,15.705729746531523,49.34579296839067,143.39788909878814,63.670495582706174,26.098126251509644,4.11614675652435
6.942809706217534,201.3990595637957,30.16052370706457,46.27654437834649,123.34514005656288,20.17522565486118,98.78964986065489,4.054689833838698
6.331774921740006,54.04857079658855,36.90003879001611,43.20222023009216,43.18880998632323,63.76335578093186,28.66821030060863,3.0453329193096375
5.354005548294753,223.43666781394313,22.647742802312486,36.76844847226683,130.0159706054598,19.246477201466632,47.52415975446425,4.396797377562989
8.844857133642458,151.96737547425963,25.04738861600465,74.80957540029905,45.32219820862077,91.16182272116514,32.91406568619199,4.1641667496429395
2.8374775239813483,77.25390893410642,20.246910454436307,43.02774301491904,125.84264650634694,76.94843448322081,58.74288482275231,4.068896067752959
8.075933310839726,146.24630211912213,18.569991732490898,72.19501138991711,97.99878163469813,26.308898001659724,91.48079505386438,3.378499253319987
7.050323368236783,154.3803188524086,37.10245495471407,82.82848811687674,77.5612308624836,80.61943292477828,24.704961751760127,3.6858072211343496
